time_s,tp,tn,fp,fn,dr,fpr,precision,f1,mcc,atk_error_m,rsr,amsr,i_leak,mcar,nsd,detection_ms,consensus_ms,blocks,chain_valid
30.5000,65,189,11,15,0.8125,0.0550,0.8553,0.8333,0.7695,112.5000,0.1875,0.8125,0.1875,0.9450,0.9008,22.8484,7.0678,1,1
31.0000,56,193,7,24,0.7000,0.0350,0.8889,0.7832,0.7194,180.0000,0.3000,0.7000,0.3000,0.9650,0.8767,22.2782,7.0678,1,1
31.5000,53,190,10,27,0.6625,0.0500,0.8413,0.7413,0.6626,202.5000,0.3375,0.6625,0.3375,0.9500,0.8542,23.8702,7.0678,1,1
32.0000,58,189,11,22,0.7250,0.0550,0.8406,0.7785,0.7024,165.0000,0.2750,0.7250,0.2750,0.9450,0.8717,24.2052,7.0678,1,1
32.5000,56,193,7,24,0.7000,0.0350,0.8889,0.7832,0.7194,180.0000,0.3000,0.7000,0.3000,0.9650,0.8767,22.4306,7.0678,1,1
33.0000,60,192,8,20,0.7500,0.0400,0.8824,0.8108,0.7480,150.0000,0.2500,0.7500,0.2500,0.9600,0.8900,23.4509,7.0678,1,1
33.5000,51,196,4,29,0.6375,0.0200,0.9273,0.7556,0.7021,217.5000,0.3625,0.6375,0.3625,0.9800,0.8658,19.8032,7.0678,1,1
34.0000,54,184,16,26,0.6750,0.0800,0.7714,0.7200,0.6208,195.0000,0.3250,0.6750,0.3250,0.9200,0.8383,20.3456,7.0678,1,1
34.5000,57,191,9,23,0.7125,0.0450,0.8636,0.7808,0.7104,172.5000,0.2875,0.7125,0.2875,0.9550,0.8742,20.8802,7.0678,1,1
35.0000,59,190,10,21,0.7375,0.0500,0.8551,0.7919,0.7207,157.5000,0.2625,0.7375,0.2625,0.9500,0.8792,23.0047,7.0678,1,1
35.5000,58,187,13,22,0.7250,0.0650,0.8169,0.7682,0.6853,165.0000,0.2750,0.7250,0.2750,0.9350,0.8650,21.5588,7.0678,1,1
36.0000,58,192,8,22,0.7250,0.0400,0.8788,0.7945,0.7291,165.0000,0.2750,0.7250,0.2750,0.9600,0.8817,23.4328,7.0678,1,1
36.5000,54,185,15,26,0.6750,0.0750,0.7826,0.7248,0.6290,195.0000,0.3250,0.6750,0.3250,0.9250,0.8417,24.1839,3.5453,2,1
37.0000,56,191,9,24,0.7000,0.0450,0.8615,0.7724,0.7009,180.0000,0.3000,0.7000,0.3000,0.9550,0.8700,20.0375,3.5453,2,1
37.5000,52,192,8,28,0.6500,0.0400,0.8667,0.7429,0.6716,210.0000,0.3500,0.6500,0.3500,0.9600,0.8567,21.8537,3.5453,2,1
38.0000,59,190,10,21,0.7375,0.0500,0.8551,0.7919,0.7207,157.5000,0.2625,0.7375,0.2625,0.9500,0.8792,20.8166,3.5453,2,1
38.5000,66,192,8,14,0.8250,0.0400,0.8919,0.8571,0.8042,105.0000,0.1750,0.8250,0.1750,0.9600,0.9150,22.0645,2.3711,3,1
39.0000,53,192,8,27,0.6625,0.0400,0.8689,0.7518,0.6813,202.5000,0.3375,0.6625,0.3375,0.9600,0.8608,21.5375,2.3711,3,1
39.5000,54,186,14,26,0.6750,0.0700,0.7941,0.7297,0.6374,195.0000,0.3250,0.6750,0.3250,0.9300,0.8450,19.7277,2.3711,3,1
40.0000,56,193,7,24,0.7000,0.0350,0.8889,0.7832,0.7194,180.0000,0.3000,0.7000,0.3000,0.9650,0.8767,20.6749,2.3711,3,1
40.5000,54,195,5,26,0.6750,0.0250,0.9153,0.7770,0.7200,195.0000,0.3250,0.6750,0.3250,0.9750,0.8750,22.4676,2.3711,3,1
41.0000,57,191,9,23,0.7125,0.0450,0.8636,0.7808,0.7104,172.5000,0.2875,0.7125,0.2875,0.9550,0.8742,20.3045,2.3711,3,1
41.5000,59,192,8,21,0.7375,0.0400,0.8806,0.8027,0.7385,157.5000,0.2625,0.7375,0.2625,0.9600,0.8858,22.5995,2.3711,3,1
42.0000,55,185,15,25,0.6875,0.0750,0.7857,0.7333,0.6390,187.5000,0.3125,0.6875,0.3125,0.9250,0.8458,22.3148,2.3711,3,1
42.5000,51,185,15,29,0.6375,0.0750,0.7727,0.6986,0.5987,217.5000,0.3625,0.6375,0.3625,0.9250,0.8292,20.1000,1.7840,4,1
43.0000,55,194,6,25,0.6875,0.0300,0.9016,0.7801,0.7196,187.5000,0.3125,0.6875,0.3125,0.9700,0.8758,19.8379,1.7840,4,1
43.5000,51,191,9,29,0.6375,0.0450,0.8500,0.7286,0.6523,217.5000,0.3625,0.6375,0.3625,0.9550,0.8492,23.4779,1.7840,4,1
44.0000,62,190,10,18,0.7750,0.0500,0.8611,0.8158,0.7494,135.0000,0.2250,0.7750,0.2250,0.9500,0.8917,22.1698,1.7840,4,1
44.5000,60,188,12,20,0.7500,0.0600,0.8333,0.7895,0.7132,150.0000,0.2500,0.7500,0.2500,0.9400,0.8767,19.6779,1.4318,5,1
45.0000,53,185,15,27,0.6625,0.0750,0.7794,0.7162,0.6189,202.5000,0.3375,0.6625,0.3375,0.9250,0.8375,19.8132,1.4318,5,1
45.5000,63,194,6,17,0.7875,0.0300,0.9130,0.8456,0.7941,127.5000,0.2125,0.7875,0.2125,0.9700,0.9092,22.5363,1.4318,5,1
46.0000,60,193,7,20,0.7500,0.0350,0.8955,0.8163,0.7571,150.0000,0.2500,0.7500,0.2500,0.9650,0.8933,22.1234,1.4318,5,1
46.5000,53,181,19,27,0.6625,0.0950,0.7361,0.6974,0.5866,202.5000,0.3375,0.6625,0.3375,0.9050,0.8242,20.3066,1.4318,5,1
47.0000,56,192,8,24,0.7000,0.0400,0.8750,0.7778,0.7100,180.0000,0.3000,0.7000,0.3000,0.9600,0.8733,19.8251,1.4318,5,1
47.5000,56,187,13,24,0.7000,0.0650,0.8116,0.7517,0.6657,180.0000,0.3000,0.7000,0.3000,0.9350,0.8567,20.2906,1.4318,5,1
48.0000,50,189,11,30,0.6250,0.0550,0.8197,0.7092,0.6238,225.0000,0.3750,0.6250,0.3750,0.9450,0.8383,19.8796,1.4318,5,1
48.5000,58,189,11,22,0.7250,0.0550,0.8406,0.7785,0.7024,165.0000,0.2750,0.7250,0.2750,0.9450,0.8717,23.1291,1.1969,6,1
49.0000,58,187,13,22,0.7250,0.0650,0.8169,0.7682,0.6853,165.0000,0.2750,0.7250,0.2750,0.9350,0.8650,19.7073,1.1969,6,1
49.5000,54,193,7,26,0.6750,0.0350,0.8852,0.7660,0.7004,195.0000,0.3250,0.6750,0.3250,0.9650,0.8683,22.1892,1.1969,6,1
50.0000,51,187,13,29,0.6375,0.0650,0.7969,0.7083,0.6159,217.5000,0.3625,0.6375,0.3625,0.9350,0.8358,20.2685,1.1969,6,1
50.5000,55,185,15,25,0.6875,0.0750,0.7857,0.7333,0.6390,187.5000,0.3125,0.6875,0.3125,0.9250,0.8458,20.8078,1.1969,6,1
51.0000,52,190,10,28,0.6500,0.0500,0.8387,0.7324,0.6528,210.0000,0.3500,0.6500,0.3500,0.9500,0.8500,21.6780,1.1969,6,1
51.5000,57,182,18,23,0.7125,0.0900,0.7600,0.7355,0.6350,172.5000,0.2875,0.7125,0.2875,0.9100,0.8442,24.1663,1.1969,6,1
52.0000,44,187,13,36,0.5500,0.0650,0.7719,0.6423,0.5441,270.0000,0.4500,0.5500,0.4500,0.9350,0.8067,22.5312,1.1969,6,1
52.5000,58,195,5,22,0.7250,0.0250,0.9206,0.8112,0.7573,165.0000,0.2750,0.7250,0.2750,0.9750,0.8917,19.7218,1.1969,6,1
53.0000,58,190,10,22,0.7250,0.0500,0.8529,0.7838,0.7111,165.0000,0.2750,0.7250,0.2750,0.9500,0.8750,24.2542,1.1969,6,1
53.5000,66,189,11,14,0.8250,0.0550,0.8571,0.8408,0.7790,105.0000,0.1750,0.8250,0.1750,0.9450,0.9050,22.5517,1.0292,7,1
54.0000,48,189,11,32,0.6000,0.0550,0.8136,0.6906,0.6037,240.0000,0.4000,0.6000,0.4000,0.9450,0.8300,22.0741,1.0292,7,1
54.5000,53,193,7,27,0.6625,0.0350,0.8833,0.7571,0.6909,202.5000,0.3375,0.6625,0.3375,0.9650,0.8642,22.6680,0.9034,8,1
55.0000,49,187,13,31,0.6125,0.0650,0.7903,0.6901,0.5957,232.5000,0.3875,0.6125,0.3875,0.9350,0.8275,23.0167,0.9034,8,1
55.5000,59,190,10,21,0.7375,0.0500,0.8551,0.7919,0.7207,157.5000,0.2625,0.7375,0.2625,0.9500,0.8792,20.6975,0.9034,8,1
56.0000,48,188,12,32,0.6000,0.0600,0.8000,0.6857,0.5945,240.0000,0.4000,0.6000,0.4000,0.9400,0.8267,20.6877,0.9034,8,1
56.5000,54,186,14,26,0.6750,0.0700,0.7941,0.7297,0.6374,195.0000,0.3250,0.6750,0.3250,0.9300,0.8450,21.9762,0.9034,8,1
57.0000,60,194,6,20,0.7500,0.0300,0.9091,0.8219,0.7663,150.0000,0.2500,0.7500,0.2500,0.9700,0.8967,24.2800,0.9034,8,1
57.5000,58,192,8,22,0.7250,0.0400,0.8788,0.7945,0.7291,165.0000,0.2750,0.7250,0.2750,0.9600,0.8817,23.9975,0.9034,8,1
58.0000,52,188,12,28,0.6500,0.0600,0.8125,0.7222,0.6347,210.0000,0.3500,0.6500,0.3500,0.9400,0.8433,21.9474,0.9034,8,1
58.5000,52,192,8,28,0.6500,0.0400,0.8667,0.7429,0.6716,210.0000,0.3500,0.6500,0.3500,0.9600,0.8567,22.8521,0.9034,8,1
59.0000,54,189,11,26,0.6750,0.0550,0.8308,0.7448,0.6634,195.0000,0.3250,0.6750,0.3250,0.9450,0.8550,20.8371,0.9034,8,1
59.5000,57,190,10,23,0.7125,0.0500,0.8507,0.7755,0.7015,172.5000,0.2875,0.7125,0.2875,0.9500,0.8708,22.3898,0.8055,9,1
60.0000,56,192,8,24,0.7000,0.0400,0.8750,0.7778,0.7100,180.0000,0.3000,0.7000,0.3000,0.9600,0.8733,22.8026,0.8055,9,1
60.5000,61,194,6,19,0.7625,0.0300,0.9104,0.8299,0.7756,142.5000,0.2375,0.7625,0.2375,0.9700,0.9008,21.0118,0.7273,10,1
61.0000,55,194,6,25,0.6875,0.0300,0.9016,0.7801,0.7196,187.5000,0.3125,0.6875,0.3125,0.9700,0.8758,22.8129,0.7273,10,1
61.5000,57,188,12,23,0.7125,0.0600,0.8261,0.7651,0.6840,172.5000,0.2875,0.7125,0.2875,0.9400,0.8642,20.3106,0.7273,10,1
62.0000,63,196,4,17,0.7875,0.0200,0.9403,0.8571,0.8127,127.5000,0.2125,0.7875,0.2125,0.9800,0.9158,24.1598,0.7273,10,1
62.5000,55,191,9,25,0.6875,0.0450,0.8594,0.7639,0.6912,187.5000,0.3125,0.6875,0.3125,0.9550,0.8658,19.8088,0.7273,10,1
63.0000,58,192,8,22,0.7250,0.0400,0.8788,0.7945,0.7291,165.0000,0.2750,0.7250,0.2750,0.9600,0.8817,21.4130,0.7273,10,1
63.5000,52,189,11,28,0.6500,0.0550,0.8254,0.7273,0.6437,210.0000,0.3500,0.6500,0.3500,0.9450,0.8467,21.8935,0.7273,10,1
64.0000,45,193,7,35,0.5625,0.0350,0.8654,0.6818,0.6128,262.5000,0.4375,0.5625,0.4375,0.9650,0.8308,24.1492,0.7273,10,1
64.5000,56,192,8,24,0.7000,0.0400,0.8750,0.7778,0.7100,180.0000,0.3000,0.7000,0.3000,0.9600,0.8733,23.9054,0.7273,10,1
65.0000,57,191,9,23,0.7125,0.0450,0.8636,0.7808,0.7104,172.5000,0.2875,0.7125,0.2875,0.9550,0.8742,20.0348,0.7273,10,1
65.5000,51,185,15,29,0.6375,0.0750,0.7727,0.6986,0.5987,217.5000,0.3625,0.6375,0.3625,0.9250,0.8292,20.1784,0.7273,10,1
66.0000,57,191,9,23,0.7125,0.0450,0.8636,0.7808,0.7104,172.5000,0.2875,0.7125,0.2875,0.9550,0.8742,19.7463,0.7273,10,1
66.5000,60,194,6,20,0.7500,0.0300,0.9091,0.8219,0.7663,150.0000,0.2500,0.7500,0.2500,0.9700,0.8967,24.3155,0.6632,11,1
67.0000,55,189,11,25,0.6875,0.0550,0.8333,0.7534,0.6732,187.5000,0.3125,0.6875,0.3125,0.9450,0.8592,23.2428,0.6632,11,1
67.5000,48,192,8,32,0.6000,0.0400,0.8571,0.7059,0.6325,240.0000,0.4000,0.6000,0.4000,0.9600,0.8400,20.2817,0.6632,11,1
68.0000,55,193,7,25,0.6875,0.0350,0.8871,0.7746,0.7099,187.5000,0.3125,0.6875,0.3125,0.9650,0.8725,19.7297,0.6632,11,1
68.5000,66,192,8,14,0.8250,0.0400,0.8919,0.8571,0.8042,105.0000,0.1750,0.8250,0.1750,0.9600,0.9150,23.8437,0.6108,12,1
69.0000,56,184,16,24,0.7000,0.0800,0.7778,0.7368,0.6408,180.0000,0.3000,0.7000,0.3000,0.9200,0.8467,20.1822,0.6108,12,1
69.5000,53,187,13,27,0.6625,0.0650,0.8030,0.7260,0.6359,202.5000,0.3375,0.6625,0.3375,0.9350,0.8442,19.7024,0.6108,12,1
70.0000,55,189,11,25,0.6875,0.0550,0.8333,0.7534,0.6732,187.5000,0.3125,0.6875,0.3125,0.9450,0.8592,22.2218,0.6108,12,1
70.5000,61,190,10,19,0.7625,0.0500,0.8592,0.8079,0.7398,142.5000,0.2375,0.7625,0.2375,0.9500,0.8875,23.3178,0.6108,12,1
71.0000,55,181,19,25,0.6875,0.0950,0.7432,0.7143,0.6070,187.5000,0.3125,0.6875,0.3125,0.9050,0.8325,20.2921,0.6108,12,1
71.5000,62,187,13,18,0.7750,0.0650,0.8267,0.8000,0.7243,135.0000,0.2250,0.7750,0.2250,0.9350,0.8817,23.4045,0.6108,12,1
72.0000,54,189,11,26,0.6750,0.0550,0.8308,0.7448,0.6634,195.0000,0.3250,0.6750,0.3250,0.9450,0.8550,20.6896,0.6108,12,1
72.5000,46,194,6,34,0.5750,0.0300,0.8846,0.6970,0.6331,255.0000,0.4250,0.5750,0.4250,0.9700,0.8383,19.8016,0.5655,13,1
73.0000,53,189,11,27,0.6625,0.0550,0.8281,0.7361,0.6536,202.5000,0.3375,0.6625,0.3375,0.9450,0.8508,24.1233,0.5655,13,1
73.5000,58,189,11,22,0.7250,0.0550,0.8406,0.7785,0.7024,165.0000,0.2750,0.7250,0.2750,0.9450,0.8717,21.4049,0.5655,13,1
74.0000,59,191,9,21,0.7375,0.0450,0.8676,0.7973,0.7296,157.5000,0.2625,0.7375,0.2625,0.9550,0.8825,23.3730,0.5655,13,1
74.5000,58,190,10,22,0.7250,0.0500,0.8529,0.7838,0.7111,165.0000,0.2750,0.7250,0.2750,0.9500,0.8750,21.5333,0.5268,14,1
75.0000,56,189,11,24,0.7000,0.0550,0.8358,0.7619,0.6830,180.0000,0.3000,0.7000,0.3000,0.9450,0.8633,22.4177,0.5268,14,1
75.5000,48,191,9,32,0.6000,0.0450,0.8421,0.7007,0.6227,240.0000,0.4000,0.6000,0.4000,0.9550,0.8367,24.0108,0.5268,14,1
76.0000,52,191,9,28,0.6500,0.0450,0.8525,0.7376,0.6621,210.0000,0.3500,0.6500,0.3500,0.9550,0.8533,22.0999,0.5268,14,1
76.5000,60,191,9,20,0.7500,0.0450,0.8696,0.8054,0.7391,150.0000,0.2500,0.7500,0.2500,0.9550,0.8867,22.9345,0.5268,14,1
77.0000,55,189,11,25,0.6875,0.0550,0.8333,0.7534,0.6732,187.5000,0.3125,0.6875,0.3125,0.9450,0.8592,22.2286,0.5268,14,1
77.5000,59,195,5,21,0.7375,0.0250,0.9219,0.8194,0.7665,157.5000,0.2625,0.7375,0.2625,0.9750,0.8958,23.5350,0.5268,14,1
78.0000,56,188,12,24,0.7000,0.0600,0.8235,0.7568,0.6742,180.0000,0.3000,0.7000,0.3000,0.9400,0.8600,21.4602,0.5268,14,1
78.5000,52,191,9,28,0.6500,0.0450,0.8525,0.7376,0.6621,210.0000,0.3500,0.6500,0.3500,0.9550,0.8533,20.7412,0.4932,15,1
79.0000,55,192,8,25,0.6875,0.0400,0.8730,0.7692,0.7005,187.5000,0.3125,0.6875,0.3125,0.9600,0.8692,21.9926,0.4932,15,1
79.5000,59,192,8,21,0.7375,0.0400,0.8806,0.8027,0.7385,157.5000,0.2625,0.7375,0.2625,0.9600,0.8858,20.5599,0.4932,15,1
80.0000,61,190,10,19,0.7625,0.0500,0.8592,0.8079,0.7398,142.5000,0.2375,0.7625,0.2375,0.9500,0.8875,20.0230,0.4932,15,1
80.5000,53,187,13,27,0.6625,0.0650,0.8030,0.7260,0.6359,202.5000,0.3375,0.6625,0.3375,0.9350,0.8442,21.5838,0.4932,15,1
81.0000,57,193,7,23,0.7125,0.0350,0.8906,0.7917,0.7289,172.5000,0.2875,0.7125,0.2875,0.9650,0.8808,19.9147,0.4932,15,1
81.5000,54,188,12,26,0.6750,0.0600,0.8182,0.7397,0.6546,195.0000,0.3250,0.6750,0.3250,0.9400,0.8517,20.8008,0.4932,15,1
82.0000,61,192,8,19,0.7625,0.0400,0.8841,0.8188,0.7574,142.5000,0.2375,0.7625,0.2375,0.9600,0.8942,22.2498,0.4932,15,1
82.5000,56,190,10,24,0.7000,0.0500,0.8485,0.7671,0.6918,180.0000,0.3000,0.7000,0.3000,0.9500,0.8667,23.3355,0.4932,15,1
83.0000,53,192,8,27,0.6625,0.0400,0.8689,0.7518,0.6813,202.5000,0.3375,0.6625,0.3375,0.9600,0.8608,21.0854,0.4932,15,1
83.5000,57,194,6,23,0.7125,0.0300,0.9048,0.7972,0.7384,172.5000,0.2875,0.7125,0.2875,0.9700,0.8842,20.0432,0.4638,16,1
84.0000,59,196,4,21,0.7375,0.0200,0.9365,0.8252,0.7762,157.5000,0.2625,0.7375,0.2625,0.9800,0.8992,22.0748,0.4638,16,1
84.5000,54,193,7,26,0.6750,0.0350,0.8852,0.7660,0.7004,195.0000,0.3250,0.6750,0.3250,0.9650,0.8683,20.9292,0.4378,17,1
85.0000,55,194,6,25,0.6875,0.0300,0.9016,0.7801,0.7196,187.5000,0.3125,0.6875,0.3125,0.9700,0.8758,19.7533,0.4378,17,1
85.5000,51,196,4,29,0.6375,0.0200,0.9273,0.7556,0.7021,217.5000,0.3625,0.6375,0.3625,0.9800,0.8658,22.9911,0.4378,17,1
86.0000,53,194,6,27,0.6625,0.0300,0.8983,0.7626,0.7006,202.5000,0.3375,0.6625,0.3375,0.9700,0.8675,19.6179,0.4378,17,1
86.5000,53,188,12,27,0.6625,0.0600,0.8154,0.7310,0.6447,202.5000,0.3375,0.6625,0.3375,0.9400,0.8475,23.4138,0.4378,17,1
87.0000,46,192,8,34,0.5750,0.0400,0.8519,0.6866,0.6126,255.0000,0.4250,0.5750,0.4250,0.9600,0.8317,21.5456,0.4378,17,1
87.5000,60,192,8,20,0.7500,0.0400,0.8824,0.8108,0.7480,150.0000,0.2500,0.7500,0.2500,0.9600,0.8900,19.8678,0.4378,17,1
88.0000,49,188,12,31,0.6125,0.0600,0.8033,0.6950,0.6047,232.5000,0.3875,0.6125,0.3875,0.9400,0.8308,22.6425,0.4378,17,1
88.5000,65,190,10,15,0.8125,0.0500,0.8667,0.8387,0.7778,112.5000,0.1875,0.8125,0.1875,0.9500,0.9042,21.2031,0.4378,17,1
89.0000,51,195,5,29,0.6375,0.0250,0.9107,0.7500,0.6917,217.5000,0.3625,0.6375,0.3625,0.9750,0.8625,22.5879,0.4378,17,1
89.5000,58,191,9,22,0.7250,0.0450,0.8657,0.7891,0.7200,165.0000,0.2750,0.7250,0.2750,0.9550,0.8783,20.0279,0.4148,18,1
90.0000,62,185,15,18,0.7750,0.0750,0.8052,0.7898,0.7082,135.0000,0.2250,0.7750,0.2250,0.9250,0.8750,19.8385,0.4148,18,1
90.5000,57,188,12,23,0.7125,0.0600,0.8261,0.7651,0.6840,172.5000,0.2875,0.7125,0.2875,0.9400,0.8642,20.1855,0.3941,19,1
91.0000,56,189,11,24,0.7000,0.0550,0.8358,0.7619,0.6830,180.0000,0.3000,0.7000,0.3000,0.9450,0.8633,22.3688,0.3941,19,1
91.5000,55,189,11,25,0.6875,0.0550,0.8333,0.7534,0.6732,187.5000,0.3125,0.6875,0.3125,0.9450,0.8592,20.9813,0.3941,19,1
92.0000,57,192,8,23,0.7125,0.0400,0.8769,0.7862,0.7196,172.5000,0.2875,0.7125,0.2875,0.9600,0.8775,20.3905,0.3941,19,1
92.5000,48,193,7,32,0.6000,0.0350,0.8727,0.7111,0.6424,240.0000,0.4000,0.6000,0.4000,0.9650,0.8433,21.6884,0.3941,19,1
93.0000,59,192,8,21,0.7375,0.0400,0.8806,0.8027,0.7385,157.5000,0.2625,0.7375,0.2625,0.9600,0.8858,20.2213,0.3941,19,1
93.5000,63,189,11,17,0.7875,0.0550,0.8514,0.8182,0.7504,127.5000,0.2125,0.7875,0.2125,0.9450,0.8925,21.8096,0.3941,19,1
94.0000,58,195,5,22,0.7250,0.0250,0.9206,0.8112,0.7573,165.0000,0.2750,0.7250,0.2750,0.9750,0.8917,21.8935,0.3941,19,1
94.5000,58,193,7,22,0.7250,0.0350,0.8923,0.8000,0.7383,165.0000,0.2750,0.7250,0.2750,0.9650,0.8850,22.8947,0.3941,19,1
95.0000,56,185,15,24,0.7000,0.0750,0.7887,0.7417,0.6490,180.0000,0.3000,0.7000,0.3000,0.9250,0.8500,20.9508,0.3941,19,1
95.5000,58,186,14,22,0.7250,0.0700,0.8056,0.7632,0.6770,165.0000,0.2750,0.7250,0.2750,0.9300,0.8617,19.8685,0.3941,19,1
96.0000,55,190,10,25,0.6875,0.0500,0.8462,0.7586,0.6821,187.5000,0.3125,0.6875,0.3125,0.9500,0.8625,24.3711,0.3941,19,1
96.5000,51,189,11,29,0.6375,0.0550,0.8226,0.7183,0.6338,217.5000,0.3625,0.6375,0.3625,0.9450,0.8425,20.7950,0.3756,20,1
97.0000,55,191,9,25,0.6875,0.0450,0.8594,0.7639,0.6912,187.5000,0.3125,0.6875,0.3125,0.9550,0.8658,21.8477,0.3756,20,1
97.5000,56,196,4,24,0.7000,0.0200,0.9333,0.8000,0.7487,180.0000,0.3000,0.7000,0.3000,0.9800,0.8867,21.9256,0.3756,20,1
98.0000,58,185,15,22,0.7250,0.0750,0.7945,0.7582,0.6688,165.0000,0.2750,0.7250,0.2750,0.9250,0.8583,24.2900,0.3756,20,1
98.5000,58,195,5,22,0.7250,0.0250,0.9206,0.8112,0.7573,165.0000,0.2750,0.7250,0.2750,0.9750,0.8917,20.7191,0.3588,21,1
99.0000,61,195,5,19,0.7625,0.0250,0.9242,0.8356,0.7850,142.5000,0.2375,0.7625,0.2375,0.9750,0.9042,22.6940,0.3588,21,1
99.5000,56,193,7,24,0.7000,0.0350,0.8889,0.7832,0.7194,180.0000,0.3000,0.7000,0.3000,0.9650,0.8767,21.4920,0.3588,21,1
100.0000,53,189,11,27,0.6625,0.0550,0.8281,0.7361,0.6536,202.5000,0.3375,0.6625,0.3375,0.9450,0.8508,20.1311,0.3588,21,1
100.5000,57,187,13,23,0.7125,0.0650,0.8143,0.7600,0.6755,172.5000,0.2875,0.7125,0.2875,0.9350,0.8608,22.8146,0.3588,21,1
101.0000,51,189,11,29,0.6375,0.0550,0.8226,0.7183,0.6338,217.5000,0.3625,0.6375,0.3625,0.9450,0.8425,20.3091,0.3588,21,1
101.5000,54,194,6,26,0.6750,0.0300,0.9000,0.7714,0.7101,195.0000,0.3250,0.6750,0.3250,0.9700,0.8717,24.0588,0.3588,21,1
102.0000,59,189,11,21,0.7375,0.0550,0.8429,0.7867,0.7120,157.5000,0.2625,0.7375,0.2625,0.9450,0.8758,22.1486,0.3588,21,1
102.5000,56,191,9,24,0.7000,0.0450,0.8615,0.7724,0.7009,180.0000,0.3000,0.7000,0.3000,0.9550,0.8700,23.8110,0.3435,22,1
103.0000,56,188,12,24,0.7000,0.0600,0.8235,0.7568,0.6742,180.0000,0.3000,0.7000,0.3000,0.9400,0.8600,24.1214,0.3435,22,1
103.5000,53,195,5,27,0.6625,0.0250,0.9138,0.7681,0.7106,202.5000,0.3375,0.6625,0.3375,0.9750,0.8708,22.6924,0.3435,22,1
104.0000,60,189,11,20,0.7500,0.0550,0.8451,0.7947,0.7217,150.0000,0.2500,0.7500,0.2500,0.9450,0.8800,23.8418,0.3435,22,1
104.5000,54,188,12,26,0.6750,0.0600,0.8182,0.7397,0.6546,195.0000,0.3250,0.6750,0.3250,0.9400,0.8517,19.8376,0.3300,23,1
105.0000,54,187,13,26,0.6750,0.0650,0.8060,0.7347,0.6459,195.0000,0.3250,0.6750,0.3250,0.9350,0.8483,20.3182,0.3300,23,1
105.5000,56,188,12,24,0.7000,0.0600,0.8235,0.7568,0.6742,180.0000,0.3000,0.7000,0.3000,0.9400,0.8600,19.9731,0.3300,23,1
106.0000,58,192,8,22,0.7250,0.0400,0.8788,0.7945,0.7291,165.0000,0.2750,0.7250,0.2750,0.9600,0.8817,22.0800,0.3300,23,1
106.5000,61,193,7,19,0.7625,0.0350,0.8971,0.8243,0.7664,142.5000,0.2375,0.7625,0.2375,0.9650,0.8975,19.6922,0.3300,23,1
107.0000,56,184,16,24,0.7000,0.0800,0.7778,0.7368,0.6408,180.0000,0.3000,0.7000,0.3000,0.9200,0.8467,22.8279,0.3300,23,1
107.5000,61,188,12,19,0.7625,0.0600,0.8356,0.7974,0.7229,142.5000,0.2375,0.7625,0.2375,0.9400,0.8808,21.5554,0.3300,23,1
108.0000,52,190,10,28,0.6500,0.0500,0.8387,0.7324,0.6528,210.0000,0.3500,0.6500,0.3500,0.9500,0.8500,21.3743,0.3300,23,1
108.5000,53,189,11,27,0.6625,0.0550,0.8281,0.7361,0.6536,202.5000,0.3375,0.6625,0.3375,0.9450,0.8508,23.6389,0.3172,24,1
109.0000,58,191,9,22,0.7250,0.0450,0.8657,0.7891,0.7200,165.0000,0.2750,0.7250,0.2750,0.9550,0.8783,20.7943,0.3172,24,1
109.5000,61,191,9,19,0.7625,0.0450,0.8714,0.8133,0.7486,142.5000,0.2375,0.7625,0.2375,0.9550,0.8908,21.8788,0.3172,24,1
110.0000,53,188,12,27,0.6625,0.0600,0.8154,0.7310,0.6447,202.5000,0.3375,0.6625,0.3375,0.9400,0.8475,20.5431,0.3172,24,1
110.5000,52,184,16,28,0.6500,0.0800,0.7647,0.7027,0.6005,210.0000,0.3500,0.6500,0.3500,0.9200,0.8300,21.2814,0.3172,24,1
111.0000,66,192,8,14,0.8250,0.0400,0.8919,0.8571,0.8042,105.0000,0.1750,0.8250,0.1750,0.9600,0.9150,24.1756,0.3172,24,1
111.5000,48,193,7,32,0.6000,0.0350,0.8727,0.7111,0.6424,240.0000,0.4000,0.6000,0.4000,0.9650,0.8433,20.7006,0.3172,24,1
112.0000,58,191,9,22,0.7250,0.0450,0.8657,0.7891,0.7200,165.0000,0.2750,0.7250,0.2750,0.9550,0.8783,22.9216,0.3172,24,1
112.5000,60,191,9,20,0.7500,0.0450,0.8696,0.8054,0.7391,150.0000,0.2500,0.7500,0.2500,0.9550,0.8867,22.9511,0.3172,24,1
113.0000,57,193,7,23,0.7125,0.0350,0.8906,0.7917,0.7289,172.5000,0.2875,0.7125,0.2875,0.9650,0.8808,23.7328,0.3172,24,1
113.5000,72,191,9,8,0.9000,0.0450,0.8889,0.8944,0.8518,60.0000,0.1000,0.9000,0.1000,0.9550,0.9367,22.3048,0.3054,25,1
114.0000,60,190,10,20,0.7500,0.0500,0.8571,0.8000,0.7303,150.0000,0.2500,0.7500,0.2500,0.9500,0.8833,24.1937,0.3054,25,1
114.5000,54,188,12,26,0.6750,0.0600,0.8182,0.7397,0.6546,195.0000,0.3250,0.6750,0.3250,0.9400,0.8517,22.6583,0.2946,26,1
115.0000,58,194,6,22,0.7250,0.0300,0.9062,0.8056,0.7477,165.0000,0.2750,0.7250,0.2750,0.9700,0.8883,21.4821,0.2946,26,1
115.5000,62,190,10,18,0.7750,0.0500,0.8611,0.8158,0.7494,135.0000,0.2250,0.7750,0.2250,0.9500,0.8917,23.5208,0.2946,26,1
116.0000,53,194,6,27,0.6625,0.0300,0.8983,0.7626,0.7006,202.5000,0.3375,0.6625,0.3375,0.9700,0.8675,20.0115,0.2946,26,1
116.5000,63,194,6,17,0.7875,0.0300,0.9130,0.8456,0.7941,127.5000,0.2125,0.7875,0.2125,0.9700,0.9092,21.2119,0.2946,26,1
117.0000,58,188,12,22,0.7250,0.0600,0.8286,0.7733,0.6938,165.0000,0.2750,0.7250,0.2750,0.9400,0.8683,22.5964,0.2946,26,1
117.5000,56,188,12,24,0.7000,0.0600,0.8235,0.7568,0.6742,180.0000,0.3000,0.7000,0.3000,0.9400,0.8600,23.4421,0.2946,26,1
118.0000,52,189,11,28,0.6500,0.0550,0.8254,0.7273,0.6437,210.0000,0.3500,0.6500,0.3500,0.9450,0.8467,22.3716,0.2946,26,1
118.5000,48,191,9,32,0.6000,0.0450,0.8421,0.7007,0.6227,240.0000,0.4000,0.6000,0.4000,0.9550,0.8367,23.9080,0.2946,26,1
