time_s,tp,tn,fp,fn,dr,fpr,precision,f1,mcc,atk_error_m,rsr,amsr,i_leak,mcar,nsd,detection_ms,trust_score,cnn_conf
30.5000,60,188,12,20,0.7500,0.0600,0.8333,0.7895,0.7132,150.0000,0.2500,0.7500,0.2500,0.9400,0.8767,23.1576,0.6131,0.4231
31.0000,63,187,13,17,0.7875,0.0650,0.8289,0.8077,0.7340,127.5000,0.2125,0.7875,0.2125,0.9350,0.8858,23.2738,0.6286,0.4386
31.5000,57,190,10,23,0.7125,0.0500,0.8507,0.7755,0.7015,172.5000,0.2875,0.7125,0.2875,0.9500,0.8708,27.8849,0.6223,0.4323
32.0000,50,188,12,30,0.6250,0.0600,0.8065,0.7042,0.6147,225.0000,0.3750,0.6250,0.3750,0.9400,0.8350,24.0021,0.6363,0.4463
32.5000,60,190,10,20,0.7500,0.0500,0.8571,0.8000,0.7303,150.0000,0.2500,0.7500,0.2500,0.9500,0.8833,25.9708,0.6195,0.4295
33.0000,62,191,9,18,0.7750,0.0450,0.8732,0.8212,0.7580,135.0000,0.2250,0.7750,0.2250,0.9550,0.8950,22.4204,0.6129,0.4229
33.5000,62,190,10,18,0.7750,0.0500,0.8611,0.8158,0.7494,135.0000,0.2250,0.7750,0.2250,0.9500,0.8917,24.5592,0.6161,0.4261
34.0000,56,189,11,24,0.7000,0.0550,0.8358,0.7619,0.6830,180.0000,0.3000,0.7000,0.3000,0.9450,0.8633,24.8666,0.6197,0.4297
34.5000,57,187,13,23,0.7125,0.0650,0.8143,0.7600,0.6755,172.5000,0.2875,0.7125,0.2875,0.9350,0.8608,25.4039,0.6146,0.4246
35.0000,62,191,9,18,0.7750,0.0450,0.8732,0.8212,0.7580,135.0000,0.2250,0.7750,0.2250,0.9550,0.8950,25.2485,0.6368,0.4468
35.5000,54,191,9,26,0.6750,0.0450,0.8571,0.7552,0.6816,195.0000,0.3250,0.6750,0.3250,0.9550,0.8617,24.4454,0.6297,0.4397
36.0000,57,192,8,23,0.7125,0.0400,0.8769,0.7862,0.7196,172.5000,0.2875,0.7125,0.2875,0.9600,0.8775,27.2367,0.6264,0.4364
36.5000,58,195,5,22,0.7250,0.0250,0.9206,0.8112,0.7573,165.0000,0.2750,0.7250,0.2750,0.9750,0.8917,24.3211,0.6189,0.4289
37.0000,59,184,16,21,0.7375,0.0800,0.7867,0.7613,0.6707,157.5000,0.2625,0.7375,0.2625,0.9200,0.8592,23.8276,0.6411,0.4511
37.5000,58,191,9,22,0.7250,0.0450,0.8657,0.7891,0.7200,165.0000,0.2750,0.7250,0.2750,0.9550,0.8783,22.3720,0.6454,0.4554
38.0000,49,188,12,31,0.6125,0.0600,0.8033,0.6950,0.6047,232.5000,0.3875,0.6125,0.3875,0.9400,0.8308,26.0671,0.6211,0.4311
38.5000,59,188,12,21,0.7375,0.0600,0.8310,0.7815,0.7035,157.5000,0.2625,0.7375,0.2625,0.9400,0.8725,24.2787,0.6473,0.4573
39.0000,61,190,10,19,0.7625,0.0500,0.8592,0.8079,0.7398,142.5000,0.2375,0.7625,0.2375,0.9500,0.8875,27.1313,0.6185,0.4285
39.5000,44,192,8,36,0.5500,0.0400,0.8462,0.6667,0.5925,270.0000,0.4500,0.5500,0.4500,0.9600,0.8233,25.6176,0.6484,0.4584
40.0000,54,188,12,26,0.6750,0.0600,0.8182,0.7397,0.6546,195.0000,0.3250,0.6750,0.3250,0.9400,0.8517,26.6679,0.6396,0.4496
40.5000,57,192,8,23,0.7125,0.0400,0.8769,0.7862,0.7196,172.5000,0.2875,0.7125,0.2875,0.9600,0.8775,26.6553,0.6331,0.4431
41.0000,55,193,7,25,0.6875,0.0350,0.8871,0.7746,0.7099,187.5000,0.3125,0.6875,0.3125,0.9650,0.8725,23.2306,0.6310,0.4410
41.5000,57,185,15,23,0.7125,0.0750,0.7917,0.7500,0.6589,172.5000,0.2875,0.7125,0.2875,0.9250,0.8542,24.1888,0.6274,0.4374
42.0000,59,187,13,21,0.7375,0.0650,0.8194,0.7763,0.6951,157.5000,0.2625,0.7375,0.2625,0.9350,0.8692,23.1416,0.6402,0.4502
42.5000,60,183,17,20,0.7500,0.0850,0.7792,0.7643,0.6728,150.0000,0.2500,0.7500,0.2500,0.9150,0.8600,24.3003,0.6128,0.4228
43.0000,59,192,8,21,0.7375,0.0400,0.8806,0.8027,0.7385,157.5000,0.2625,0.7375,0.2625,0.9600,0.8858,25.2517,0.6294,0.4394
43.5000,56,186,14,24,0.7000,0.0700,0.8000,0.7467,0.6573,180.0000,0.3000,0.7000,0.3000,0.9300,0.8533,22.9409,0.6223,0.4323
44.0000,60,188,12,20,0.7500,0.0600,0.8333,0.7895,0.7132,150.0000,0.2500,0.7500,0.2500,0.9400,0.8767,26.6441,0.6492,0.4592
44.5000,55,190,10,25,0.6875,0.0500,0.8462,0.7586,0.6821,187.5000,0.3125,0.6875,0.3125,0.9500,0.8625,26.7206,0.6352,0.4452
45.0000,54,187,13,26,0.6750,0.0650,0.8060,0.7347,0.6459,195.0000,0.3250,0.6750,0.3250,0.9350,0.8483,24.6791,0.6129,0.4229
45.5000,61,192,8,19,0.7625,0.0400,0.8841,0.8188,0.7574,142.5000,0.2375,0.7625,0.2375,0.9600,0.8942,27.9742,0.6301,0.4401
46.0000,57,192,8,23,0.7125,0.0400,0.8769,0.7862,0.7196,172.5000,0.2875,0.7125,0.2875,0.9600,0.8775,22.7153,0.6213,0.4313
46.5000,57,193,7,23,0.7125,0.0350,0.8906,0.7917,0.7289,172.5000,0.2875,0.7125,0.2875,0.9650,0.8808,27.9594,0.6255,0.4355
47.0000,60,191,9,20,0.7500,0.0450,0.8696,0.8054,0.7391,150.0000,0.2500,0.7500,0.2500,0.9550,0.8867,27.7714,0.6352,0.4452
47.5000,64,189,11,16,0.8000,0.0550,0.8533,0.8258,0.7600,120.0000,0.2000,0.8000,0.2000,0.9450,0.8967,24.6485,0.6287,0.4387
48.0000,54,189,11,26,0.6750,0.0550,0.8308,0.7448,0.6634,195.0000,0.3250,0.6750,0.3250,0.9450,0.8550,22.3938,0.6428,0.4528
48.5000,60,190,10,20,0.7500,0.0500,0.8571,0.8000,0.7303,150.0000,0.2500,0.7500,0.2500,0.9500,0.8833,26.3628,0.6204,0.4304
49.0000,57,189,11,23,0.7125,0.0550,0.8382,0.7703,0.6927,172.5000,0.2875,0.7125,0.2875,0.9450,0.8675,24.0767,0.6336,0.4436
49.5000,61,190,10,19,0.7625,0.0500,0.8592,0.8079,0.7398,142.5000,0.2375,0.7625,0.2375,0.9500,0.8875,23.3196,0.6157,0.4257
50.0000,56,190,10,24,0.7000,0.0500,0.8485,0.7671,0.6918,180.0000,0.3000,0.7000,0.3000,0.9500,0.8667,26.2214,0.6153,0.4253
50.5000,58,191,9,22,0.7250,0.0450,0.8657,0.7891,0.7200,165.0000,0.2750,0.7250,0.2750,0.9550,0.8783,22.9431,0.6482,0.4582
51.0000,48,194,6,32,0.6000,0.0300,0.8889,0.7164,0.6527,240.0000,0.4000,0.6000,0.4000,0.9700,0.8467,27.3263,0.6446,0.4546
51.5000,48,187,13,32,0.6000,0.0650,0.7869,0.6809,0.5855,240.0000,0.4000,0.6000,0.4000,0.9350,0.8233,27.3362,0.6278,0.4378
52.0000,57,188,12,23,0.7125,0.0600,0.8261,0.7651,0.6840,172.5000,0.2875,0.7125,0.2875,0.9400,0.8642,23.4675,0.6127,0.4227
52.5000,61,190,10,19,0.7625,0.0500,0.8592,0.8079,0.7398,142.5000,0.2375,0.7625,0.2375,0.9500,0.8875,25.6962,0.6363,0.4463
53.0000,47,190,10,33,0.5875,0.0500,0.8246,0.6861,0.6030,247.5000,0.4125,0.5875,0.4125,0.9500,0.8292,23.6943,0.6218,0.4318
53.5000,62,190,10,18,0.7750,0.0500,0.8611,0.8158,0.7494,135.0000,0.2250,0.7750,0.2250,0.9500,0.8917,26.9644,0.6152,0.4252
54.0000,59,190,10,21,0.7375,0.0500,0.8551,0.7919,0.7207,157.5000,0.2625,0.7375,0.2625,0.9500,0.8792,22.6318,0.6154,0.4254
54.5000,61,189,11,19,0.7625,0.0550,0.8472,0.8026,0.7313,142.5000,0.2375,0.7625,0.2375,0.9450,0.8842,27.9395,0.6346,0.4446
55.0000,52,188,12,28,0.6500,0.0600,0.8125,0.7222,0.6347,210.0000,0.3500,0.6500,0.3500,0.9400,0.8433,26.3546,0.6180,0.4280
55.5000,58,191,9,22,0.7250,0.0450,0.8657,0.7891,0.7200,165.0000,0.2750,0.7250,0.2750,0.9550,0.8783,27.8981,0.6406,0.4506
56.0000,55,192,8,25,0.6875,0.0400,0.8730,0.7692,0.7005,187.5000,0.3125,0.6875,0.3125,0.9600,0.8692,23.1176,0.6241,0.4341
56.5000,52,191,9,28,0.6500,0.0450,0.8525,0.7376,0.6621,210.0000,0.3500,0.6500,0.3500,0.9550,0.8533,22.5682,0.6196,0.4296
57.0000,64,190,10,16,0.8000,0.0500,0.8649,0.8312,0.7684,120.0000,0.2000,0.8000,0.2000,0.9500,0.9000,23.1761,0.6239,0.4339
57.5000,57,189,11,23,0.7125,0.0550,0.8382,0.7703,0.6927,172.5000,0.2875,0.7125,0.2875,0.9450,0.8675,22.4883,0.6200,0.4300
58.0000,47,190,10,33,0.5875,0.0500,0.8246,0.6861,0.6030,247.5000,0.4125,0.5875,0.4125,0.9500,0.8292,23.8759,0.6124,0.4224
58.5000,61,189,11,19,0.7625,0.0550,0.8472,0.8026,0.7313,142.5000,0.2375,0.7625,0.2375,0.9450,0.8842,25.7731,0.6229,0.4329
59.0000,57,187,13,23,0.7125,0.0650,0.8143,0.7600,0.6755,172.5000,0.2875,0.7125,0.2875,0.9350,0.8608,24.6704,0.6209,0.4309
59.5000,49,195,5,31,0.6125,0.0250,0.9074,0.7313,0.6727,232.5000,0.3875,0.6125,0.3875,0.9750,0.8542,24.8865,0.6257,0.4357
60.0000,62,193,7,18,0.7750,0.0350,0.8986,0.8322,0.7758,135.0000,0.2250,0.7750,0.2250,0.9650,0.9017,23.2567,0.6120,0.4220
60.5000,58,190,10,22,0.7250,0.0500,0.8529,0.7838,0.7111,165.0000,0.2750,0.7250,0.2750,0.9500,0.8750,27.7759,0.6170,0.4270
61.0000,58,185,15,22,0.7250,0.0750,0.7945,0.7582,0.6688,165.0000,0.2750,0.7250,0.2750,0.9250,0.8583,27.4164,0.6371,0.4471
61.5000,67,192,8,13,0.8375,0.0400,0.8933,0.8645,0.8135,97.5000,0.1625,0.8375,0.1625,0.9600,0.9192,25.9889,0.6341,0.4441
62.0000,55,192,8,25,0.6875,0.0400,0.8730,0.7692,0.7005,187.5000,0.3125,0.6875,0.3125,0.9600,0.8692,22.3894,0.6163,0.4263
62.5000,60,190,10,20,0.7500,0.0500,0.8571,0.8000,0.7303,150.0000,0.2500,0.7500,0.2500,0.9500,0.8833,24.9918,0.6143,0.4243
63.0000,62,187,13,18,0.7750,0.0650,0.8267,0.8000,0.7243,135.0000,0.2250,0.7750,0.2250,0.9350,0.8817,24.8129,0.6235,0.4335
63.5000,53,193,7,27,0.6625,0.0350,0.8833,0.7571,0.6909,202.5000,0.3375,0.6625,0.3375,0.9650,0.8642,22.7505,0.6305,0.4405
64.0000,58,190,10,22,0.7250,0.0500,0.8529,0.7838,0.7111,165.0000,0.2750,0.7250,0.2750,0.9500,0.8750,28.0174,0.6207,0.4307
64.5000,67,186,14,13,0.8375,0.0700,0.8272,0.8323,0.7647,97.5000,0.1625,0.8375,0.1625,0.9300,0.8992,23.8983,0.6151,0.4251
65.0000,62,189,11,18,0.7750,0.0550,0.8493,0.8105,0.7409,135.0000,0.2250,0.7750,0.2250,0.9450,0.8883,22.6293,0.6157,0.4257
65.5000,51,189,11,29,0.6375,0.0550,0.8226,0.7183,0.6338,217.5000,0.3625,0.6375,0.3625,0.9450,0.8425,23.9941,0.6486,0.4586
66.0000,54,194,6,26,0.6750,0.0300,0.9000,0.7714,0.7101,195.0000,0.3250,0.6750,0.3250,0.9700,0.8717,26.6414,0.6413,0.4513
66.5000,51,194,6,29,0.6375,0.0300,0.8947,0.7445,0.6816,217.5000,0.3625,0.6375,0.3625,0.9700,0.8592,27.8928,0.6334,0.4434
67.0000,64,188,12,16,0.8000,0.0600,0.8421,0.8205,0.7517,120.0000,0.2000,0.8000,0.2000,0.9400,0.8933,24.4279,0.6393,0.4493
67.5000,53,188,12,27,0.6625,0.0600,0.8154,0.7310,0.6447,202.5000,0.3375,0.6625,0.3375,0.9400,0.8475,23.4541,0.6166,0.4266
68.0000,55,185,15,25,0.6875,0.0750,0.7857,0.7333,0.6390,187.5000,0.3125,0.6875,0.3125,0.9250,0.8458,26.1245,0.6314,0.4414
68.5000,50,192,8,30,0.6250,0.0400,0.8621,0.7246,0.6521,225.0000,0.3750,0.6250,0.3750,0.9600,0.8483,27.2765,0.6144,0.4244
69.0000,60,189,11,20,0.7500,0.0550,0.8451,0.7947,0.7217,150.0000,0.2500,0.7500,0.2500,0.9450,0.8800,26.9514,0.6472,0.4572
69.5000,62,185,15,18,0.7750,0.0750,0.8052,0.7898,0.7082,135.0000,0.2250,0.7750,0.2250,0.9250,0.8750,22.5626,0.6220,0.4320
70.0000,53,184,16,27,0.6625,0.0800,0.7681,0.7114,0.6106,202.5000,0.3375,0.6625,0.3375,0.9200,0.8342,24.5542,0.6162,0.4262
70.5000,49,193,7,31,0.6125,0.0350,0.8750,0.7206,0.6522,232.5000,0.3875,0.6125,0.3875,0.9650,0.8475,22.4221,0.6306,0.4406
71.0000,49,190,10,31,0.6125,0.0500,0.8305,0.7050,0.6231,232.5000,0.3875,0.6125,0.3875,0.9500,0.8375,26.5198,0.6381,0.4481
71.5000,59,188,12,21,0.7375,0.0600,0.8310,0.7815,0.7035,157.5000,0.2625,0.7375,0.2625,0.9400,0.8725,25.3569,0.6293,0.4393
72.0000,53,192,8,27,0.6625,0.0400,0.8689,0.7518,0.6813,202.5000,0.3375,0.6625,0.3375,0.9600,0.8608,23.6494,0.6404,0.4504
72.5000,54,190,10,26,0.6750,0.0500,0.8438,0.7500,0.6724,195.0000,0.3250,0.6750,0.3250,0.9500,0.8583,23.8860,0.6122,0.4222
73.0000,54,190,10,26,0.6750,0.0500,0.8438,0.7500,0.6724,195.0000,0.3250,0.6750,0.3250,0.9500,0.8583,23.0997,0.6446,0.4546
73.5000,58,186,14,22,0.7250,0.0700,0.8056,0.7632,0.6770,165.0000,0.2750,0.7250,0.2750,0.9300,0.8617,24.8614,0.6213,0.4313
74.0000,57,193,7,23,0.7125,0.0350,0.8906,0.7917,0.7289,172.5000,0.2875,0.7125,0.2875,0.9650,0.8808,27.0183,0.6112,0.4212
74.5000,54,192,8,26,0.6750,0.0400,0.8710,0.7606,0.6909,195.0000,0.3250,0.6750,0.3250,0.9600,0.8650,24.6305,0.6433,0.4533
75.0000,52,194,6,28,0.6500,0.0300,0.8966,0.7536,0.6911,210.0000,0.3500,0.6500,0.3500,0.9700,0.8633,23.4136,0.6292,0.4392
75.5000,61,191,9,19,0.7625,0.0450,0.8714,0.8133,0.7486,142.5000,0.2375,0.7625,0.2375,0.9550,0.8908,27.2745,0.6468,0.4568
76.0000,52,186,14,28,0.6500,0.0700,0.7879,0.7123,0.6173,210.0000,0.3500,0.6500,0.3500,0.9300,0.8367,24.0442,0.6294,0.4394
76.5000,61,184,16,19,0.7625,0.0800,0.7922,0.7771,0.6905,142.5000,0.2375,0.7625,0.2375,0.9200,0.8675,25.3508,0.6230,0.4330
77.0000,53,193,7,27,0.6625,0.0350,0.8833,0.7571,0.6909,202.5000,0.3375,0.6625,0.3375,0.9650,0.8642,27.5784,0.6298,0.4398
77.5000,57,189,11,23,0.7125,0.0550,0.8382,0.7703,0.6927,172.5000,0.2875,0.7125,0.2875,0.9450,0.8675,28.0019,0.6265,0.4365
78.0000,57,190,10,23,0.7125,0.0500,0.8507,0.7755,0.7015,172.5000,0.2875,0.7125,0.2875,0.9500,0.8708,23.7060,0.6422,0.4522
78.5000,57,192,8,23,0.7125,0.0400,0.8769,0.7862,0.7196,172.5000,0.2875,0.7125,0.2875,0.9600,0.8775,28.0200,0.6358,0.4458
79.0000,62,195,5,18,0.7750,0.0250,0.9254,0.8435,0.7941,135.0000,0.2250,0.7750,0.2250,0.9750,0.9083,25.1824,0.6142,0.4242
79.5000,51,184,16,29,0.6375,0.0800,0.7612,0.6939,0.5903,217.5000,0.3625,0.6375,0.3625,0.9200,0.8258,24.8968,0.6337,0.4437
80.0000,59,186,14,21,0.7375,0.0700,0.8082,0.7712,0.6869,157.5000,0.2625,0.7375,0.2625,0.9300,0.8658,22.7024,0.6452,0.4552
80.5000,49,192,8,31,0.6125,0.0400,0.8596,0.7153,0.6423,232.5000,0.3875,0.6125,0.3875,0.9600,0.8442,26.8449,0.6222,0.4322
81.0000,56,193,7,24,0.7000,0.0350,0.8889,0.7832,0.7194,180.0000,0.3000,0.7000,0.3000,0.9650,0.8767,27.5114,0.6233,0.4333
81.5000,63,190,10,17,0.7875,0.0500,0.8630,0.8235,0.7589,127.5000,0.2125,0.7875,0.2125,0.9500,0.8958,25.5452,0.6423,0.4523
82.0000,52,186,14,28,0.6500,0.0700,0.7879,0.7123,0.6173,210.0000,0.3500,0.6500,0.3500,0.9300,0.8367,27.5790,0.6323,0.4423
82.5000,61,189,11,19,0.7625,0.0550,0.8472,0.8026,0.7313,142.5000,0.2375,0.7625,0.2375,0.9450,0.8842,25.9113,0.6429,0.4529
83.0000,57,190,10,23,0.7125,0.0500,0.8507,0.7755,0.7015,172.5000,0.2875,0.7125,0.2875,0.9500,0.8708,22.7939,0.6470,0.4570
83.5000,52,184,16,28,0.6500,0.0800,0.7647,0.7027,0.6005,210.0000,0.3500,0.6500,0.3500,0.9200,0.8300,24.4382,0.6178,0.4278
84.0000,62,191,9,18,0.7750,0.0450,0.8732,0.8212,0.7580,135.0000,0.2250,0.7750,0.2250,0.9550,0.8950,23.7188,0.6240,0.4340
84.5000,53,191,9,27,0.6625,0.0450,0.8548,0.7465,0.6719,202.5000,0.3375,0.6625,0.3375,0.9550,0.8575,26.4521,0.6297,0.4397
85.0000,50,191,9,30,0.6250,0.0450,0.8475,0.7194,0.6425,225.0000,0.3750,0.6250,0.3750,0.9550,0.8450,25.3301,0.6228,0.4328
85.5000,56,191,9,24,0.7000,0.0450,0.8615,0.7724,0.7009,180.0000,0.3000,0.7000,0.3000,0.9550,0.8700,26.0579,0.6183,0.4283
86.0000,54,189,11,26,0.6750,0.0550,0.8308,0.7448,0.6634,195.0000,0.3250,0.6750,0.3250,0.9450,0.8550,27.4223,0.6202,0.4302
86.5000,56,192,8,24,0.7000,0.0400,0.8750,0.7778,0.7100,180.0000,0.3000,0.7000,0.3000,0.9600,0.8733,25.6809,0.6468,0.4568
87.0000,60,190,10,20,0.7500,0.0500,0.8571,0.8000,0.7303,150.0000,0.2500,0.7500,0.2500,0.9500,0.8833,24.6543,0.6151,0.4251
87.5000,58,188,12,22,0.7250,0.0600,0.8286,0.7733,0.6938,165.0000,0.2750,0.7250,0.2750,0.9400,0.8683,23.1533,0.6108,0.4208
88.0000,57,192,8,23,0.7125,0.0400,0.8769,0.7862,0.7196,172.5000,0.2875,0.7125,0.2875,0.9600,0.8775,25.7309,0.6394,0.4494
88.5000,52,191,9,28,0.6500,0.0450,0.8525,0.7376,0.6621,210.0000,0.3500,0.6500,0.3500,0.9550,0.8533,23.5356,0.6168,0.4268
89.0000,58,188,12,22,0.7250,0.0600,0.8286,0.7733,0.6938,165.0000,0.2750,0.7250,0.2750,0.9400,0.8683,23.2370,0.6125,0.4225
89.5000,60,189,11,20,0.7500,0.0550,0.8451,0.7947,0.7217,150.0000,0.2500,0.7500,0.2500,0.9450,0.8800,23.4504,0.6261,0.4361
90.0000,59,189,11,21,0.7375,0.0550,0.8429,0.7867,0.7120,157.5000,0.2625,0.7375,0.2625,0.9450,0.8758,23.0801,0.6200,0.4300
90.5000,57,191,9,23,0.7125,0.0450,0.8636,0.7808,0.7104,172.5000,0.2875,0.7125,0.2875,0.9550,0.8742,25.9698,0.6414,0.4514
91.0000,46,194,6,34,0.5750,0.0300,0.8846,0.6970,0.6331,255.0000,0.4250,0.5750,0.4250,0.9700,0.8383,25.6024,0.6363,0.4463
91.5000,59,192,8,21,0.7375,0.0400,0.8806,0.8027,0.7385,157.5000,0.2625,0.7375,0.2625,0.9600,0.8858,23.3849,0.6400,0.4500
92.0000,61,191,9,19,0.7625,0.0450,0.8714,0.8133,0.7486,142.5000,0.2375,0.7625,0.2375,0.9550,0.8908,22.6506,0.6332,0.4432
92.5000,64,192,8,16,0.8000,0.0400,0.8889,0.8421,0.7856,120.0000,0.2000,0.8000,0.2000,0.9600,0.9067,26.5686,0.6469,0.4569
93.0000,56,189,11,24,0.7000,0.0550,0.8358,0.7619,0.6830,180.0000,0.3000,0.7000,0.3000,0.9450,0.8633,27.1648,0.6185,0.4285
93.5000,62,188,12,18,0.7750,0.0600,0.8378,0.8052,0.7325,135.0000,0.2250,0.7750,0.2250,0.9400,0.8850,23.1565,0.6263,0.4363
94.0000,59,191,9,21,0.7375,0.0450,0.8676,0.7973,0.7296,157.5000,0.2625,0.7375,0.2625,0.9550,0.8825,27.3701,0.6407,0.4507
94.5000,55,191,9,25,0.6875,0.0450,0.8594,0.7639,0.6912,187.5000,0.3125,0.6875,0.3125,0.9550,0.8658,27.5251,0.6196,0.4296
95.0000,66,195,5,14,0.8250,0.0250,0.9296,0.8742,0.8307,105.0000,0.1750,0.8250,0.1750,0.9750,0.9250,27.4683,0.6261,0.4361
95.5000,59,192,8,21,0.7375,0.0400,0.8806,0.8027,0.7385,157.5000,0.2625,0.7375,0.2625,0.9600,0.8858,27.8760,0.6227,0.4327
96.0000,58,192,8,22,0.7250,0.0400,0.8788,0.7945,0.7291,165.0000,0.2750,0.7250,0.2750,0.9600,0.8817,26.5365,0.6283,0.4383
96.5000,60,187,13,20,0.7500,0.0650,0.8219,0.7843,0.7049,150.0000,0.2500,0.7500,0.2500,0.9350,0.8733,24.7635,0.6227,0.4327
97.0000,53,193,7,27,0.6625,0.0350,0.8833,0.7571,0.6909,202.5000,0.3375,0.6625,0.3375,0.9650,0.8642,25.1544,0.6200,0.4300
97.5000,57,189,11,23,0.7125,0.0550,0.8382,0.7703,0.6927,172.5000,0.2875,0.7125,0.2875,0.9450,0.8675,26.5449,0.6364,0.4464
98.0000,56,193,7,24,0.7000,0.0350,0.8889,0.7832,0.7194,180.0000,0.3000,0.7000,0.3000,0.9650,0.8767,27.4722,0.6111,0.4211
98.5000,54,192,8,26,0.6750,0.0400,0.8710,0.7606,0.6909,195.0000,0.3250,0.6750,0.3250,0.9600,0.8650,23.1270,0.6300,0.4400
99.0000,56,191,9,24,0.7000,0.0450,0.8615,0.7724,0.7009,180.0000,0.3000,0.7000,0.3000,0.9550,0.8700,25.6849,0.6152,0.4252
99.5000,57,193,7,23,0.7125,0.0350,0.8906,0.7917,0.7289,172.5000,0.2875,0.7125,0.2875,0.9650,0.8808,27.8900,0.6287,0.4387
100.0000,62,192,8,18,0.7750,0.0400,0.8857,0.8267,0.7668,135.0000,0.2250,0.7750,0.2250,0.9600,0.8983,24.7037,0.6244,0.4344
100.5000,56,195,5,24,0.7000,0.0250,0.9180,0.7943,0.7387,180.0000,0.3000,0.7000,0.3000,0.9750,0.8833,22.9995,0.6469,0.4569
101.0000,58,187,13,22,0.7250,0.0650,0.8169,0.7682,0.6853,165.0000,0.2750,0.7250,0.2750,0.9350,0.8650,25.2796,0.6461,0.4561
101.5000,64,184,16,16,0.8000,0.0800,0.8000,0.8000,0.7200,120.0000,0.2000,0.8000,0.2000,0.9200,0.8800,24.8191,0.6184,0.4284
102.0000,62,186,14,18,0.7750,0.0700,0.8158,0.7949,0.7162,135.0000,0.2250,0.7750,0.2250,0.9300,0.8783,25.1223,0.6236,0.4336
102.5000,52,189,11,28,0.6500,0.0550,0.8254,0.7273,0.6437,210.0000,0.3500,0.6500,0.3500,0.9450,0.8467,23.9166,0.6143,0.4243
103.0000,53,195,5,27,0.6625,0.0250,0.9138,0.7681,0.7106,202.5000,0.3375,0.6625,0.3375,0.9750,0.8708,23.1751,0.6102,0.4202
103.5000,58,190,10,22,0.7250,0.0500,0.8529,0.7838,0.7111,165.0000,0.2750,0.7250,0.2750,0.9500,0.8750,24.9212,0.6223,0.4323
104.0000,55,195,5,25,0.6875,0.0250,0.9167,0.7857,0.7294,187.5000,0.3125,0.6875,0.3125,0.9750,0.8792,26.4455,0.6336,0.4436
104.5000,50,192,8,30,0.6250,0.0400,0.8621,0.7246,0.6521,225.0000,0.3750,0.6250,0.3750,0.9600,0.8483,27.6849,0.6376,0.4476
105.0000,47,190,10,33,0.5875,0.0500,0.8246,0.6861,0.6030,247.5000,0.4125,0.5875,0.4125,0.9500,0.8292,25.1933,0.6324,0.4424
105.5000,46,185,15,34,0.5750,0.0750,0.7541,0.6525,0.5472,255.0000,0.4250,0.5750,0.4250,0.9250,0.8083,24.7310,0.6196,0.4296
106.0000,57,193,7,23,0.7125,0.0350,0.8906,0.7917,0.7289,172.5000,0.2875,0.7125,0.2875,0.9650,0.8808,24.7429,0.6284,0.4384
106.5000,62,192,8,18,0.7750,0.0400,0.8857,0.8267,0.7668,135.0000,0.2250,0.7750,0.2250,0.9600,0.8983,22.8370,0.6381,0.4481
107.0000,57,187,13,23,0.7125,0.0650,0.8143,0.7600,0.6755,172.5000,0.2875,0.7125,0.2875,0.9350,0.8608,25.3646,0.6140,0.4240
107.5000,54,188,12,26,0.6750,0.0600,0.8182,0.7397,0.6546,195.0000,0.3250,0.6750,0.3250,0.9400,0.8517,25.3985,0.6497,0.4597
108.0000,61,185,15,19,0.7625,0.0750,0.8026,0.7821,0.6984,142.5000,0.2375,0.7625,0.2375,0.9250,0.8708,28.0773,0.6214,0.4314
108.5000,60,184,16,20,0.7500,0.0800,0.7895,0.7692,0.6806,150.0000,0.2500,0.7500,0.2500,0.9200,0.8633,26.3439,0.6159,0.4259
109.0000,57,189,11,23,0.7125,0.0550,0.8382,0.7703,0.6927,172.5000,0.2875,0.7125,0.2875,0.9450,0.8675,24.1549,0.6238,0.4338
109.5000,59,190,10,21,0.7375,0.0500,0.8551,0.7919,0.7207,157.5000,0.2625,0.7375,0.2625,0.9500,0.8792,26.3324,0.6353,0.4453
110.0000,53,188,12,27,0.6625,0.0600,0.8154,0.7310,0.6447,202.5000,0.3375,0.6625,0.3375,0.9400,0.8475,27.1895,0.6275,0.4375
110.5000,66,193,7,14,0.8250,0.0350,0.9041,0.8627,0.8129,105.0000,0.1750,0.8250,0.1750,0.9650,0.9183,25.7113,0.6196,0.4296
111.0000,60,187,13,20,0.7500,0.0650,0.8219,0.7843,0.7049,150.0000,0.2500,0.7500,0.2500,0.9350,0.8733,23.6744,0.6432,0.4532
111.5000,47,191,9,33,0.5875,0.0450,0.8393,0.6912,0.6127,247.5000,0.4125,0.5875,0.4125,0.9550,0.8325,24.5948,0.6157,0.4257
112.0000,61,188,12,19,0.7625,0.0600,0.8356,0.7974,0.7229,142.5000,0.2375,0.7625,0.2375,0.9400,0.8808,26.9809,0.6127,0.4227
112.5000,55,182,18,25,0.6875,0.0900,0.7534,0.7190,0.6148,187.5000,0.3125,0.6875,0.3125,0.9100,0.8358,24.7335,0.6372,0.4472
113.0000,56,189,11,24,0.7000,0.0550,0.8358,0.7619,0.6830,180.0000,0.3000,0.7000,0.3000,0.9450,0.8633,27.0785,0.6147,0.4247
113.5000,58,187,13,22,0.7250,0.0650,0.8169,0.7682,0.6853,165.0000,0.2750,0.7250,0.2750,0.9350,0.8650,25.8595,0.6324,0.4424
114.0000,53,191,9,27,0.6625,0.0450,0.8548,0.7465,0.6719,202.5000,0.3375,0.6625,0.3375,0.9550,0.8575,24.0078,0.6276,0.4376
114.5000,60,191,9,20,0.7500,0.0450,0.8696,0.8054,0.7391,150.0000,0.2500,0.7500,0.2500,0.9550,0.8867,25.6642,0.6331,0.4431
115.0000,63,188,12,17,0.7875,0.0600,0.8400,0.8129,0.7421,127.5000,0.2125,0.7875,0.2125,0.9400,0.8892,25.1129,0.6191,0.4291
115.5000,54,187,13,26,0.6750,0.0650,0.8060,0.7347,0.6459,195.0000,0.3250,0.6750,0.3250,0.9350,0.8483,23.9424,0.6274,0.4374
116.0000,49,185,15,31,0.6125,0.0750,0.7656,0.6806,0.5783,232.5000,0.3875,0.6125,0.3875,0.9250,0.8208,24.5252,0.6199,0.4299
116.5000,59,193,7,21,0.7375,0.0350,0.8939,0.8082,0.7477,157.5000,0.2625,0.7375,0.2625,0.9650,0.8892,26.1197,0.6263,0.4363
117.0000,53,189,11,27,0.6625,0.0550,0.8281,0.7361,0.6536,202.5000,0.3375,0.6625,0.3375,0.9450,0.8508,24.7973,0.6334,0.4434
117.5000,53,187,13,27,0.6625,0.0650,0.8030,0.7260,0.6359,202.5000,0.3375,0.6625,0.3375,0.9350,0.8442,27.0715,0.6438,0.4538
118.0000,57,187,13,23,0.7125,0.0650,0.8143,0.7600,0.6755,172.5000,0.2875,0.7125,0.2875,0.9350,0.8608,23.5560,0.6257,0.4357
118.5000,59,190,10,21,0.7375,0.0500,0.8551,0.7919,0.7207,157.5000,0.2625,0.7375,0.2625,0.9500,0.8792,24.4181,0.6486,0.4586
119.0000,63,191,9,17,0.7875,0.0450,0.8750,0.8289,0.7675,127.5000,0.2125,0.7875,0.2125,0.9550,0.8992,25.3242,0.6177,0.4277
119.5000,66,190,10,14,0.8250,0.0500,0.8684,0.8462,0.7873,105.0000,0.1750,0.8250,0.1750,0.9500,0.9083,23.8446,0.6235,0.4335
120.0000,60,188,12,20,0.7500,0.0600,0.8333,0.7895,0.7132,150.0000,0.2500,0.7500,0.2500,0.9400,0.8767,27.8409,0.6420,0.4520
120.5000,53,191,9,27,0.6625,0.0450,0.8548,0.7465,0.6719,202.5000,0.3375,0.6625,0.3375,0.9550,0.8575,22.5878,0.6422,0.4522
121.0000,59,193,7,21,0.7375,0.0350,0.8939,0.8082,0.7477,157.5000,0.2625,0.7375,0.2625,0.9650,0.8892,24.5678,0.6360,0.4460
121.5000,57,187,13,23,0.7125,0.0650,0.8143,0.7600,0.6755,172.5000,0.2875,0.7125,0.2875,0.9350,0.8608,28.0697,0.6179,0.4279
122.0000,54,187,13,26,0.6750,0.0650,0.8060,0.7347,0.6459,195.0000,0.3250,0.6750,0.3250,0.9350,0.8483,27.7806,0.6104,0.4204
122.5000,49,194,6,31,0.6125,0.0300,0.8909,0.7259,0.6623,232.5000,0.3875,0.6125,0.3875,0.9700,0.8508,23.4375,0.6423,0.4523
123.0000,58,187,13,22,0.7250,0.0650,0.8169,0.7682,0.6853,165.0000,0.2750,0.7250,0.2750,0.9350,0.8650,23.7972,0.6314,0.4414
123.5000,51,183,17,29,0.6375,0.0850,0.7500,0.6892,0.5821,217.5000,0.3625,0.6375,0.3625,0.9150,0.8225,26.2302,0.6370,0.4470
124.0000,51,188,12,29,0.6375,0.0600,0.8095,0.7133,0.6248,217.5000,0.3625,0.6375,0.3625,0.9400,0.8392,27.7510,0.6256,0.4356
124.5000,55,190,10,25,0.6875,0.0500,0.8462,0.7586,0.6821,187.5000,0.3125,0.6875,0.3125,0.9500,0.8625,25.5833,0.6205,0.4305
125.0000,52,187,13,28,0.6500,0.0650,0.8000,0.7172,0.6260,210.0000,0.3500,0.6500,0.3500,0.9350,0.8400,24.9840,0.6418,0.4518
125.5000,55,188,12,25,0.6875,0.0600,0.8209,0.7483,0.6644,187.5000,0.3125,0.6875,0.3125,0.9400,0.8558,23.9906,0.6266,0.4366
126.0000,64,193,7,16,0.8000,0.0350,0.9014,0.8477,0.7944,120.0000,0.2000,0.8000,0.2000,0.9650,0.9100,24.3249,0.6472,0.4572
126.5000,53,188,12,27,0.6625,0.0600,0.8154,0.7310,0.6447,202.5000,0.3375,0.6625,0.3375,0.9400,0.8475,25.1603,0.6415,0.4515
127.0000,53,192,8,27,0.6625,0.0400,0.8689,0.7518,0.6813,202.5000,0.3375,0.6625,0.3375,0.9600,0.8608,25.7839,0.6371,0.4471
127.5000,62,188,12,18,0.7750,0.0600,0.8378,0.8052,0.7325,135.0000,0.2250,0.7750,0.2250,0.9400,0.8850,23.1063,0.6244,0.4344
128.0000,56,189,11,24,0.7000,0.0550,0.8358,0.7619,0.6830,180.0000,0.3000,0.7000,0.3000,0.9450,0.8633,27.2664,0.6459,0.4559
128.5000,53,191,9,27,0.6625,0.0450,0.8548,0.7465,0.6719,202.5000,0.3375,0.6625,0.3375,0.9550,0.8575,25.3336,0.6456,0.4556
129.0000,58,192,8,22,0.7250,0.0400,0.8788,0.7945,0.7291,165.0000,0.2750,0.7250,0.2750,0.9600,0.8817,27.0383,0.6193,0.4293
129.5000,50,188,12,30,0.6250,0.0600,0.8065,0.7042,0.6147,225.0000,0.3750,0.6250,0.3750,0.9400,0.8350,26.4885,0.6157,0.4257
130.0000,61,189,11,19,0.7625,0.0550,0.8472,0.8026,0.7313,142.5000,0.2375,0.7625,0.2375,0.9450,0.8842,27.9489,0.6188,0.4288
130.5000,58,187,13,22,0.7250,0.0650,0.8169,0.7682,0.6853,165.0000,0.2750,0.7250,0.2750,0.9350,0.8650,24.3723,0.6142,0.4242
131.0000,58,191,9,22,0.7250,0.0450,0.8657,0.7891,0.7200,165.0000,0.2750,0.7250,0.2750,0.9550,0.8783,27.6902,0.6415,0.4515
131.5000,48,189,11,32,0.6000,0.0550,0.8136,0.6906,0.6037,240.0000,0.4000,0.6000,0.4000,0.9450,0.8300,25.4701,0.6414,0.4514
132.0000,61,190,10,19,0.7625,0.0500,0.8592,0.8079,0.7398,142.5000,0.2375,0.7625,0.2375,0.9500,0.8875,27.2282,0.6158,0.4258
132.5000,60,192,8,20,0.7500,0.0400,0.8824,0.8108,0.7480,150.0000,0.2500,0.7500,0.2500,0.9600,0.8900,26.9009,0.6353,0.4453
133.0000,64,189,11,16,0.8000,0.0550,0.8533,0.8258,0.7600,120.0000,0.2000,0.8000,0.2000,0.9450,0.8967,25.5476,0.6103,0.4203
133.5000,60,189,11,20,0.7500,0.0550,0.8451,0.7947,0.7217,150.0000,0.2500,0.7500,0.2500,0.9450,0.8800,23.0641,0.6235,0.4335
134.0000,55,187,13,25,0.6875,0.0650,0.8088,0.7432,0.6558,187.5000,0.3125,0.6875,0.3125,0.9350,0.8525,26.5827,0.6263,0.4363
134.5000,64,190,10,16,0.8000,0.0500,0.8649,0.8312,0.7684,120.0000,0.2000,0.8000,0.2000,0.9500,0.9000,26.9434,0.6233,0.4333
135.0000,53,192,8,27,0.6625,0.0400,0.8689,0.7518,0.6813,202.5000,0.3375,0.6625,0.3375,0.9600,0.8608,23.3657,0.6368,0.4468
135.5000,62,190,10,18,0.7750,0.0500,0.8611,0.8158,0.7494,135.0000,0.2250,0.7750,0.2250,0.9500,0.8917,25.5140,0.6134,0.4234
136.0000,57,191,9,23,0.7125,0.0450,0.8636,0.7808,0.7104,172.5000,0.2875,0.7125,0.2875,0.9550,0.8742,27.5580,0.6252,0.4352
136.5000,59,191,9,21,0.7375,0.0450,0.8676,0.7973,0.7296,157.5000,0.2625,0.7375,0.2625,0.9550,0.8825,28.0623,0.6462,0.4562
137.0000,52,190,10,28,0.6500,0.0500,0.8387,0.7324,0.6528,210.0000,0.3500,0.6500,0.3500,0.9500,0.8500,23.0972,0.6337,0.4437
137.5000,61,184,16,19,0.7625,0.0800,0.7922,0.7771,0.6905,142.5000,0.2375,0.7625,0.2375,0.9200,0.8675,24.8106,0.6411,0.4511
138.0000,57,185,15,23,0.7125,0.0750,0.7917,0.7500,0.6589,172.5000,0.2875,0.7125,0.2875,0.9250,0.8542,26.6653,0.6493,0.4593
138.5000,58,188,12,22,0.7250,0.0600,0.8286,0.7733,0.6938,165.0000,0.2750,0.7250,0.2750,0.9400,0.8683,28.0568,0.6264,0.4364
139.0000,61,190,10,19,0.7625,0.0500,0.8592,0.8079,0.7398,142.5000,0.2375,0.7625,0.2375,0.9500,0.8875,22.6704,0.6166,0.4266
139.5000,61,188,12,19,0.7625,0.0600,0.8356,0.7974,0.7229,142.5000,0.2375,0.7625,0.2375,0.9400,0.8808,22.6319,0.6338,0.4438
140.0000,58,188,12,22,0.7250,0.0600,0.8286,0.7733,0.6938,165.0000,0.2750,0.7250,0.2750,0.9400,0.8683,27.7734,0.6378,0.4478
140.5000,60,188,12,20,0.7500,0.0600,0.8333,0.7895,0.7132,150.0000,0.2500,0.7500,0.2500,0.9400,0.8767,23.8980,0.6355,0.4455
141.0000,61,189,11,19,0.7625,0.0550,0.8472,0.8026,0.7313,142.5000,0.2375,0.7625,0.2375,0.9450,0.8842,22.4136,0.6138,0.4238
141.5000,58,193,7,22,0.7250,0.0350,0.8923,0.8000,0.7383,165.0000,0.2750,0.7250,0.2750,0.9650,0.8850,25.1175,0.6212,0.4312
142.0000,55,188,12,25,0.6875,0.0600,0.8209,0.7483,0.6644,187.5000,0.3125,0.6875,0.3125,0.9400,0.8558,22.7571,0.6385,0.4485
142.5000,55,193,7,25,0.6875,0.0350,0.8871,0.7746,0.7099,187.5000,0.3125,0.6875,0.3125,0.9650,0.8725,25.5773,0.6178,0.4278
143.0000,60,198,2,20,0.7500,0.0100,0.9677,0.8451,0.8051,150.0000,0.2500,0.7500,0.2500,0.9900,0.9100,24.2161,0.6396,0.4496
143.5000,56,189,11,24,0.7000,0.0550,0.8358,0.7619,0.6830,180.0000,0.3000,0.7000,0.3000,0.9450,0.8633,22.9052,0.6403,0.4503
144.0000,60,192,8,20,0.7500,0.0400,0.8824,0.8108,0.7480,150.0000,0.2500,0.7500,0.2500,0.9600,0.8900,27.4734,0.6460,0.4560
144.5000,57,193,7,23,0.7125,0.0350,0.8906,0.7917,0.7289,172.5000,0.2875,0.7125,0.2875,0.9650,0.8808,26.8728,0.6228,0.4328
145.0000,63,184,16,17,0.7875,0.0800,0.7975,0.7925,0.7102,127.5000,0.2125,0.7875,0.2125,0.9200,0.8758,26.9895,0.6409,0.4509
145.5000,55,183,17,25,0.6875,0.0850,0.7639,0.7237,0.6228,187.5000,0.3125,0.6875,0.3125,0.9150,0.8392,26.4056,0.6191,0.4291
146.0000,60,188,12,20,0.7500,0.0600,0.8333,0.7895,0.7132,150.0000,0.2500,0.7500,0.2500,0.9400,0.8767,25.3250,0.6404,0.4504
146.5000,56,194,6,24,0.7000,0.0300,0.9032,0.7887,0.7290,180.0000,0.3000,0.7000,0.3000,0.9700,0.8800,22.7283,0.6104,0.4204
147.0000,58,190,10,22,0.7250,0.0500,0.8529,0.7838,0.7111,165.0000,0.2750,0.7250,0.2750,0.9500,0.8750,24.8590,0.6281,0.4381
147.5000,53,195,5,27,0.6625,0.0250,0.9138,0.7681,0.7106,202.5000,0.3375,0.6625,0.3375,0.9750,0.8708,27.5989,0.6118,0.4218
148.0000,58,196,4,22,0.7250,0.0200,0.9355,0.8169,0.7671,165.0000,0.2750,0.7250,0.2750,0.9800,0.8950,26.5037,0.6341,0.4441
148.5000,48,188,12,32,0.6000,0.0600,0.8000,0.6857,0.5945,240.0000,0.4000,0.6000,0.4000,0.9400,0.8267,24.9053,0.6198,0.4298
149.0000,57,187,13,23,0.7125,0.0650,0.8143,0.7600,0.6755,172.5000,0.2875,0.7125,0.2875,0.9350,0.8608,23.5561,0.6146,0.4246
149.5000,59,188,12,21,0.7375,0.0600,0.8310,0.7815,0.7035,157.5000,0.2625,0.7375,0.2625,0.9400,0.8725,25.3313,0.6155,0.4255
150.0000,59,191,9,21,0.7375,0.0450,0.8676,0.7973,0.7296,157.5000,0.2625,0.7375,0.2625,0.9550,0.8825,27.3947,0.6482,0.4582
150.5000,56,185,15,24,0.7000,0.0750,0.7887,0.7417,0.6490,180.0000,0.3000,0.7000,0.3000,0.9250,0.8500,27.3129,0.6129,0.4229
151.0000,49,192,8,31,0.6125,0.0400,0.8596,0.7153,0.6423,232.5000,0.3875,0.6125,0.3875,0.9600,0.8442,26.0885,0.6276,0.4376
151.5000,54,188,12,26,0.6750,0.0600,0.8182,0.7397,0.6546,195.0000,0.3250,0.6750,0.3250,0.9400,0.8517,22.5829,0.6215,0.4315
152.0000,58,187,13,22,0.7250,0.0650,0.8169,0.7682,0.6853,165.0000,0.2750,0.7250,0.2750,0.9350,0.8650,26.4359,0.6500,0.4600
152.5000,52,193,7,28,0.6500,0.0350,0.8814,0.7482,0.6813,210.0000,0.3500,0.6500,0.3500,0.9650,0.8600,23.4163,0.6292,0.4392
153.0000,62,192,8,18,0.7750,0.0400,0.8857,0.8267,0.7668,135.0000,0.2250,0.7750,0.2250,0.9600,0.8983,25.3254,0.6388,0.4488
153.5000,52,189,11,28,0.6500,0.0550,0.8254,0.7273,0.6437,210.0000,0.3500,0.6500,0.3500,0.9450,0.8467,24.2294,0.6395,0.4495
154.0000,59,180,20,21,0.7375,0.1000,0.7468,0.7421,0.6399,157.5000,0.2625,0.7375,0.2625,0.9000,0.8458,26.7194,0.6167,0.4267
154.5000,56,186,14,24,0.7000,0.0700,0.8000,0.7467,0.6573,180.0000,0.3000,0.7000,0.3000,0.9300,0.8533,25.6468,0.6382,0.4482
155.0000,52,191,9,28,0.6500,0.0450,0.8525,0.7376,0.6621,210.0000,0.3500,0.6500,0.3500,0.9550,0.8533,24.6349,0.6134,0.4234
155.5000,55,192,8,25,0.6875,0.0400,0.8730,0.7692,0.7005,187.5000,0.3125,0.6875,0.3125,0.9600,0.8692,22.7634,0.6273,0.4373
156.0000,56,189,11,24,0.7000,0.0550,0.8358,0.7619,0.6830,180.0000,0.3000,0.7000,0.3000,0.9450,0.8633,27.5376,0.6132,0.4232
156.5000,56,190,10,24,0.7000,0.0500,0.8485,0.7671,0.6918,180.0000,0.3000,0.7000,0.3000,0.9500,0.8667,23.9410,0.6433,0.4533
157.0000,51,191,9,29,0.6375,0.0450,0.8500,0.7286,0.6523,217.5000,0.3625,0.6375,0.3625,0.9550,0.8492,24.5841,0.6471,0.4571
157.5000,64,191,9,16,0.8000,0.0450,0.8767,0.8366,0.7769,120.0000,0.2000,0.8000,0.2000,0.9550,0.9033,24.8649,0.6190,0.4290
158.0000,59,194,6,21,0.7375,0.0300,0.9077,0.8138,0.7570,157.5000,0.2625,0.7375,0.2625,0.9700,0.8925,24.5256,0.6468,0.4568
158.5000,55,184,16,25,0.6875,0.0800,0.7746,0.7285,0.6308,187.5000,0.3125,0.6875,0.3125,0.9200,0.8425,24.5858,0.6189,0.4289
159.0000,54,189,11,26,0.6750,0.0550,0.8308,0.7448,0.6634,195.0000,0.3250,0.6750,0.3250,0.9450,0.8550,24.9970,0.6325,0.4425
159.5000,60,188,12,20,0.7500,0.0600,0.8333,0.7895,0.7132,150.0000,0.2500,0.7500,0.2500,0.9400,0.8767,23.8960,0.6429,0.4529
160.0000,48,186,14,32,0.6000,0.0700,0.7742,0.6761,0.5766,240.0000,0.4000,0.6000,0.4000,0.9300,0.8200,24.5331,0.6367,0.4467
160.5000,60,188,12,20,0.7500,0.0600,0.8333,0.7895,0.7132,150.0000,0.2500,0.7500,0.2500,0.9400,0.8767,27.3029,0.6282,0.4382
161.0000,61,187,13,19,0.7625,0.0650,0.8243,0.7922,0.7146,142.5000,0.2375,0.7625,0.2375,0.9350,0.8775,24.1672,0.6325,0.4425
161.5000,57,194,6,23,0.7125,0.0300,0.9048,0.7972,0.7384,172.5000,0.2875,0.7125,0.2875,0.9700,0.8842,25.7601,0.6438,0.4538
162.0000,50,193,7,30,0.6250,0.0350,0.8772,0.7299,0.6619,225.0000,0.3750,0.6250,0.3750,0.9650,0.8517,23.2924,0.6398,0.4498
162.5000,52,192,8,28,0.6500,0.0400,0.8667,0.7429,0.6716,210.0000,0.3500,0.6500,0.3500,0.9600,0.8567,23.2825,0.6285,0.4385
163.0000,59,191,9,21,0.7375,0.0450,0.8676,0.7973,0.7296,157.5000,0.2625,0.7375,0.2625,0.9550,0.8825,26.1468,0.6188,0.4288
163.5000,61,191,9,19,0.7625,0.0450,0.8714,0.8133,0.7486,142.5000,0.2375,0.7625,0.2375,0.9550,0.8908,25.6957,0.6217,0.4317
164.0000,61,186,14,19,0.7625,0.0700,0.8133,0.7871,0.7064,142.5000,0.2375,0.7625,0.2375,0.9300,0.8742,24.1239,0.6319,0.4419
164.5000,58,192,8,22,0.7250,0.0400,0.8788,0.7945,0.7291,165.0000,0.2750,0.7250,0.2750,0.9600,0.8817,27.5499,0.6217,0.4317
165.0000,60,190,10,20,0.7500,0.0500,0.8571,0.8000,0.7303,150.0000,0.2500,0.7500,0.2500,0.9500,0.8833,23.9128,0.6297,0.4397
165.5000,56,192,8,24,0.7000,0.0400,0.8750,0.7778,0.7100,180.0000,0.3000,0.7000,0.3000,0.9600,0.8733,22.5482,0.6270,0.4370
166.0000,47,190,10,33,0.5875,0.0500,0.8246,0.6861,0.6030,247.5000,0.4125,0.5875,0.4125,0.9500,0.8292,22.5861,0.6288,0.4388
166.5000,56,181,19,24,0.7000,0.0950,0.7467,0.7226,0.6172,180.0000,0.3000,0.7000,0.3000,0.9050,0.8367,23.2050,0.6350,0.4450
167.0000,58,185,15,22,0.7250,0.0750,0.7945,0.7582,0.6688,165.0000,0.2750,0.7250,0.2750,0.9250,0.8583,27.8443,0.6261,0.4361
167.5000,54,192,8,26,0.6750,0.0400,0.8710,0.7606,0.6909,195.0000,0.3250,0.6750,0.3250,0.9600,0.8650,25.9386,0.6217,0.4317
168.0000,59,192,8,21,0.7375,0.0400,0.8806,0.8027,0.7385,157.5000,0.2625,0.7375,0.2625,0.9600,0.8858,23.4063,0.6218,0.4318
168.5000,54,192,8,26,0.6750,0.0400,0.8710,0.7606,0.6909,195.0000,0.3250,0.6750,0.3250,0.9600,0.8650,22.8089,0.6319,0.4419
169.0000,53,187,13,27,0.6625,0.0650,0.8030,0.7260,0.6359,202.5000,0.3375,0.6625,0.3375,0.9350,0.8442,23.7661,0.6429,0.4529
169.5000,59,190,10,21,0.7375,0.0500,0.8551,0.7919,0.7207,157.5000,0.2625,0.7375,0.2625,0.9500,0.8792,23.7922,0.6137,0.4237
170.0000,51,191,9,29,0.6375,0.0450,0.8500,0.7286,0.6523,217.5000,0.3625,0.6375,0.3625,0.9550,0.8492,22.7969,0.6144,0.4244
170.5000,58,193,7,22,0.7250,0.0350,0.8923,0.8000,0.7383,165.0000,0.2750,0.7250,0.2750,0.9650,0.8850,26.3195,0.6384,0.4484
171.0000,54,188,12,26,0.6750,0.0600,0.8182,0.7397,0.6546,195.0000,0.3250,0.6750,0.3250,0.9400,0.8517,25.0323,0.6202,0.4302
171.5000,53,190,10,27,0.6625,0.0500,0.8413,0.7413,0.6626,202.5000,0.3375,0.6625,0.3375,0.9500,0.8542,25.2713,0.6313,0.4413
172.0000,68,192,8,12,0.8500,0.0400,0.8947,0.8718,0.8229,90.0000,0.1500,0.8500,0.1500,0.9600,0.9233,22.9735,0.6481,0.4581
172.5000,56,193,7,24,0.7000,0.0350,0.8889,0.7832,0.7194,180.0000,0.3000,0.7000,0.3000,0.9650,0.8767,27.2801,0.6204,0.4304
173.0000,59,189,11,21,0.7375,0.0550,0.8429,0.7867,0.7120,157.5000,0.2625,0.7375,0.2625,0.9450,0.8758,25.0581,0.6131,0.4231
173.5000,54,188,12,26,0.6750,0.0600,0.8182,0.7397,0.6546,195.0000,0.3250,0.6750,0.3250,0.9400,0.8517,25.7213,0.6398,0.4498
174.0000,56,190,10,24,0.7000,0.0500,0.8485,0.7671,0.6918,180.0000,0.3000,0.7000,0.3000,0.9500,0.8667,27.2331,0.6262,0.4362
174.5000,57,184,16,23,0.7125,0.0800,0.7808,0.7451,0.6508,172.5000,0.2875,0.7125,0.2875,0.9200,0.8508,24.6702,0.6464,0.4564
175.0000,59,194,6,21,0.7375,0.0300,0.9077,0.8138,0.7570,157.5000,0.2625,0.7375,0.2625,0.9700,0.8925,23.0474,0.6472,0.4572
175.5000,64,193,7,16,0.8000,0.0350,0.9014,0.8477,0.7944,120.0000,0.2000,0.8000,0.2000,0.9650,0.9100,28.0471,0.6284,0.4384
176.0000,58,188,12,22,0.7250,0.0600,0.8286,0.7733,0.6938,165.0000,0.2750,0.7250,0.2750,0.9400,0.8683,22.7394,0.6183,0.4283
176.5000,61,187,13,19,0.7625,0.0650,0.8243,0.7922,0.7146,142.5000,0.2375,0.7625,0.2375,0.9350,0.8775,22.3344,0.6449,0.4549
177.0000,58,188,12,22,0.7250,0.0600,0.8286,0.7733,0.6938,165.0000,0.2750,0.7250,0.2750,0.9400,0.8683,27.8723,0.6471,0.4571
177.5000,46,186,14,34,0.5750,0.0700,0.7667,0.6571,0.5560,255.0000,0.4250,0.5750,0.4250,0.9300,0.8117,23.5183,0.6332,0.4432
178.0000,64,191,9,16,0.8000,0.0450,0.8767,0.8366,0.7769,120.0000,0.2000,0.8000,0.2000,0.9550,0.9033,24.0782,0.6496,0.4596
178.5000,57,186,14,23,0.7125,0.0700,0.8028,0.7550,0.6672,172.5000,0.2875,0.7125,0.2875,0.9300,0.8575,26.8342,0.6122,0.4222
179.0000,60,194,6,20,0.7500,0.0300,0.9091,0.8219,0.7663,150.0000,0.2500,0.7500,0.2500,0.9700,0.8967,25.7544,0.6265,0.4365
179.5000,59,187,13,21,0.7375,0.0650,0.8194,0.7763,0.6951,157.5000,0.2625,0.7375,0.2625,0.9350,0.8692,22.4957,0.6464,0.4564
180.0000,53,190,10,27,0.6625,0.0500,0.8413,0.7413,0.6626,202.5000,0.3375,0.6625,0.3375,0.9500,0.8542,27.8833,0.6465,0.4565
180.5000,59,192,8,21,0.7375,0.0400,0.8806,0.8027,0.7385,157.5000,0.2625,0.7375,0.2625,0.9600,0.8858,26.8624,0.6120,0.4220
181.0000,57,187,13,23,0.7125,0.0650,0.8143,0.7600,0.6755,172.5000,0.2875,0.7125,0.2875,0.9350,0.8608,23.4078,0.6136,0.4236
181.5000,61,194,6,19,0.7625,0.0300,0.9104,0.8299,0.7756,142.5000,0.2375,0.7625,0.2375,0.9700,0.9008,25.1394,0.6166,0.4266
182.0000,62,189,11,18,0.7750,0.0550,0.8493,0.8105,0.7409,135.0000,0.2250,0.7750,0.2250,0.9450,0.8883,25.9267,0.6470,0.4570
182.5000,53,186,14,27,0.6625,0.0700,0.7910,0.7211,0.6274,202.5000,0.3375,0.6625,0.3375,0.9300,0.8408,23.3312,0.6337,0.4437
183.0000,50,191,9,30,0.6250,0.0450,0.8475,0.7194,0.6425,225.0000,0.3750,0.6250,0.3750,0.9550,0.8450,25.0220,0.6211,0.4311
183.5000,56,189,11,24,0.7000,0.0550,0.8358,0.7619,0.6830,180.0000,0.3000,0.7000,0.3000,0.9450,0.8633,24.2851,0.6114,0.4214
184.0000,62,192,8,18,0.7750,0.0400,0.8857,0.8267,0.7668,135.0000,0.2250,0.7750,0.2250,0.9600,0.8983,28.0342,0.6487,0.4587
184.5000,57,186,14,23,0.7125,0.0700,0.8028,0.7550,0.6672,172.5000,0.2875,0.7125,0.2875,0.9300,0.8575,26.1276,0.6152,0.4252
185.0000,61,192,8,19,0.7625,0.0400,0.8841,0.8188,0.7574,142.5000,0.2375,0.7625,0.2375,0.9600,0.8942,25.0429,0.6237,0.4337
185.5000,61,189,11,19,0.7625,0.0550,0.8472,0.8026,0.7313,142.5000,0.2375,0.7625,0.2375,0.9450,0.8842,26.6191,0.6106,0.4206
186.0000,59,190,10,21,0.7375,0.0500,0.8551,0.7919,0.7207,157.5000,0.2625,0.7375,0.2625,0.9500,0.8792,24.2319,0.6289,0.4389
186.5000,53,189,11,27,0.6625,0.0550,0.8281,0.7361,0.6536,202.5000,0.3375,0.6625,0.3375,0.9450,0.8508,25.3416,0.6243,0.4343
187.0000,59,188,12,21,0.7375,0.0600,0.8310,0.7815,0.7035,157.5000,0.2625,0.7375,0.2625,0.9400,0.8725,27.9014,0.6492,0.4592
187.5000,60,189,11,20,0.7500,0.0550,0.8451,0.7947,0.7217,150.0000,0.2500,0.7500,0.2500,0.9450,0.8800,27.7155,0.6462,0.4562
188.0000,61,191,9,19,0.7625,0.0450,0.8714,0.8133,0.7486,142.5000,0.2375,0.7625,0.2375,0.9550,0.8908,25.5077,0.6381,0.4481
188.5000,53,194,6,27,0.6625,0.0300,0.8983,0.7626,0.7006,202.5000,0.3375,0.6625,0.3375,0.9700,0.8675,24.9125,0.6316,0.4416
189.0000,57,188,12,23,0.7125,0.0600,0.8261,0.7651,0.6840,172.5000,0.2875,0.7125,0.2875,0.9400,0.8642,26.7931,0.6304,0.4404
189.5000,57,188,12,23,0.7125,0.0600,0.8261,0.7651,0.6840,172.5000,0.2875,0.7125,0.2875,0.9400,0.8642,27.0915,0.6133,0.4233
190.0000,48,186,14,32,0.6000,0.0700,0.7742,0.6761,0.5766,240.0000,0.4000,0.6000,0.4000,0.9300,0.8200,26.9177,0.6317,0.4417
190.5000,62,191,9,18,0.7750,0.0450,0.8732,0.8212,0.7580,135.0000,0.2250,0.7750,0.2250,0.9550,0.8950,26.6838,0.6102,0.4202
191.0000,60,190,10,20,0.7500,0.0500,0.8571,0.8000,0.7303,150.0000,0.2500,0.7500,0.2500,0.9500,0.8833,22.5248,0.6238,0.4338
191.5000,51,187,13,29,0.6375,0.0650,0.7969,0.7083,0.6159,217.5000,0.3625,0.6375,0.3625,0.9350,0.8358,27.5560,0.6243,0.4343
192.0000,55,188,12,25,0.6875,0.0600,0.8209,0.7483,0.6644,187.5000,0.3125,0.6875,0.3125,0.9400,0.8558,27.8851,0.6220,0.4320
192.5000,60,188,12,20,0.7500,0.0600,0.8333,0.7895,0.7132,150.0000,0.2500,0.7500,0.2500,0.9400,0.8767,23.6605,0.6118,0.4218
193.0000,58,192,8,22,0.7250,0.0400,0.8788,0.7945,0.7291,165.0000,0.2750,0.7250,0.2750,0.9600,0.8817,22.6543,0.6398,0.4498
193.5000,61,183,17,19,0.7625,0.0850,0.7821,0.7722,0.6827,142.5000,0.2375,0.7625,0.2375,0.9150,0.8642,27.8286,0.6121,0.4221
194.0000,58,186,14,22,0.7250,0.0700,0.8056,0.7632,0.6770,165.0000,0.2750,0.7250,0.2750,0.9300,0.8617,26.2997,0.6319,0.4419
194.5000,65,191,9,15,0.8125,0.0450,0.8784,0.8442,0.7863,112.5000,0.1875,0.8125,0.1875,0.9550,0.9075,24.8216,0.6133,0.4233
195.0000,54,187,13,26,0.6750,0.0650,0.8060,0.7347,0.6459,195.0000,0.3250,0.6750,0.3250,0.9350,0.8483,27.9813,0.6176,0.4276
195.5000,64,186,14,16,0.8000,0.0700,0.8205,0.8101,0.7356,120.0000,0.2000,0.8000,0.2000,0.9300,0.8867,25.5699,0.6214,0.4314
196.0000,54,190,10,26,0.6750,0.0500,0.8438,0.7500,0.6724,195.0000,0.3250,0.6750,0.3250,0.9500,0.8583,27.3576,0.6386,0.4486
196.5000,56,188,12,24,0.7000,0.0600,0.8235,0.7568,0.6742,180.0000,0.3000,0.7000,0.3000,0.9400,0.8600,22.9741,0.6372,0.4472
197.0000,52,187,13,28,0.6500,0.0650,0.8000,0.7172,0.6260,210.0000,0.3500,0.6500,0.3500,0.9350,0.8400,25.6379,0.6400,0.4500
197.5000,59,189,11,21,0.7375,0.0550,0.8429,0.7867,0.7120,157.5000,0.2625,0.7375,0.2625,0.9450,0.8758,22.4750,0.6187,0.4287
198.0000,55,191,9,25,0.6875,0.0450,0.8594,0.7639,0.6912,187.5000,0.3125,0.6875,0.3125,0.9550,0.8658,27.6227,0.6432,0.4532
198.5000,65,188,12,15,0.8125,0.0600,0.8442,0.8280,0.7613,112.5000,0.1875,0.8125,0.1875,0.9400,0.8975,28.0217,0.6458,0.4558
199.0000,63,189,11,17,0.7875,0.0550,0.8514,0.8182,0.7504,127.5000,0.2125,0.7875,0.2125,0.9450,0.8925,25.8620,0.6182,0.4282
199.5000,59,192,8,21,0.7375,0.0400,0.8806,0.8027,0.7385,157.5000,0.2625,0.7375,0.2625,0.9600,0.8858,25.1198,0.6351,0.4451
200.0000,52,188,12,28,0.6500,0.0600,0.8125,0.7222,0.6347,210.0000,0.3500,0.6500,0.3500,0.9400,0.8433,27.8166,0.6418,0.4518
200.5000,62,191,9,18,0.7750,0.0450,0.8732,0.8212,0.7580,135.0000,0.2250,0.7750,0.2250,0.9550,0.8950,22.4858,0.6136,0.4236
201.0000,53,185,15,27,0.6625,0.0750,0.7794,0.7162,0.6189,202.5000,0.3375,0.6625,0.3375,0.9250,0.8375,24.5380,0.6488,0.4588
201.5000,59,191,9,21,0.7375,0.0450,0.8676,0.7973,0.7296,157.5000,0.2625,0.7375,0.2625,0.9550,0.8825,26.6092,0.6361,0.4461
202.0000,62,191,9,18,0.7750,0.0450,0.8732,0.8212,0.7580,135.0000,0.2250,0.7750,0.2250,0.9550,0.8950,24.7525,0.6204,0.4304
202.5000,62,190,10,18,0.7750,0.0500,0.8611,0.8158,0.7494,135.0000,0.2250,0.7750,0.2250,0.9500,0.8917,25.6796,0.6177,0.4277
203.0000,53,192,8,27,0.6625,0.0400,0.8689,0.7518,0.6813,202.5000,0.3375,0.6625,0.3375,0.9600,0.8608,26.4514,0.6364,0.4464
203.5000,58,193,7,22,0.7250,0.0350,0.8923,0.8000,0.7383,165.0000,0.2750,0.7250,0.2750,0.9650,0.8850,23.7647,0.6182,0.4282
204.0000,59,187,13,21,0.7375,0.0650,0.8194,0.7763,0.6951,157.5000,0.2625,0.7375,0.2625,0.9350,0.8692,27.9849,0.6481,0.4581
204.5000,52,193,7,28,0.6500,0.0350,0.8814,0.7482,0.6813,210.0000,0.3500,0.6500,0.3500,0.9650,0.8600,25.9877,0.6335,0.4435
205.0000,57,196,4,23,0.7125,0.0200,0.9344,0.8085,0.7579,172.5000,0.2875,0.7125,0.2875,0.9800,0.8908,22.9642,0.6474,0.4574
205.5000,53,187,13,27,0.6625,0.0650,0.8030,0.7260,0.6359,202.5000,0.3375,0.6625,0.3375,0.9350,0.8442,23.8119,0.6392,0.4492
206.0000,58,187,13,22,0.7250,0.0650,0.8169,0.7682,0.6853,165.0000,0.2750,0.7250,0.2750,0.9350,0.8650,22.7692,0.6305,0.4405
206.5000,58,193,7,22,0.7250,0.0350,0.8923,0.8000,0.7383,165.0000,0.2750,0.7250,0.2750,0.9650,0.8850,24.0032,0.6465,0.4565
207.0000,59,190,10,21,0.7375,0.0500,0.8551,0.7919,0.7207,157.5000,0.2625,0.7375,0.2625,0.9500,0.8792,26.8422,0.6225,0.4325
207.5000,52,191,9,28,0.6500,0.0450,0.8525,0.7376,0.6621,210.0000,0.3500,0.6500,0.3500,0.9550,0.8533,24.9706,0.6161,0.4261
208.0000,60,190,10,20,0.7500,0.0500,0.8571,0.8000,0.7303,150.0000,0.2500,0.7500,0.2500,0.9500,0.8833,27.1485,0.6438,0.4538
208.5000,57,187,13,23,0.7125,0.0650,0.8143,0.7600,0.6755,172.5000,0.2875,0.7125,0.2875,0.9350,0.8608,23.5178,0.6291,0.4391
209.0000,55,192,8,25,0.6875,0.0400,0.8730,0.7692,0.7005,187.5000,0.3125,0.6875,0.3125,0.9600,0.8692,23.0211,0.6191,0.4291
209.5000,52,188,12,28,0.6500,0.0600,0.8125,0.7222,0.6347,210.0000,0.3500,0.6500,0.3500,0.9400,0.8433,22.4253,0.6500,0.4600
210.0000,59,193,7,21,0.7375,0.0350,0.8939,0.8082,0.7477,157.5000,0.2625,0.7375,0.2625,0.9650,0.8892,25.4781,0.6449,0.4549
210.5000,55,191,9,25,0.6875,0.0450,0.8594,0.7639,0.6912,187.5000,0.3125,0.6875,0.3125,0.9550,0.8658,28.0134,0.6314,0.4414
211.0000,54,186,14,26,0.6750,0.0700,0.7941,0.7297,0.6374,195.0000,0.3250,0.6750,0.3250,0.9300,0.8450,23.1593,0.6269,0.4369
211.5000,59,187,13,21,0.7375,0.0650,0.8194,0.7763,0.6951,157.5000,0.2625,0.7375,0.2625,0.9350,0.8692,28.0080,0.6479,0.4579
212.0000,56,196,4,24,0.7000,0.0200,0.9333,0.8000,0.7487,180.0000,0.3000,0.7000,0.3000,0.9800,0.8867,26.3801,0.6361,0.4461
212.5000,58,192,8,22,0.7250,0.0400,0.8788,0.7945,0.7291,165.0000,0.2750,0.7250,0.2750,0.9600,0.8817,24.0735,0.6364,0.4464
213.0000,56,189,11,24,0.7000,0.0550,0.8358,0.7619,0.6830,180.0000,0.3000,0.7000,0.3000,0.9450,0.8633,22.4439,0.6300,0.4400
213.5000,54,188,12,26,0.6750,0.0600,0.8182,0.7397,0.6546,195.0000,0.3250,0.6750,0.3250,0.9400,0.8517,24.2847,0.6381,0.4481
214.0000,56,186,14,24,0.7000,0.0700,0.8000,0.7467,0.6573,180.0000,0.3000,0.7000,0.3000,0.9300,0.8533,22.7288,0.6271,0.4371
214.5000,61,191,9,19,0.7625,0.0450,0.8714,0.8133,0.7486,142.5000,0.2375,0.7625,0.2375,0.9550,0.8908,25.4622,0.6130,0.4230
215.0000,61,189,11,19,0.7625,0.0550,0.8472,0.8026,0.7313,142.5000,0.2375,0.7625,0.2375,0.9450,0.8842,27.5729,0.6256,0.4356
215.5000,65,188,12,15,0.8125,0.0600,0.8442,0.8280,0.7613,112.5000,0.1875,0.8125,0.1875,0.9400,0.8975,25.2312,0.6361,0.4461
216.0000,57,188,12,23,0.7125,0.0600,0.8261,0.7651,0.6840,172.5000,0.2875,0.7125,0.2875,0.9400,0.8642,23.4778,0.6175,0.4275
216.5000,56,187,13,24,0.7000,0.0650,0.8116,0.7517,0.6657,180.0000,0.3000,0.7000,0.3000,0.9350,0.8567,25.6271,0.6116,0.4216
217.0000,54,189,11,26,0.6750,0.0550,0.8308,0.7448,0.6634,195.0000,0.3250,0.6750,0.3250,0.9450,0.8550,25.9987,0.6402,0.4502
217.5000,64,191,9,16,0.8000,0.0450,0.8767,0.8366,0.7769,120.0000,0.2000,0.8000,0.2000,0.9550,0.9033,25.0871,0.6314,0.4414
218.0000,51,194,6,29,0.6375,0.0300,0.8947,0.7445,0.6816,217.5000,0.3625,0.6375,0.3625,0.9700,0.8592,22.5989,0.6314,0.4414
218.5000,58,192,8,22,0.7250,0.0400,0.8788,0.7945,0.7291,165.0000,0.2750,0.7250,0.2750,0.9600,0.8817,25.7244,0.6348,0.4448
219.0000,58,191,9,22,0.7250,0.0450,0.8657,0.7891,0.7200,165.0000,0.2750,0.7250,0.2750,0.9550,0.8783,23.4668,0.6428,0.4528
219.5000,59,186,14,21,0.7375,0.0700,0.8082,0.7712,0.6869,157.5000,0.2625,0.7375,0.2625,0.9300,0.8658,24.9363,0.6430,0.4530
220.0000,55,187,13,25,0.6875,0.0650,0.8088,0.7432,0.6558,187.5000,0.3125,0.6875,0.3125,0.9350,0.8525,25.8553,0.6104,0.4204
220.5000,57,193,7,23,0.7125,0.0350,0.8906,0.7917,0.7289,172.5000,0.2875,0.7125,0.2875,0.9650,0.8808,23.9798,0.6435,0.4535
221.0000,55,193,7,25,0.6875,0.0350,0.8871,0.7746,0.7099,187.5000,0.3125,0.6875,0.3125,0.9650,0.8725,27.0868,0.6391,0.4491
221.5000,54,191,9,26,0.6750,0.0450,0.8571,0.7552,0.6816,195.0000,0.3250,0.6750,0.3250,0.9550,0.8617,24.9545,0.6109,0.4209
222.0000,56,186,14,24,0.7000,0.0700,0.8000,0.7467,0.6573,180.0000,0.3000,0.7000,0.3000,0.9300,0.8533,22.7433,0.6215,0.4315
222.5000,58,192,8,22,0.7250,0.0400,0.8788,0.7945,0.7291,165.0000,0.2750,0.7250,0.2750,0.9600,0.8817,24.7448,0.6241,0.4341
223.0000,59,186,14,21,0.7375,0.0700,0.8082,0.7712,0.6869,157.5000,0.2625,0.7375,0.2625,0.9300,0.8658,27.1736,0.6182,0.4282
223.5000,56,194,6,24,0.7000,0.0300,0.9032,0.7887,0.7290,180.0000,0.3000,0.7000,0.3000,0.9700,0.8800,22.5883,0.6347,0.4447
224.0000,63,189,11,17,0.7875,0.0550,0.8514,0.8182,0.7504,127.5000,0.2125,0.7875,0.2125,0.9450,0.8925,27.5855,0.6131,0.4231
224.5000,57,189,11,23,0.7125,0.0550,0.8382,0.7703,0.6927,172.5000,0.2875,0.7125,0.2875,0.9450,0.8675,22.9768,0.6383,0.4483
225.0000,58,191,9,22,0.7250,0.0450,0.8657,0.7891,0.7200,165.0000,0.2750,0.7250,0.2750,0.9550,0.8783,24.2059,0.6407,0.4507
225.5000,52,193,7,28,0.6500,0.0350,0.8814,0.7482,0.6813,210.0000,0.3500,0.6500,0.3500,0.9650,0.8600,27.1369,0.6133,0.4233
226.0000,59,187,13,21,0.7375,0.0650,0.8194,0.7763,0.6951,157.5000,0.2625,0.7375,0.2625,0.9350,0.8692,24.5286,0.6237,0.4337
226.5000,61,184,16,19,0.7625,0.0800,0.7922,0.7771,0.6905,142.5000,0.2375,0.7625,0.2375,0.9200,0.8675,22.3764,0.6349,0.4449
227.0000,53,190,10,27,0.6625,0.0500,0.8413,0.7413,0.6626,202.5000,0.3375,0.6625,0.3375,0.9500,0.8542,27.6873,0.6467,0.4567
227.5000,55,192,8,25,0.6875,0.0400,0.8730,0.7692,0.7005,187.5000,0.3125,0.6875,0.3125,0.9600,0.8692,26.2031,0.6467,0.4567
228.0000,56,186,14,24,0.7000,0.0700,0.8000,0.7467,0.6573,180.0000,0.3000,0.7000,0.3000,0.9300,0.8533,26.9665,0.6368,0.4468
228.5000,51,190,10,29,0.6375,0.0500,0.8361,0.7234,0.6430,217.5000,0.3625,0.6375,0.3625,0.9500,0.8458,25.0912,0.6132,0.4232
229.0000,57,189,11,23,0.7125,0.0550,0.8382,0.7703,0.6927,172.5000,0.2875,0.7125,0.2875,0.9450,0.8675,25.8132,0.6471,0.4571
229.5000,54,186,14,26,0.6750,0.0700,0.7941,0.7297,0.6374,195.0000,0.3250,0.6750,0.3250,0.9300,0.8450,25.3111,0.6295,0.4395
230.0000,56,192,8,24,0.7000,0.0400,0.8750,0.7778,0.7100,180.0000,0.3000,0.7000,0.3000,0.9600,0.8733,23.4703,0.6150,0.4250
230.5000,55,193,7,25,0.6875,0.0350,0.8871,0.7746,0.7099,187.5000,0.3125,0.6875,0.3125,0.9650,0.8725,22.9893,0.6135,0.4235
231.0000,54,189,11,26,0.6750,0.0550,0.8308,0.7448,0.6634,195.0000,0.3250,0.6750,0.3250,0.9450,0.8550,26.4109,0.6120,0.4220
231.5000,62,189,11,18,0.7750,0.0550,0.8493,0.8105,0.7409,135.0000,0.2250,0.7750,0.2250,0.9450,0.8883,22.6862,0.6339,0.4439
232.0000,58,191,9,22,0.7250,0.0450,0.8657,0.7891,0.7200,165.0000,0.2750,0.7250,0.2750,0.9550,0.8783,23.8277,0.6491,0.4591
232.5000,54,185,15,26,0.6750,0.0750,0.7826,0.7248,0.6290,195.0000,0.3250,0.6750,0.3250,0.9250,0.8417,25.8386,0.6444,0.4544
233.0000,53,187,13,27,0.6625,0.0650,0.8030,0.7260,0.6359,202.5000,0.3375,0.6625,0.3375,0.9350,0.8442,22.5100,0.6424,0.4524
233.5000,60,186,14,20,0.7500,0.0700,0.8108,0.7792,0.6967,150.0000,0.2500,0.7500,0.2500,0.9300,0.8700,27.5973,0.6117,0.4217
234.0000,57,191,9,23,0.7125,0.0450,0.8636,0.7808,0.7104,172.5000,0.2875,0.7125,0.2875,0.9550,0.8742,23.1361,0.6217,0.4317
234.5000,62,188,12,18,0.7750,0.0600,0.8378,0.8052,0.7325,135.0000,0.2250,0.7750,0.2250,0.9400,0.8850,26.4990,0.6173,0.4273
235.0000,55,185,15,25,0.6875,0.0750,0.7857,0.7333,0.6390,187.5000,0.3125,0.6875,0.3125,0.9250,0.8458,23.7092,0.6277,0.4377
235.5000,58,191,9,22,0.7250,0.0450,0.8657,0.7891,0.7200,165.0000,0.2750,0.7250,0.2750,0.9550,0.8783,22.7413,0.6243,0.4343
236.0000,58,191,9,22,0.7250,0.0450,0.8657,0.7891,0.7200,165.0000,0.2750,0.7250,0.2750,0.9550,0.8783,26.3649,0.6462,0.4562
236.5000,59,197,3,21,0.7375,0.0150,0.9516,0.8310,0.7861,157.5000,0.2625,0.7375,0.2625,0.9850,0.9025,24.9127,0.6332,0.4432
237.0000,57,186,14,23,0.7125,0.0700,0.8028,0.7550,0.6672,172.5000,0.2875,0.7125,0.2875,0.9300,0.8575,22.6630,0.6165,0.4265
237.5000,61,190,10,19,0.7625,0.0500,0.8592,0.8079,0.7398,142.5000,0.2375,0.7625,0.2375,0.9500,0.8875,27.2869,0.6498,0.4598
238.0000,53,190,10,27,0.6625,0.0500,0.8413,0.7413,0.6626,202.5000,0.3375,0.6625,0.3375,0.9500,0.8542,26.6721,0.6245,0.4345
238.5000,55,187,13,25,0.6875,0.0650,0.8088,0.7432,0.6558,187.5000,0.3125,0.6875,0.3125,0.9350,0.8525,27.6468,0.6360,0.4460
239.0000,56,194,6,24,0.7000,0.0300,0.9032,0.7887,0.7290,180.0000,0.3000,0.7000,0.3000,0.9700,0.8800,27.6569,0.6337,0.4437
239.5000,48,188,12,32,0.6000,0.0600,0.8000,0.6857,0.5945,240.0000,0.4000,0.6000,0.4000,0.9400,0.8267,23.0270,0.6309,0.4409
240.0000,50,181,19,30,0.6250,0.0950,0.7246,0.6711,0.5556,225.0000,0.3750,0.6250,0.3750,0.9050,0.8117,25.1470,0.6242,0.4342
240.5000,53,189,11,27,0.6625,0.0550,0.8281,0.7361,0.6536,202.5000,0.3375,0.6625,0.3375,0.9450,0.8508,23.2050,0.6161,0.4261
241.0000,56,192,8,24,0.7000,0.0400,0.8750,0.7778,0.7100,180.0000,0.3000,0.7000,0.3000,0.9600,0.8733,25.0216,0.6413,0.4513
241.5000,61,192,8,19,0.7625,0.0400,0.8841,0.8188,0.7574,142.5000,0.2375,0.7625,0.2375,0.9600,0.8942,25.2840,0.6429,0.4529
242.0000,65,193,7,15,0.8125,0.0350,0.9028,0.8553,0.8036,112.5000,0.1875,0.8125,0.1875,0.9650,0.9142,27.6001,0.6234,0.4334
242.5000,58,183,17,22,0.7250,0.0850,0.7733,0.7484,0.6529,165.0000,0.2750,0.7250,0.2750,0.9150,0.8517,26.8503,0.6304,0.4404
243.0000,59,189,11,21,0.7375,0.0550,0.8429,0.7867,0.7120,157.5000,0.2625,0.7375,0.2625,0.9450,0.8758,27.7678,0.6368,0.4468
243.5000,57,187,13,23,0.7125,0.0650,0.8143,0.7600,0.6755,172.5000,0.2875,0.7125,0.2875,0.9350,0.8608,27.6969,0.6196,0.4296
244.0000,60,190,10,20,0.7500,0.0500,0.8571,0.8000,0.7303,150.0000,0.2500,0.7500,0.2500,0.9500,0.8833,24.3028,0.6217,0.4317
244.5000,57,190,10,23,0.7125,0.0500,0.8507,0.7755,0.7015,172.5000,0.2875,0.7125,0.2875,0.9500,0.8708,22.7452,0.6437,0.4537
245.0000,60,190,10,20,0.7500,0.0500,0.8571,0.8000,0.7303,150.0000,0.2500,0.7500,0.2500,0.9500,0.8833,24.9996,0.6494,0.4594
245.5000,53,190,10,27,0.6625,0.0500,0.8413,0.7413,0.6626,202.5000,0.3375,0.6625,0.3375,0.9500,0.8542,25.3309,0.6307,0.4407
246.0000,60,190,10,20,0.7500,0.0500,0.8571,0.8000,0.7303,150.0000,0.2500,0.7500,0.2500,0.9500,0.8833,26.8449,0.6445,0.4545
246.5000,49,191,9,31,0.6125,0.0450,0.8448,0.7101,0.6326,232.5000,0.3875,0.6125,0.3875,0.9550,0.8408,23.4992,0.6455,0.4555
247.0000,54,190,10,26,0.6750,0.0500,0.8438,0.7500,0.6724,195.0000,0.3250,0.6750,0.3250,0.9500,0.8583,26.8245,0.6391,0.4491
247.5000,60,190,10,20,0.7500,0.0500,0.8571,0.8000,0.7303,150.0000,0.2500,0.7500,0.2500,0.9500,0.8833,24.0019,0.6376,0.4476
248.0000,50,183,17,30,0.6250,0.0850,0.7463,0.6803,0.5718,225.0000,0.3750,0.6250,0.3750,0.9150,0.8183,26.4653,0.6322,0.4422
248.5000,54,192,8,26,0.6750,0.0400,0.8710,0.7606,0.6909,195.0000,0.3250,0.6750,0.3250,0.9600,0.8650,25.9097,0.6292,0.4392
249.0000,58,191,9,22,0.7250,0.0450,0.8657,0.7891,0.7200,165.0000,0.2750,0.7250,0.2750,0.9550,0.8783,25.4640,0.6372,0.4472
249.5000,58,192,8,22,0.7250,0.0400,0.8788,0.7945,0.7291,165.0000,0.2750,0.7250,0.2750,0.9600,0.8817,24.5878,0.6212,0.4312
250.0000,52,188,12,28,0.6500,0.0600,0.8125,0.7222,0.6347,210.0000,0.3500,0.6500,0.3500,0.9400,0.8433,26.3993,0.6286,0.4386
250.5000,59,188,12,21,0.7375,0.0600,0.8310,0.7815,0.7035,157.5000,0.2625,0.7375,0.2625,0.9400,0.8725,24.1315,0.6113,0.4213
251.0000,58,183,17,22,0.7250,0.0850,0.7733,0.7484,0.6529,165.0000,0.2750,0.7250,0.2750,0.9150,0.8517,26.5224,0.6477,0.4577
251.5000,62,189,11,18,0.7750,0.0550,0.8493,0.8105,0.7409,135.0000,0.2250,0.7750,0.2250,0.9450,0.8883,25.3058,0.6322,0.4422
252.0000,62,191,9,18,0.7750,0.0450,0.8732,0.8212,0.7580,135.0000,0.2250,0.7750,0.2250,0.9550,0.8950,26.7119,0.6206,0.4306
252.5000,56,193,7,24,0.7000,0.0350,0.8889,0.7832,0.7194,180.0000,0.3000,0.7000,0.3000,0.9650,0.8767,25.9392,0.6424,0.4524
253.0000,56,190,10,24,0.7000,0.0500,0.8485,0.7671,0.6918,180.0000,0.3000,0.7000,0.3000,0.9500,0.8667,24.0218,0.6155,0.4255
253.5000,57,193,7,23,0.7125,0.0350,0.8906,0.7917,0.7289,172.5000,0.2875,0.7125,0.2875,0.9650,0.8808,25.4586,0.6350,0.4450
254.0000,53,193,7,27,0.6625,0.0350,0.8833,0.7571,0.6909,202.5000,0.3375,0.6625,0.3375,0.9650,0.8642,25.6960,0.6257,0.4357
254.5000,51,193,7,29,0.6375,0.0350,0.8793,0.7391,0.6716,217.5000,0.3625,0.6375,0.3625,0.9650,0.8558,26.3846,0.6413,0.4513
255.0000,58,189,11,22,0.7250,0.0550,0.8406,0.7785,0.7024,165.0000,0.2750,0.7250,0.2750,0.9450,0.8717,25.9807,0.6372,0.4472
255.5000,58,193,7,22,0.7250,0.0350,0.8923,0.8000,0.7383,165.0000,0.2750,0.7250,0.2750,0.9650,0.8850,24.7031,0.6466,0.4566
256.0000,61,186,14,19,0.7625,0.0700,0.8133,0.7871,0.7064,142.5000,0.2375,0.7625,0.2375,0.9300,0.8742,24.8973,0.6127,0.4227
256.5000,59,193,7,21,0.7375,0.0350,0.8939,0.8082,0.7477,157.5000,0.2625,0.7375,0.2625,0.9650,0.8892,25.5604,0.6238,0.4338
257.0000,59,186,14,21,0.7375,0.0700,0.8082,0.7712,0.6869,157.5000,0.2625,0.7375,0.2625,0.9300,0.8658,24.9345,0.6266,0.4366
257.5000,58,193,7,22,0.7250,0.0350,0.8923,0.8000,0.7383,165.0000,0.2750,0.7250,0.2750,0.9650,0.8850,23.6352,0.6281,0.4381
258.0000,50,184,16,30,0.6250,0.0800,0.7576,0.6849,0.5801,225.0000,0.3750,0.6250,0.3750,0.9200,0.8217,26.6821,0.6262,0.4362
258.5000,59,194,6,21,0.7375,0.0300,0.9077,0.8138,0.7570,157.5000,0.2625,0.7375,0.2625,0.9700,0.8925,27.0657,0.6397,0.4497
259.0000,61,190,10,19,0.7625,0.0500,0.8592,0.8079,0.7398,142.5000,0.2375,0.7625,0.2375,0.9500,0.8875,22.9759,0.6200,0.4300
259.5000,58,193,7,22,0.7250,0.0350,0.8923,0.8000,0.7383,165.0000,0.2750,0.7250,0.2750,0.9650,0.8850,23.5073,0.6215,0.4315
260.0000,58,194,6,22,0.7250,0.0300,0.9062,0.8056,0.7477,165.0000,0.2750,0.7250,0.2750,0.9700,0.8883,22.4445,0.6207,0.4307
260.5000,53,189,11,27,0.6625,0.0550,0.8281,0.7361,0.6536,202.5000,0.3375,0.6625,0.3375,0.9450,0.8508,28.0636,0.6471,0.4571
261.0000,56,192,8,24,0.7000,0.0400,0.8750,0.7778,0.7100,180.0000,0.3000,0.7000,0.3000,0.9600,0.8733,22.7174,0.6416,0.4516
261.5000,59,191,9,21,0.7375,0.0450,0.8676,0.7973,0.7296,157.5000,0.2625,0.7375,0.2625,0.9550,0.8825,26.9212,0.6298,0.4398
262.0000,57,195,5,23,0.7125,0.0250,0.9194,0.8028,0.7480,172.5000,0.2875,0.7125,0.2875,0.9750,0.8875,26.7917,0.6107,0.4207
262.5000,59,194,6,21,0.7375,0.0300,0.9077,0.8138,0.7570,157.5000,0.2625,0.7375,0.2625,0.9700,0.8925,26.7357,0.6119,0.4219
263.0000,56,190,10,24,0.7000,0.0500,0.8485,0.7671,0.6918,180.0000,0.3000,0.7000,0.3000,0.9500,0.8667,22.3381,0.6148,0.4248
263.5000,57,192,8,23,0.7125,0.0400,0.8769,0.7862,0.7196,172.5000,0.2875,0.7125,0.2875,0.9600,0.8775,26.6045,0.6228,0.4328
264.0000,53,190,10,27,0.6625,0.0500,0.8413,0.7413,0.6626,202.5000,0.3375,0.6625,0.3375,0.9500,0.8542,23.7969,0.6342,0.4442
264.5000,52,188,12,28,0.6500,0.0600,0.8125,0.7222,0.6347,210.0000,0.3500,0.6500,0.3500,0.9400,0.8433,26.2980,0.6191,0.4291
265.0000,56,189,11,24,0.7000,0.0550,0.8358,0.7619,0.6830,180.0000,0.3000,0.7000,0.3000,0.9450,0.8633,24.6653,0.6153,0.4253
265.5000,59,195,5,21,0.7375,0.0250,0.9219,0.8194,0.7665,157.5000,0.2625,0.7375,0.2625,0.9750,0.8958,23.9379,0.6205,0.4305
266.0000,59,191,9,21,0.7375,0.0450,0.8676,0.7973,0.7296,157.5000,0.2625,0.7375,0.2625,0.9550,0.8825,27.9112,0.6336,0.4436
266.5000,55,188,12,25,0.6875,0.0600,0.8209,0.7483,0.6644,187.5000,0.3125,0.6875,0.3125,0.9400,0.8558,27.2575,0.6239,0.4339
267.0000,55,188,12,25,0.6875,0.0600,0.8209,0.7483,0.6644,187.5000,0.3125,0.6875,0.3125,0.9400,0.8558,24.0487,0.6229,0.4329
267.5000,56,188,12,24,0.7000,0.0600,0.8235,0.7568,0.6742,180.0000,0.3000,0.7000,0.3000,0.9400,0.8600,25.4190,0.6348,0.4448
268.0000,50,190,10,30,0.6250,0.0500,0.8333,0.7143,0.6331,225.0000,0.3750,0.6250,0.3750,0.9500,0.8417,22.8053,0.6472,0.4572
268.5000,58,193,7,22,0.7250,0.0350,0.8923,0.8000,0.7383,165.0000,0.2750,0.7250,0.2750,0.9650,0.8850,25.2113,0.6381,0.4481
269.0000,56,184,16,24,0.7000,0.0800,0.7778,0.7368,0.6408,180.0000,0.3000,0.7000,0.3000,0.9200,0.8467,22.5281,0.6173,0.4273
269.5000,61,190,10,19,0.7625,0.0500,0.8592,0.8079,0.7398,142.5000,0.2375,0.7625,0.2375,0.9500,0.8875,23.9518,0.6138,0.4238
270.0000,56,190,10,24,0.7000,0.0500,0.8485,0.7671,0.6918,180.0000,0.3000,0.7000,0.3000,0.9500,0.8667,25.1524,0.6193,0.4293
270.5000,56,194,6,24,0.7000,0.0300,0.9032,0.7887,0.7290,180.0000,0.3000,0.7000,0.3000,0.9700,0.8800,23.6712,0.6228,0.4328
271.0000,46,184,16,34,0.5750,0.0800,0.7419,0.6479,0.5386,255.0000,0.4250,0.5750,0.4250,0.9200,0.8050,27.2868,0.6279,0.4379
271.5000,51,192,8,29,0.6375,0.0400,0.8644,0.7338,0.6619,217.5000,0.3625,0.6375,0.3625,0.9600,0.8525,22.8791,0.6114,0.4214
272.0000,60,188,12,20,0.7500,0.0600,0.8333,0.7895,0.7132,150.0000,0.2500,0.7500,0.2500,0.9400,0.8767,27.9485,0.6453,0.4553
272.5000,58,189,11,22,0.7250,0.0550,0.8406,0.7785,0.7024,165.0000,0.2750,0.7250,0.2750,0.9450,0.8717,24.3792,0.6243,0.4343
273.0000,61,189,11,19,0.7625,0.0550,0.8472,0.8026,0.7313,142.5000,0.2375,0.7625,0.2375,0.9450,0.8842,22.6543,0.6118,0.4218
273.5000,57,193,7,23,0.7125,0.0350,0.8906,0.7917,0.7289,172.5000,0.2875,0.7125,0.2875,0.9650,0.8808,24.1746,0.6334,0.4434
274.0000,56,190,10,24,0.7000,0.0500,0.8485,0.7671,0.6918,180.0000,0.3000,0.7000,0.3000,0.9500,0.8667,22.4731,0.6455,0.4555
274.5000,57,187,13,23,0.7125,0.0650,0.8143,0.7600,0.6755,172.5000,0.2875,0.7125,0.2875,0.9350,0.8608,27.6007,0.6233,0.4333
275.0000,52,191,9,28,0.6500,0.0450,0.8525,0.7376,0.6621,210.0000,0.3500,0.6500,0.3500,0.9550,0.8533,23.4624,0.6352,0.4452
275.5000,52,186,14,28,0.6500,0.0700,0.7879,0.7123,0.6173,210.0000,0.3500,0.6500,0.3500,0.9300,0.8367,26.6930,0.6117,0.4217
276.0000,62,187,13,18,0.7750,0.0650,0.8267,0.8000,0.7243,135.0000,0.2250,0.7750,0.2250,0.9350,0.8817,23.4723,0.6232,0.4332
276.5000,57,187,13,23,0.7125,0.0650,0.8143,0.7600,0.6755,172.5000,0.2875,0.7125,0.2875,0.9350,0.8608,24.8872,0.6373,0.4473
277.0000,53,194,6,27,0.6625,0.0300,0.8983,0.7626,0.7006,202.5000,0.3375,0.6625,0.3375,0.9700,0.8675,27.9028,0.6118,0.4218
277.5000,56,186,14,24,0.7000,0.0700,0.8000,0.7467,0.6573,180.0000,0.3000,0.7000,0.3000,0.9300,0.8533,25.8560,0.6314,0.4414
278.0000,55,189,11,25,0.6875,0.0550,0.8333,0.7534,0.6732,187.5000,0.3125,0.6875,0.3125,0.9450,0.8592,25.3269,0.6485,0.4585
278.5000,57,192,8,23,0.7125,0.0400,0.8769,0.7862,0.7196,172.5000,0.2875,0.7125,0.2875,0.9600,0.8775,25.5569,0.6399,0.4499
279.0000,64,189,11,16,0.8000,0.0550,0.8533,0.8258,0.7600,120.0000,0.2000,0.8000,0.2000,0.9450,0.8967,23.4076,0.6476,0.4576
279.5000,62,189,11,18,0.7750,0.0550,0.8493,0.8105,0.7409,135.0000,0.2250,0.7750,0.2250,0.9450,0.8883,22.6533,0.6368,0.4468
280.0000,56,191,9,24,0.7000,0.0450,0.8615,0.7724,0.7009,180.0000,0.3000,0.7000,0.3000,0.9550,0.8700,24.0938,0.6391,0.4491
280.5000,57,185,15,23,0.7125,0.0750,0.7917,0.7500,0.6589,172.5000,0.2875,0.7125,0.2875,0.9250,0.8542,24.8455,0.6285,0.4385
281.0000,63,191,9,17,0.7875,0.0450,0.8750,0.8289,0.7675,127.5000,0.2125,0.7875,0.2125,0.9550,0.8992,24.4050,0.6468,0.4568
281.5000,55,192,8,25,0.6875,0.0400,0.8730,0.7692,0.7005,187.5000,0.3125,0.6875,0.3125,0.9600,0.8692,23.4648,0.6416,0.4516
282.0000,58,193,7,22,0.7250,0.0350,0.8923,0.8000,0.7383,165.0000,0.2750,0.7250,0.2750,0.9650,0.8850,23.4279,0.6418,0.4518
282.5000,63,195,5,17,0.7875,0.0250,0.9265,0.8514,0.8033,127.5000,0.2125,0.7875,0.2125,0.9750,0.9125,24.9163,0.6309,0.4409
283.0000,57,181,19,23,0.7125,0.0950,0.7500,0.7308,0.6273,172.5000,0.2875,0.7125,0.2875,0.9050,0.8408,24.6617,0.6177,0.4277
283.5000,59,186,14,21,0.7375,0.0700,0.8082,0.7712,0.6869,157.5000,0.2625,0.7375,0.2625,0.9300,0.8658,26.7905,0.6152,0.4252
284.0000,54,188,12,26,0.6750,0.0600,0.8182,0.7397,0.6546,195.0000,0.3250,0.6750,0.3250,0.9400,0.8517,27.6116,0.6275,0.4375
284.5000,59,188,12,21,0.7375,0.0600,0.8310,0.7815,0.7035,157.5000,0.2625,0.7375,0.2625,0.9400,0.8725,26.1815,0.6433,0.4533
285.0000,57,194,6,23,0.7125,0.0300,0.9048,0.7972,0.7384,172.5000,0.2875,0.7125,0.2875,0.9700,0.8842,27.1735,0.6257,0.4357
285.5000,53,189,11,27,0.6625,0.0550,0.8281,0.7361,0.6536,202.5000,0.3375,0.6625,0.3375,0.9450,0.8508,23.6146,0.6212,0.4312
286.0000,58,189,11,22,0.7250,0.0550,0.8406,0.7785,0.7024,165.0000,0.2750,0.7250,0.2750,0.9450,0.8717,22.4951,0.6124,0.4224
286.5000,47,188,12,33,0.5875,0.0600,0.7966,0.6763,0.5843,247.5000,0.4125,0.5875,0.4125,0.9400,0.8225,27.3235,0.6128,0.4228
287.0000,58,189,11,22,0.7250,0.0550,0.8406,0.7785,0.7024,165.0000,0.2750,0.7250,0.2750,0.9450,0.8717,24.4821,0.6127,0.4227
287.5000,61,182,18,19,0.7625,0.0900,0.7722,0.7673,0.6751,142.5000,0.2375,0.7625,0.2375,0.9100,0.8608,25.3207,0.6470,0.4570
288.0000,60,191,9,20,0.7500,0.0450,0.8696,0.8054,0.7391,150.0000,0.2500,0.7500,0.2500,0.9550,0.8867,27.1689,0.6212,0.4312
288.5000,60,185,15,20,0.7500,0.0750,0.8000,0.7742,0.6886,150.0000,0.2500,0.7500,0.2500,0.9250,0.8667,24.1555,0.6213,0.4313
289.0000,61,182,18,19,0.7625,0.0900,0.7722,0.7673,0.6751,142.5000,0.2375,0.7625,0.2375,0.9100,0.8608,23.1950,0.6277,0.4377
289.5000,64,188,12,16,0.8000,0.0600,0.8421,0.8205,0.7517,120.0000,0.2000,0.8000,0.2000,0.9400,0.8933,23.3830,0.6247,0.4347
290.0000,56,189,11,24,0.7000,0.0550,0.8358,0.7619,0.6830,180.0000,0.3000,0.7000,0.3000,0.9450,0.8633,23.4546,0.6390,0.4490
290.5000,51,194,6,29,0.6375,0.0300,0.8947,0.7445,0.6816,217.5000,0.3625,0.6375,0.3625,0.9700,0.8592,27.1185,0.6259,0.4359
291.0000,61,189,11,19,0.7625,0.0550,0.8472,0.8026,0.7313,142.5000,0.2375,0.7625,0.2375,0.9450,0.8842,26.2354,0.6227,0.4327
291.5000,53,189,11,27,0.6625,0.0550,0.8281,0.7361,0.6536,202.5000,0.3375,0.6625,0.3375,0.9450,0.8508,28.0168,0.6387,0.4487
292.0000,53,190,10,27,0.6625,0.0500,0.8413,0.7413,0.6626,202.5000,0.3375,0.6625,0.3375,0.9500,0.8542,22.8089,0.6105,0.4205
292.5000,60,186,14,20,0.7500,0.0700,0.8108,0.7792,0.6967,150.0000,0.2500,0.7500,0.2500,0.9300,0.8700,27.3631,0.6305,0.4405
293.0000,56,189,11,24,0.7000,0.0550,0.8358,0.7619,0.6830,180.0000,0.3000,0.7000,0.3000,0.9450,0.8633,27.2797,0.6101,0.4201
293.5000,56,192,8,24,0.7000,0.0400,0.8750,0.7778,0.7100,180.0000,0.3000,0.7000,0.3000,0.9600,0.8733,25.7624,0.6224,0.4324
294.0000,54,195,5,26,0.6750,0.0250,0.9153,0.7770,0.7200,195.0000,0.3250,0.6750,0.3250,0.9750,0.8750,27.7559,0.6238,0.4338
294.5000,59,190,10,21,0.7375,0.0500,0.8551,0.7919,0.7207,157.5000,0.2625,0.7375,0.2625,0.9500,0.8792,25.9109,0.6135,0.4235
295.0000,54,187,13,26,0.6750,0.0650,0.8060,0.7347,0.6459,195.0000,0.3250,0.6750,0.3250,0.9350,0.8483,26.7366,0.6313,0.4413
295.5000,55,192,8,25,0.6875,0.0400,0.8730,0.7692,0.7005,187.5000,0.3125,0.6875,0.3125,0.9600,0.8692,24.1737,0.6261,0.4361
296.0000,58,190,10,22,0.7250,0.0500,0.8529,0.7838,0.7111,165.0000,0.2750,0.7250,0.2750,0.9500,0.8750,23.0002,0.6483,0.4583
296.5000,56,189,11,24,0.7000,0.0550,0.8358,0.7619,0.6830,180.0000,0.3000,0.7000,0.3000,0.9450,0.8633,25.0109,0.6220,0.4320
297.0000,53,192,8,27,0.6625,0.0400,0.8689,0.7518,0.6813,202.5000,0.3375,0.6625,0.3375,0.9600,0.8608,26.8365,0.6431,0.4531
297.5000,56,193,7,24,0.7000,0.0350,0.8889,0.7832,0.7194,180.0000,0.3000,0.7000,0.3000,0.9650,0.8767,26.5986,0.6279,0.4379
298.0000,52,191,9,28,0.6500,0.0450,0.8525,0.7376,0.6621,210.0000,0.3500,0.6500,0.3500,0.9550,0.8533,27.4619,0.6108,0.4208
298.5000,55,190,10,25,0.6875,0.0500,0.8462,0.7586,0.6821,187.5000,0.3125,0.6875,0.3125,0.9500,0.8625,24.6663,0.6427,0.4527
299.0000,55,193,7,25,0.6875,0.0350,0.8871,0.7746,0.7099,187.5000,0.3125,0.6875,0.3125,0.9650,0.8725,26.3192,0.6284,0.4384
299.5000,53,189,11,27,0.6625,0.0550,0.8281,0.7361,0.6536,202.5000,0.3375,0.6625,0.3375,0.9450,0.8508,23.1627,0.6456,0.4556
300.0000,55,186,14,25,0.6875,0.0700,0.7971,0.7383,0.6473,187.5000,0.3125,0.6875,0.3125,0.9300,0.8492,22.8227,0.6211,0.4311
300.5000,54,192,8,26,0.6750,0.0400,0.8710,0.7606,0.6909,195.0000,0.3250,0.6750,0.3250,0.9600,0.8650,26.1694,0.6209,0.4309
301.0000,63,188,12,17,0.7875,0.0600,0.8400,0.8129,0.7421,127.5000,0.2125,0.7875,0.2125,0.9400,0.8892,24.7061,0.6182,0.4282
301.5000,55,191,9,25,0.6875,0.0450,0.8594,0.7639,0.6912,187.5000,0.3125,0.6875,0.3125,0.9550,0.8658,27.1444,0.6333,0.4433
302.0000,60,186,14,20,0.7500,0.0700,0.8108,0.7792,0.6967,150.0000,0.2500,0.7500,0.2500,0.9300,0.8700,22.9098,0.6327,0.4427
302.5000,53,192,8,27,0.6625,0.0400,0.8689,0.7518,0.6813,202.5000,0.3375,0.6625,0.3375,0.9600,0.8608,22.7967,0.6197,0.4297
303.0000,53,193,7,27,0.6625,0.0350,0.8833,0.7571,0.6909,202.5000,0.3375,0.6625,0.3375,0.9650,0.8642,27.4383,0.6250,0.4350
303.5000,55,190,10,25,0.6875,0.0500,0.8462,0.7586,0.6821,187.5000,0.3125,0.6875,0.3125,0.9500,0.8625,25.2686,0.6209,0.4309
304.0000,56,192,8,24,0.7000,0.0400,0.8750,0.7778,0.7100,180.0000,0.3000,0.7000,0.3000,0.9600,0.8733,25.5597,0.6428,0.4528
304.5000,61,192,8,19,0.7625,0.0400,0.8841,0.8188,0.7574,142.5000,0.2375,0.7625,0.2375,0.9600,0.8942,22.6842,0.6160,0.4260
305.0000,56,185,15,24,0.7000,0.0750,0.7887,0.7417,0.6490,180.0000,0.3000,0.7000,0.3000,0.9250,0.8500,26.6657,0.6331,0.4431
305.5000,52,187,13,28,0.6500,0.0650,0.8000,0.7172,0.6260,210.0000,0.3500,0.6500,0.3500,0.9350,0.8400,23.8090,0.6211,0.4311
306.0000,61,190,10,19,0.7625,0.0500,0.8592,0.8079,0.7398,142.5000,0.2375,0.7625,0.2375,0.9500,0.8875,24.4184,0.6420,0.4520
306.5000,62,190,10,18,0.7750,0.0500,0.8611,0.8158,0.7494,135.0000,0.2250,0.7750,0.2250,0.9500,0.8917,25.7930,0.6311,0.4411
307.0000,52,185,15,28,0.6500,0.0750,0.7761,0.7075,0.6088,210.0000,0.3500,0.6500,0.3500,0.9250,0.8333,26.7215,0.6379,0.4479
307.5000,56,191,9,24,0.7000,0.0450,0.8615,0.7724,0.7009,180.0000,0.3000,0.7000,0.3000,0.9550,0.8700,22.4320,0.6393,0.4493
308.0000,55,188,12,25,0.6875,0.0600,0.8209,0.7483,0.6644,187.5000,0.3125,0.6875,0.3125,0.9400,0.8558,26.0406,0.6204,0.4304
308.5000,49,189,11,31,0.6125,0.0550,0.8167,0.7000,0.6138,232.5000,0.3875,0.6125,0.3875,0.9450,0.8342,24.1847,0.6264,0.4364
309.0000,57,185,15,23,0.7125,0.0750,0.7917,0.7500,0.6589,172.5000,0.2875,0.7125,0.2875,0.9250,0.8542,23.0322,0.6485,0.4585
309.5000,61,190,10,19,0.7625,0.0500,0.8592,0.8079,0.7398,142.5000,0.2375,0.7625,0.2375,0.9500,0.8875,26.1858,0.6440,0.4540
310.0000,55,191,9,25,0.6875,0.0450,0.8594,0.7639,0.6912,187.5000,0.3125,0.6875,0.3125,0.9550,0.8658,26.1981,0.6481,0.4581
310.5000,61,193,7,19,0.7625,0.0350,0.8971,0.8243,0.7664,142.5000,0.2375,0.7625,0.2375,0.9650,0.8975,25.9007,0.6133,0.4233
311.0000,53,192,8,27,0.6625,0.0400,0.8689,0.7518,0.6813,202.5000,0.3375,0.6625,0.3375,0.9600,0.8608,24.2258,0.6469,0.4569
311.5000,56,194,6,24,0.7000,0.0300,0.9032,0.7887,0.7290,180.0000,0.3000,0.7000,0.3000,0.9700,0.8800,25.0350,0.6383,0.4483
312.0000,49,188,12,31,0.6125,0.0600,0.8033,0.6950,0.6047,232.5000,0.3875,0.6125,0.3875,0.9400,0.8308,27.7920,0.6461,0.4561
312.5000,53,186,14,27,0.6625,0.0700,0.7910,0.7211,0.6274,202.5000,0.3375,0.6625,0.3375,0.9300,0.8408,23.0322,0.6199,0.4299
313.0000,56,191,9,24,0.7000,0.0450,0.8615,0.7724,0.7009,180.0000,0.3000,0.7000,0.3000,0.9550,0.8700,27.1817,0.6445,0.4545
313.5000,56,192,8,24,0.7000,0.0400,0.8750,0.7778,0.7100,180.0000,0.3000,0.7000,0.3000,0.9600,0.8733,25.9116,0.6489,0.4589
314.0000,54,184,16,26,0.6750,0.0800,0.7714,0.7200,0.6208,195.0000,0.3250,0.6750,0.3250,0.9200,0.8383,25.5332,0.6311,0.4411
314.5000,53,192,8,27,0.6625,0.0400,0.8689,0.7518,0.6813,202.5000,0.3375,0.6625,0.3375,0.9600,0.8608,27.5142,0.6217,0.4317
315.0000,60,190,10,20,0.7500,0.0500,0.8571,0.8000,0.7303,150.0000,0.2500,0.7500,0.2500,0.9500,0.8833,22.7427,0.6422,0.4522
315.5000,51,192,8,29,0.6375,0.0400,0.8644,0.7338,0.6619,217.5000,0.3625,0.6375,0.3625,0.9600,0.8525,24.8736,0.6165,0.4265
316.0000,65,194,6,15,0.8125,0.0300,0.9155,0.8609,0.8125,112.5000,0.1875,0.8125,0.1875,0.9700,0.9175,27.9222,0.6408,0.4508
316.5000,58,190,10,22,0.7250,0.0500,0.8529,0.7838,0.7111,165.0000,0.2750,0.7250,0.2750,0.9500,0.8750,26.2256,0.6412,0.4512
317.0000,60,195,5,20,0.7500,0.0250,0.9231,0.8276,0.7758,150.0000,0.2500,0.7500,0.2500,0.9750,0.9000,22.6704,0.6371,0.4471
317.5000,57,189,11,23,0.7125,0.0550,0.8382,0.7703,0.6927,172.5000,0.2875,0.7125,0.2875,0.9450,0.8675,26.5736,0.6367,0.4467
318.0000,60,191,9,20,0.7500,0.0450,0.8696,0.8054,0.7391,150.0000,0.2500,0.7500,0.2500,0.9550,0.8867,22.7193,0.6487,0.4587
318.5000,53,185,15,27,0.6625,0.0750,0.7794,0.7162,0.6189,202.5000,0.3375,0.6625,0.3375,0.9250,0.8375,27.6345,0.6202,0.4302
319.0000,55,186,14,25,0.6875,0.0700,0.7971,0.7383,0.6473,187.5000,0.3125,0.6875,0.3125,0.9300,0.8492,27.1750,0.6226,0.4326
319.5000,55,185,15,25,0.6875,0.0750,0.7857,0.7333,0.6390,187.5000,0.3125,0.6875,0.3125,0.9250,0.8458,26.1103,0.6302,0.4402
320.0000,54,192,8,26,0.6750,0.0400,0.8710,0.7606,0.6909,195.0000,0.3250,0.6750,0.3250,0.9600,0.8650,22.7038,0.6400,0.4500
320.5000,58,186,14,22,0.7250,0.0700,0.8056,0.7632,0.6770,165.0000,0.2750,0.7250,0.2750,0.9300,0.8617,25.7803,0.6220,0.4320
321.0000,62,183,17,18,0.7750,0.0850,0.7848,0.7799,0.6926,135.0000,0.2250,0.7750,0.2250,0.9150,0.8683,25.8840,0.6488,0.4588
321.5000,54,186,14,26,0.6750,0.0700,0.7941,0.7297,0.6374,195.0000,0.3250,0.6750,0.3250,0.9300,0.8450,26.7409,0.6295,0.4395
322.0000,62,191,9,18,0.7750,0.0450,0.8732,0.8212,0.7580,135.0000,0.2250,0.7750,0.2250,0.9550,0.8950,23.6864,0.6244,0.4344
322.5000,56,195,5,24,0.7000,0.0250,0.9180,0.7943,0.7387,180.0000,0.3000,0.7000,0.3000,0.9750,0.8833,24.7681,0.6238,0.4338
323.0000,58,188,12,22,0.7250,0.0600,0.8286,0.7733,0.6938,165.0000,0.2750,0.7250,0.2750,0.9400,0.8683,23.4981,0.6325,0.4425
323.5000,51,182,18,29,0.6375,0.0900,0.7391,0.6846,0.5740,217.5000,0.3625,0.6375,0.3625,0.9100,0.8192,24.6848,0.6229,0.4329
324.0000,59,188,12,21,0.7375,0.0600,0.8310,0.7815,0.7035,157.5000,0.2625,0.7375,0.2625,0.9400,0.8725,27.3130,0.6158,0.4258
324.5000,56,188,12,24,0.7000,0.0600,0.8235,0.7568,0.6742,180.0000,0.3000,0.7000,0.3000,0.9400,0.8600,26.0602,0.6291,0.4391
325.0000,57,183,17,23,0.7125,0.0850,0.7703,0.7403,0.6429,172.5000,0.2875,0.7125,0.2875,0.9150,0.8475,23.9201,0.6331,0.4431
325.5000,64,187,13,16,0.8000,0.0650,0.8312,0.8153,0.7436,120.0000,0.2000,0.8000,0.2000,0.9350,0.8900,26.5645,0.6109,0.4209
326.0000,57,187,13,23,0.7125,0.0650,0.8143,0.7600,0.6755,172.5000,0.2875,0.7125,0.2875,0.9350,0.8608,26.6810,0.6235,0.4335
326.5000,54,195,5,26,0.6750,0.0250,0.9153,0.7770,0.7200,195.0000,0.3250,0.6750,0.3250,0.9750,0.8750,27.3813,0.6444,0.4544
327.0000,57,184,16,23,0.7125,0.0800,0.7808,0.7451,0.6508,172.5000,0.2875,0.7125,0.2875,0.9200,0.8508,24.7235,0.6176,0.4276
327.5000,55,191,9,25,0.6875,0.0450,0.8594,0.7639,0.6912,187.5000,0.3125,0.6875,0.3125,0.9550,0.8658,23.4892,0.6139,0.4239
328.0000,51,185,15,29,0.6375,0.0750,0.7727,0.6986,0.5987,217.5000,0.3625,0.6375,0.3625,0.9250,0.8292,24.2504,0.6114,0.4214
328.5000,59,184,16,21,0.7375,0.0800,0.7867,0.7613,0.6707,157.5000,0.2625,0.7375,0.2625,0.9200,0.8592,25.5460,0.6469,0.4569
329.0000,60,186,14,20,0.7500,0.0700,0.8108,0.7792,0.6967,150.0000,0.2500,0.7500,0.2500,0.9300,0.8700,25.9596,0.6164,0.4264
329.5000,52,193,7,28,0.6500,0.0350,0.8814,0.7482,0.6813,210.0000,0.3500,0.6500,0.3500,0.9650,0.8600,25.1570,0.6125,0.4225
330.0000,52,191,9,28,0.6500,0.0450,0.8525,0.7376,0.6621,210.0000,0.3500,0.6500,0.3500,0.9550,0.8533,25.1553,0.6288,0.4388
330.5000,59,193,7,21,0.7375,0.0350,0.8939,0.8082,0.7477,157.5000,0.2625,0.7375,0.2625,0.9650,0.8892,23.8362,0.6466,0.4566
331.0000,60,193,7,20,0.7500,0.0350,0.8955,0.8163,0.7571,150.0000,0.2500,0.7500,0.2500,0.9650,0.8933,22.5416,0.6202,0.4302
331.5000,62,191,9,18,0.7750,0.0450,0.8732,0.8212,0.7580,135.0000,0.2250,0.7750,0.2250,0.9550,0.8950,26.4488,0.6129,0.4229
332.0000,54,190,10,26,0.6750,0.0500,0.8438,0.7500,0.6724,195.0000,0.3250,0.6750,0.3250,0.9500,0.8583,26.5128,0.6212,0.4312
332.5000,52,189,11,28,0.6500,0.0550,0.8254,0.7273,0.6437,210.0000,0.3500,0.6500,0.3500,0.9450,0.8467,26.4418,0.6127,0.4227
333.0000,64,192,8,16,0.8000,0.0400,0.8889,0.8421,0.7856,120.0000,0.2000,0.8000,0.2000,0.9600,0.9067,25.8459,0.6219,0.4319
333.5000,53,192,8,27,0.6625,0.0400,0.8689,0.7518,0.6813,202.5000,0.3375,0.6625,0.3375,0.9600,0.8608,22.3495,0.6161,0.4261
334.0000,56,191,9,24,0.7000,0.0450,0.8615,0.7724,0.7009,180.0000,0.3000,0.7000,0.3000,0.9550,0.8700,23.6223,0.6187,0.4287
334.5000,57,187,13,23,0.7125,0.0650,0.8143,0.7600,0.6755,172.5000,0.2875,0.7125,0.2875,0.9350,0.8608,23.2528,0.6294,0.4394
335.0000,49,185,15,31,0.6125,0.0750,0.7656,0.6806,0.5783,232.5000,0.3875,0.6125,0.3875,0.9250,0.8208,22.5571,0.6349,0.4449
335.5000,56,188,12,24,0.7000,0.0600,0.8235,0.7568,0.6742,180.0000,0.3000,0.7000,0.3000,0.9400,0.8600,24.4979,0.6491,0.4591
336.0000,57,192,8,23,0.7125,0.0400,0.8769,0.7862,0.7196,172.5000,0.2875,0.7125,0.2875,0.9600,0.8775,26.1740,0.6230,0.4330
336.5000,61,194,6,19,0.7625,0.0300,0.9104,0.8299,0.7756,142.5000,0.2375,0.7625,0.2375,0.9700,0.9008,24.4534,0.6413,0.4513
337.0000,62,185,15,18,0.7750,0.0750,0.8052,0.7898,0.7082,135.0000,0.2250,0.7750,0.2250,0.9250,0.8750,27.5390,0.6334,0.4434
337.5000,58,192,8,22,0.7250,0.0400,0.8788,0.7945,0.7291,165.0000,0.2750,0.7250,0.2750,0.9600,0.8817,26.0171,0.6148,0.4248
338.0000,50,194,6,30,0.6250,0.0300,0.8929,0.7353,0.6720,225.0000,0.3750,0.6250,0.3750,0.9700,0.8550,27.2959,0.6320,0.4420
338.5000,59,193,7,21,0.7375,0.0350,0.8939,0.8082,0.7477,157.5000,0.2625,0.7375,0.2625,0.9650,0.8892,26.2522,0.6405,0.4505
339.0000,62,192,8,18,0.7750,0.0400,0.8857,0.8267,0.7668,135.0000,0.2250,0.7750,0.2250,0.9600,0.8983,26.8244,0.6414,0.4514
339.5000,59,188,12,21,0.7375,0.0600,0.8310,0.7815,0.7035,157.5000,0.2625,0.7375,0.2625,0.9400,0.8725,23.0181,0.6212,0.4312
340.0000,59,189,11,21,0.7375,0.0550,0.8429,0.7867,0.7120,157.5000,0.2625,0.7375,0.2625,0.9450,0.8758,22.4817,0.6168,0.4268
340.5000,52,194,6,28,0.6500,0.0300,0.8966,0.7536,0.6911,210.0000,0.3500,0.6500,0.3500,0.9700,0.8633,27.0080,0.6205,0.4305
341.0000,64,196,4,16,0.8000,0.0200,0.9412,0.8649,0.8217,120.0000,0.2000,0.8000,0.2000,0.9800,0.9200,27.9070,0.6150,0.4250
341.5000,57,189,11,23,0.7125,0.0550,0.8382,0.7703,0.6927,172.5000,0.2875,0.7125,0.2875,0.9450,0.8675,23.5089,0.6466,0.4566
342.0000,52,195,5,28,0.6500,0.0250,0.9123,0.7591,0.7012,210.0000,0.3500,0.6500,0.3500,0.9750,0.8667,26.3089,0.6268,0.4368
342.5000,55,191,9,25,0.6875,0.0450,0.8594,0.7639,0.6912,187.5000,0.3125,0.6875,0.3125,0.9550,0.8658,27.4523,0.6470,0.4570
343.0000,57,195,5,23,0.7125,0.0250,0.9194,0.8028,0.7480,172.5000,0.2875,0.7125,0.2875,0.9750,0.8875,27.5262,0.6418,0.4518
343.5000,55,195,5,25,0.6875,0.0250,0.9167,0.7857,0.7294,187.5000,0.3125,0.6875,0.3125,0.9750,0.8792,27.7400,0.6171,0.4271
344.0000,56,187,13,24,0.7000,0.0650,0.8116,0.7517,0.6657,180.0000,0.3000,0.7000,0.3000,0.9350,0.8567,25.9860,0.6145,0.4245
344.5000,51,186,14,29,0.6375,0.0700,0.7846,0.7034,0.6072,217.5000,0.3625,0.6375,0.3625,0.9300,0.8325,25.5315,0.6315,0.4415
345.0000,55,190,10,25,0.6875,0.0500,0.8462,0.7586,0.6821,187.5000,0.3125,0.6875,0.3125,0.9500,0.8625,26.8079,0.6483,0.4583
345.5000,64,189,11,16,0.8000,0.0550,0.8533,0.8258,0.7600,120.0000,0.2000,0.8000,0.2000,0.9450,0.8967,25.0520,0.6220,0.4320
346.0000,59,188,12,21,0.7375,0.0600,0.8310,0.7815,0.7035,157.5000,0.2625,0.7375,0.2625,0.9400,0.8725,22.4925,0.6425,0.4525
346.5000,51,191,9,29,0.6375,0.0450,0.8500,0.7286,0.6523,217.5000,0.3625,0.6375,0.3625,0.9550,0.8492,27.2856,0.6465,0.4565
347.0000,63,188,12,17,0.7875,0.0600,0.8400,0.8129,0.7421,127.5000,0.2125,0.7875,0.2125,0.9400,0.8892,23.7719,0.6114,0.4214
347.5000,57,190,10,23,0.7125,0.0500,0.8507,0.7755,0.7015,172.5000,0.2875,0.7125,0.2875,0.9500,0.8708,23.2594,0.6358,0.4458
348.0000,57,186,14,23,0.7125,0.0700,0.8028,0.7550,0.6672,172.5000,0.2875,0.7125,0.2875,0.9300,0.8575,27.3105,0.6440,0.4540
348.5000,55,192,8,25,0.6875,0.0400,0.8730,0.7692,0.7005,187.5000,0.3125,0.6875,0.3125,0.9600,0.8692,27.8149,0.6265,0.4365
349.0000,59,187,13,21,0.7375,0.0650,0.8194,0.7763,0.6951,157.5000,0.2625,0.7375,0.2625,0.9350,0.8692,24.6478,0.6306,0.4406
349.5000,56,190,10,24,0.7000,0.0500,0.8485,0.7671,0.6918,180.0000,0.3000,0.7000,0.3000,0.9500,0.8667,22.8444,0.6453,0.4553
350.0000,56,196,4,24,0.7000,0.0200,0.9333,0.8000,0.7487,180.0000,0.3000,0.7000,0.3000,0.9800,0.8867,26.5313,0.6450,0.4550
350.5000,50,195,5,30,0.6250,0.0250,0.9091,0.7407,0.6822,225.0000,0.3750,0.6250,0.3750,0.9750,0.8583,25.4582,0.6471,0.4571
351.0000,56,190,10,24,0.7000,0.0500,0.8485,0.7671,0.6918,180.0000,0.3000,0.7000,0.3000,0.9500,0.8667,27.2721,0.6303,0.4403
351.5000,60,190,10,20,0.7500,0.0500,0.8571,0.8000,0.7303,150.0000,0.2500,0.7500,0.2500,0.9500,0.8833,24.4629,0.6330,0.4430
352.0000,59,191,9,21,0.7375,0.0450,0.8676,0.7973,0.7296,157.5000,0.2625,0.7375,0.2625,0.9550,0.8825,22.6594,0.6472,0.4572
352.5000,57,190,10,23,0.7125,0.0500,0.8507,0.7755,0.7015,172.5000,0.2875,0.7125,0.2875,0.9500,0.8708,23.8615,0.6167,0.4267
353.0000,54,189,11,26,0.6750,0.0550,0.8308,0.7448,0.6634,195.0000,0.3250,0.6750,0.3250,0.9450,0.8550,26.8199,0.6175,0.4275
353.5000,53,194,6,27,0.6625,0.0300,0.8983,0.7626,0.7006,202.5000,0.3375,0.6625,0.3375,0.9700,0.8675,24.1229,0.6391,0.4491
354.0000,59,189,11,21,0.7375,0.0550,0.8429,0.7867,0.7120,157.5000,0.2625,0.7375,0.2625,0.9450,0.8758,24.3033,0.6169,0.4269
354.5000,60,187,13,20,0.7500,0.0650,0.8219,0.7843,0.7049,150.0000,0.2500,0.7500,0.2500,0.9350,0.8733,23.4499,0.6342,0.4442
355.0000,61,190,10,19,0.7625,0.0500,0.8592,0.8079,0.7398,142.5000,0.2375,0.7625,0.2375,0.9500,0.8875,23.2751,0.6359,0.4459
355.5000,57,188,12,23,0.7125,0.0600,0.8261,0.7651,0.6840,172.5000,0.2875,0.7125,0.2875,0.9400,0.8642,24.4862,0.6114,0.4214
356.0000,56,193,7,24,0.7000,0.0350,0.8889,0.7832,0.7194,180.0000,0.3000,0.7000,0.3000,0.9650,0.8767,26.2959,0.6374,0.4474
356.5000,56,196,4,24,0.7000,0.0200,0.9333,0.8000,0.7487,180.0000,0.3000,0.7000,0.3000,0.9800,0.8867,24.6558,0.6365,0.4465
357.0000,59,190,10,21,0.7375,0.0500,0.8551,0.7919,0.7207,157.5000,0.2625,0.7375,0.2625,0.9500,0.8792,25.2534,0.6342,0.4442
357.5000,58,188,12,22,0.7250,0.0600,0.8286,0.7733,0.6938,165.0000,0.2750,0.7250,0.2750,0.9400,0.8683,27.1298,0.6196,0.4296
358.0000,60,188,12,20,0.7500,0.0600,0.8333,0.7895,0.7132,150.0000,0.2500,0.7500,0.2500,0.9400,0.8767,26.8078,0.6299,0.4399
358.5000,56,193,7,24,0.7000,0.0350,0.8889,0.7832,0.7194,180.0000,0.3000,0.7000,0.3000,0.9650,0.8767,25.2153,0.6489,0.4589
359.0000,58,189,11,22,0.7250,0.0550,0.8406,0.7785,0.7024,165.0000,0.2750,0.7250,0.2750,0.9450,0.8717,27.5405,0.6111,0.4211
359.5000,60,186,14,20,0.7500,0.0700,0.8108,0.7792,0.6967,150.0000,0.2500,0.7500,0.2500,0.9300,0.8700,22.8330,0.6342,0.4442
360.0000,56,194,6,24,0.7000,0.0300,0.9032,0.7887,0.7290,180.0000,0.3000,0.7000,0.3000,0.9700,0.8800,25.7176,0.6181,0.4281
360.5000,56,181,19,24,0.7000,0.0950,0.7467,0.7226,0.6172,180.0000,0.3000,0.7000,0.3000,0.9050,0.8367,28.0032,0.6370,0.4470
361.0000,59,187,13,21,0.7375,0.0650,0.8194,0.7763,0.6951,157.5000,0.2625,0.7375,0.2625,0.9350,0.8692,23.5743,0.6249,0.4349
361.5000,51,189,11,29,0.6375,0.0550,0.8226,0.7183,0.6338,217.5000,0.3625,0.6375,0.3625,0.9450,0.8425,26.1595,0.6331,0.4431
362.0000,57,187,13,23,0.7125,0.0650,0.8143,0.7600,0.6755,172.5000,0.2875,0.7125,0.2875,0.9350,0.8608,25.4057,0.6235,0.4335
362.5000,60,191,9,20,0.7500,0.0450,0.8696,0.8054,0.7391,150.0000,0.2500,0.7500,0.2500,0.9550,0.8867,25.3321,0.6208,0.4308
363.0000,59,187,13,21,0.7375,0.0650,0.8194,0.7763,0.6951,157.5000,0.2625,0.7375,0.2625,0.9350,0.8692,24.6706,0.6182,0.4282
363.5000,63,191,9,17,0.7875,0.0450,0.8750,0.8289,0.7675,127.5000,0.2125,0.7875,0.2125,0.9550,0.8992,24.9021,0.6257,0.4357
364.0000,57,190,10,23,0.7125,0.0500,0.8507,0.7755,0.7015,172.5000,0.2875,0.7125,0.2875,0.9500,0.8708,27.4846,0.6195,0.4295
364.5000,56,191,9,24,0.7000,0.0450,0.8615,0.7724,0.7009,180.0000,0.3000,0.7000,0.3000,0.9550,0.8700,24.1517,0.6196,0.4296
365.0000,62,192,8,18,0.7750,0.0400,0.8857,0.8267,0.7668,135.0000,0.2250,0.7750,0.2250,0.9600,0.8983,25.1851,0.6190,0.4290
365.5000,55,187,13,25,0.6875,0.0650,0.8088,0.7432,0.6558,187.5000,0.3125,0.6875,0.3125,0.9350,0.8525,24.3246,0.6107,0.4207
366.0000,58,192,8,22,0.7250,0.0400,0.8788,0.7945,0.7291,165.0000,0.2750,0.7250,0.2750,0.9600,0.8817,25.3220,0.6233,0.4333
366.5000,58,192,8,22,0.7250,0.0400,0.8788,0.7945,0.7291,165.0000,0.2750,0.7250,0.2750,0.9600,0.8817,22.7894,0.6192,0.4292
367.0000,55,183,17,25,0.6875,0.0850,0.7639,0.7237,0.6228,187.5000,0.3125,0.6875,0.3125,0.9150,0.8392,26.9898,0.6289,0.4389
367.5000,56,186,14,24,0.7000,0.0700,0.8000,0.7467,0.6573,180.0000,0.3000,0.7000,0.3000,0.9300,0.8533,26.6300,0.6269,0.4369
368.0000,61,186,14,19,0.7625,0.0700,0.8133,0.7871,0.7064,142.5000,0.2375,0.7625,0.2375,0.9300,0.8742,22.7660,0.6113,0.4213
368.5000,57,189,11,23,0.7125,0.0550,0.8382,0.7703,0.6927,172.5000,0.2875,0.7125,0.2875,0.9450,0.8675,23.3070,0.6315,0.4415
369.0000,64,194,6,16,0.8000,0.0300,0.9143,0.8533,0.8033,120.0000,0.2000,0.8000,0.2000,0.9700,0.9133,25.7423,0.6108,0.4208
369.5000,58,193,7,22,0.7250,0.0350,0.8923,0.8000,0.7383,165.0000,0.2750,0.7250,0.2750,0.9650,0.8850,27.2950,0.6182,0.4282
370.0000,62,183,17,18,0.7750,0.0850,0.7848,0.7799,0.6926,135.0000,0.2250,0.7750,0.2250,0.9150,0.8683,22.7530,0.6169,0.4269
370.5000,59,187,13,21,0.7375,0.0650,0.8194,0.7763,0.6951,157.5000,0.2625,0.7375,0.2625,0.9350,0.8692,26.1612,0.6329,0.4429
371.0000,66,192,8,14,0.8250,0.0400,0.8919,0.8571,0.8042,105.0000,0.1750,0.8250,0.1750,0.9600,0.9150,27.4390,0.6252,0.4352
371.5000,55,187,13,25,0.6875,0.0650,0.8088,0.7432,0.6558,187.5000,0.3125,0.6875,0.3125,0.9350,0.8525,25.5034,0.6428,0.4528
372.0000,68,189,11,12,0.8500,0.0550,0.8608,0.8553,0.7980,90.0000,0.1500,0.8500,0.1500,0.9450,0.9133,24.2053,0.6440,0.4540
372.5000,61,191,9,19,0.7625,0.0450,0.8714,0.8133,0.7486,142.5000,0.2375,0.7625,0.2375,0.9550,0.8908,26.6055,0.6308,0.4408
373.0000,57,185,15,23,0.7125,0.0750,0.7917,0.7500,0.6589,172.5000,0.2875,0.7125,0.2875,0.9250,0.8542,24.6159,0.6230,0.4330
373.5000,60,189,11,20,0.7500,0.0550,0.8451,0.7947,0.7217,150.0000,0.2500,0.7500,0.2500,0.9450,0.8800,27.2271,0.6388,0.4488
374.0000,65,184,16,15,0.8125,0.0800,0.8025,0.8075,0.7298,112.5000,0.1875,0.8125,0.1875,0.9200,0.8842,27.7843,0.6116,0.4216
374.5000,55,187,13,25,0.6875,0.0650,0.8088,0.7432,0.6558,187.5000,0.3125,0.6875,0.3125,0.9350,0.8525,25.6105,0.6408,0.4508
375.0000,57,189,11,23,0.7125,0.0550,0.8382,0.7703,0.6927,172.5000,0.2875,0.7125,0.2875,0.9450,0.8675,22.3737,0.6105,0.4205
375.5000,58,189,11,22,0.7250,0.0550,0.8406,0.7785,0.7024,165.0000,0.2750,0.7250,0.2750,0.9450,0.8717,25.0524,0.6256,0.4356
376.0000,57,183,17,23,0.7125,0.0850,0.7703,0.7403,0.6429,172.5000,0.2875,0.7125,0.2875,0.9150,0.8475,24.1435,0.6383,0.4483
376.5000,51,193,7,29,0.6375,0.0350,0.8793,0.7391,0.6716,217.5000,0.3625,0.6375,0.3625,0.9650,0.8558,23.2434,0.6281,0.4381
377.0000,62,196,4,18,0.7750,0.0200,0.9394,0.8493,0.8036,135.0000,0.2250,0.7750,0.2250,0.9800,0.9117,23.0418,0.6424,0.4524
377.5000,55,187,13,25,0.6875,0.0650,0.8088,0.7432,0.6558,187.5000,0.3125,0.6875,0.3125,0.9350,0.8525,26.7698,0.6362,0.4462
378.0000,52,190,10,28,0.6500,0.0500,0.8387,0.7324,0.6528,210.0000,0.3500,0.6500,0.3500,0.9500,0.8500,27.0764,0.6488,0.4588
378.5000,55,190,10,25,0.6875,0.0500,0.8462,0.7586,0.6821,187.5000,0.3125,0.6875,0.3125,0.9500,0.8625,23.6593,0.6231,0.4331
379.0000,54,188,12,26,0.6750,0.0600,0.8182,0.7397,0.6546,195.0000,0.3250,0.6750,0.3250,0.9400,0.8517,23.8041,0.6203,0.4303
379.5000,60,192,8,20,0.7500,0.0400,0.8824,0.8108,0.7480,150.0000,0.2500,0.7500,0.2500,0.9600,0.8900,23.3855,0.6470,0.4570
380.0000,55,191,9,25,0.6875,0.0450,0.8594,0.7639,0.6912,187.5000,0.3125,0.6875,0.3125,0.9550,0.8658,26.4748,0.6476,0.4576
380.5000,60,191,9,20,0.7500,0.0450,0.8696,0.8054,0.7391,150.0000,0.2500,0.7500,0.2500,0.9550,0.8867,24.7270,0.6493,0.4593
381.0000,56,196,4,24,0.7000,0.0200,0.9333,0.8000,0.7487,180.0000,0.3000,0.7000,0.3000,0.9800,0.8867,24.1989,0.6438,0.4538
381.5000,54,190,10,26,0.6750,0.0500,0.8438,0.7500,0.6724,195.0000,0.3250,0.6750,0.3250,0.9500,0.8583,26.0218,0.6151,0.4251
382.0000,55,186,14,25,0.6875,0.0700,0.7971,0.7383,0.6473,187.5000,0.3125,0.6875,0.3125,0.9300,0.8492,27.9583,0.6254,0.4354
382.5000,56,193,7,24,0.7000,0.0350,0.8889,0.7832,0.7194,180.0000,0.3000,0.7000,0.3000,0.9650,0.8767,22.9570,0.6432,0.4532
383.0000,53,192,8,27,0.6625,0.0400,0.8689,0.7518,0.6813,202.5000,0.3375,0.6625,0.3375,0.9600,0.8608,26.7355,0.6133,0.4233
383.5000,62,188,12,18,0.7750,0.0600,0.8378,0.8052,0.7325,135.0000,0.2250,0.7750,0.2250,0.9400,0.8850,24.0321,0.6194,0.4294
384.0000,57,184,16,23,0.7125,0.0800,0.7808,0.7451,0.6508,172.5000,0.2875,0.7125,0.2875,0.9200,0.8508,25.8650,0.6381,0.4481
384.5000,59,188,12,21,0.7375,0.0600,0.8310,0.7815,0.7035,157.5000,0.2625,0.7375,0.2625,0.9400,0.8725,27.4915,0.6450,0.4550
385.0000,55,187,13,25,0.6875,0.0650,0.8088,0.7432,0.6558,187.5000,0.3125,0.6875,0.3125,0.9350,0.8525,27.0600,0.6318,0.4418
385.5000,61,194,6,19,0.7625,0.0300,0.9104,0.8299,0.7756,142.5000,0.2375,0.7625,0.2375,0.9700,0.9008,24.2729,0.6150,0.4250
386.0000,60,189,11,20,0.7500,0.0550,0.8451,0.7947,0.7217,150.0000,0.2500,0.7500,0.2500,0.9450,0.8800,24.2493,0.6174,0.4274
386.5000,64,188,12,16,0.8000,0.0600,0.8421,0.8205,0.7517,120.0000,0.2000,0.8000,0.2000,0.9400,0.8933,24.9442,0.6176,0.4276
387.0000,56,192,8,24,0.7000,0.0400,0.8750,0.7778,0.7100,180.0000,0.3000,0.7000,0.3000,0.9600,0.8733,25.2716,0.6413,0.4513
387.5000,54,188,12,26,0.6750,0.0600,0.8182,0.7397,0.6546,195.0000,0.3250,0.6750,0.3250,0.9400,0.8517,26.7820,0.6175,0.4275
388.0000,58,190,10,22,0.7250,0.0500,0.8529,0.7838,0.7111,165.0000,0.2750,0.7250,0.2750,0.9500,0.8750,23.3890,0.6291,0.4391
388.5000,53,187,13,27,0.6625,0.0650,0.8030,0.7260,0.6359,202.5000,0.3375,0.6625,0.3375,0.9350,0.8442,25.8175,0.6227,0.4327
389.0000,58,187,13,22,0.7250,0.0650,0.8169,0.7682,0.6853,165.0000,0.2750,0.7250,0.2750,0.9350,0.8650,25.0975,0.6137,0.4237
389.5000,53,190,10,27,0.6625,0.0500,0.8413,0.7413,0.6626,202.5000,0.3375,0.6625,0.3375,0.9500,0.8542,25.8697,0.6449,0.4549
390.0000,55,185,15,25,0.6875,0.0750,0.7857,0.7333,0.6390,187.5000,0.3125,0.6875,0.3125,0.9250,0.8458,28.0479,0.6482,0.4582
390.5000,58,184,16,22,0.7250,0.0800,0.7838,0.7532,0.6608,165.0000,0.2750,0.7250,0.2750,0.9200,0.8550,24.3994,0.6423,0.4523
391.0000,56,194,6,24,0.7000,0.0300,0.9032,0.7887,0.7290,180.0000,0.3000,0.7000,0.3000,0.9700,0.8800,25.7436,0.6414,0.4514
391.5000,61,193,7,19,0.7625,0.0350,0.8971,0.8243,0.7664,142.5000,0.2375,0.7625,0.2375,0.9650,0.8975,22.8567,0.6371,0.4471
392.0000,56,194,6,24,0.7000,0.0300,0.9032,0.7887,0.7290,180.0000,0.3000,0.7000,0.3000,0.9700,0.8800,24.2295,0.6330,0.4430
392.5000,60,194,6,20,0.7500,0.0300,0.9091,0.8219,0.7663,150.0000,0.2500,0.7500,0.2500,0.9700,0.8967,22.5331,0.6338,0.4438
393.0000,57,186,14,23,0.7125,0.0700,0.8028,0.7550,0.6672,172.5000,0.2875,0.7125,0.2875,0.9300,0.8575,23.5914,0.6250,0.4350
393.5000,59,185,15,21,0.7375,0.0750,0.7973,0.7662,0.6787,157.5000,0.2625,0.7375,0.2625,0.9250,0.8625,24.0007,0.6395,0.4495
394.0000,57,191,9,23,0.7125,0.0450,0.8636,0.7808,0.7104,172.5000,0.2875,0.7125,0.2875,0.9550,0.8742,26.4008,0.6429,0.4529
394.5000,57,193,7,23,0.7125,0.0350,0.8906,0.7917,0.7289,172.5000,0.2875,0.7125,0.2875,0.9650,0.8808,23.6813,0.6232,0.4332
395.0000,64,192,8,16,0.8000,0.0400,0.8889,0.8421,0.7856,120.0000,0.2000,0.8000,0.2000,0.9600,0.9067,24.2853,0.6375,0.4475
395.5000,54,188,12,26,0.6750,0.0600,0.8182,0.7397,0.6546,195.0000,0.3250,0.6750,0.3250,0.9400,0.8517,24.3214,0.6104,0.4204
396.0000,54,194,6,26,0.6750,0.0300,0.9000,0.7714,0.7101,195.0000,0.3250,0.6750,0.3250,0.9700,0.8717,24.6492,0.6417,0.4517
396.5000,60,192,8,20,0.7500,0.0400,0.8824,0.8108,0.7480,150.0000,0.2500,0.7500,0.2500,0.9600,0.8900,28.0277,0.6113,0.4213
397.0000,57,190,10,23,0.7125,0.0500,0.8507,0.7755,0.7015,172.5000,0.2875,0.7125,0.2875,0.9500,0.8708,24.5807,0.6383,0.4483
397.5000,52,190,10,28,0.6500,0.0500,0.8387,0.7324,0.6528,210.0000,0.3500,0.6500,0.3500,0.9500,0.8500,27.6490,0.6362,0.4462
398.0000,59,188,12,21,0.7375,0.0600,0.8310,0.7815,0.7035,157.5000,0.2625,0.7375,0.2625,0.9400,0.8725,23.7858,0.6490,0.4590
398.5000,63,183,17,17,0.7875,0.0850,0.7875,0.7875,0.7025,127.5000,0.2125,0.7875,0.2125,0.9150,0.8725,26.3062,0.6178,0.4278
399.0000,56,192,8,24,0.7000,0.0400,0.8750,0.7778,0.7100,180.0000,0.3000,0.7000,0.3000,0.9600,0.8733,22.6960,0.6183,0.4283
399.5000,48,190,10,32,0.6000,0.0500,0.8276,0.6957,0.6131,240.0000,0.4000,0.6000,0.4000,0.9500,0.8333,26.2065,0.6329,0.4429
400.0000,60,187,13,20,0.7500,0.0650,0.8219,0.7843,0.7049,150.0000,0.2500,0.7500,0.2500,0.9350,0.8733,25.7247,0.6336,0.4436
400.5000,64,191,9,16,0.8000,0.0450,0.8767,0.8366,0.7769,120.0000,0.2000,0.8000,0.2000,0.9550,0.9033,23.9218,0.6116,0.4216
401.0000,53,190,10,27,0.6625,0.0500,0.8413,0.7413,0.6626,202.5000,0.3375,0.6625,0.3375,0.9500,0.8542,25.3674,0.6356,0.4456
401.5000,60,188,12,20,0.7500,0.0600,0.8333,0.7895,0.7132,150.0000,0.2500,0.7500,0.2500,0.9400,0.8767,27.4098,0.6430,0.4530
402.0000,59,189,11,21,0.7375,0.0550,0.8429,0.7867,0.7120,157.5000,0.2625,0.7375,0.2625,0.9450,0.8758,25.9250,0.6311,0.4411
402.5000,53,191,9,27,0.6625,0.0450,0.8548,0.7465,0.6719,202.5000,0.3375,0.6625,0.3375,0.9550,0.8575,26.7268,0.6284,0.4384
403.0000,63,189,11,17,0.7875,0.0550,0.8514,0.8182,0.7504,127.5000,0.2125,0.7875,0.2125,0.9450,0.8925,25.0769,0.6495,0.4595
403.5000,51,188,12,29,0.6375,0.0600,0.8095,0.7133,0.6248,217.5000,0.3625,0.6375,0.3625,0.9400,0.8392,25.8528,0.6278,0.4378
404.0000,63,189,11,17,0.7875,0.0550,0.8514,0.8182,0.7504,127.5000,0.2125,0.7875,0.2125,0.9450,0.8925,26.0806,0.6202,0.4302
404.5000,58,184,16,22,0.7250,0.0800,0.7838,0.7532,0.6608,165.0000,0.2750,0.7250,0.2750,0.9200,0.8550,24.6513,0.6232,0.4332
405.0000,59,188,12,21,0.7375,0.0600,0.8310,0.7815,0.7035,157.5000,0.2625,0.7375,0.2625,0.9400,0.8725,27.5784,0.6156,0.4256
405.5000,55,187,13,25,0.6875,0.0650,0.8088,0.7432,0.6558,187.5000,0.3125,0.6875,0.3125,0.9350,0.8525,23.9974,0.6369,0.4469
406.0000,58,188,12,22,0.7250,0.0600,0.8286,0.7733,0.6938,165.0000,0.2750,0.7250,0.2750,0.9400,0.8683,24.2604,0.6432,0.4532
406.5000,57,189,11,23,0.7125,0.0550,0.8382,0.7703,0.6927,172.5000,0.2875,0.7125,0.2875,0.9450,0.8675,22.9819,0.6289,0.4389
407.0000,59,186,14,21,0.7375,0.0700,0.8082,0.7712,0.6869,157.5000,0.2625,0.7375,0.2625,0.9300,0.8658,24.3367,0.6180,0.4280
407.5000,52,193,7,28,0.6500,0.0350,0.8814,0.7482,0.6813,210.0000,0.3500,0.6500,0.3500,0.9650,0.8600,26.9148,0.6426,0.4526
408.0000,58,191,9,22,0.7250,0.0450,0.8657,0.7891,0.7200,165.0000,0.2750,0.7250,0.2750,0.9550,0.8783,24.3692,0.6302,0.4402
408.5000,56,187,13,24,0.7000,0.0650,0.8116,0.7517,0.6657,180.0000,0.3000,0.7000,0.3000,0.9350,0.8567,24.1775,0.6230,0.4330
409.0000,56,192,8,24,0.7000,0.0400,0.8750,0.7778,0.7100,180.0000,0.3000,0.7000,0.3000,0.9600,0.8733,24.9323,0.6497,0.4597
409.5000,53,189,11,27,0.6625,0.0550,0.8281,0.7361,0.6536,202.5000,0.3375,0.6625,0.3375,0.9450,0.8508,23.7387,0.6327,0.4427
410.0000,58,190,10,22,0.7250,0.0500,0.8529,0.7838,0.7111,165.0000,0.2750,0.7250,0.2750,0.9500,0.8750,23.5564,0.6357,0.4457
410.5000,58,184,16,22,0.7250,0.0800,0.7838,0.7532,0.6608,165.0000,0.2750,0.7250,0.2750,0.9200,0.8550,26.1930,0.6229,0.4329
411.0000,62,190,10,18,0.7750,0.0500,0.8611,0.8158,0.7494,135.0000,0.2250,0.7750,0.2250,0.9500,0.8917,23.0250,0.6187,0.4287
411.5000,58,191,9,22,0.7250,0.0450,0.8657,0.7891,0.7200,165.0000,0.2750,0.7250,0.2750,0.9550,0.8783,27.8492,0.6206,0.4306
412.0000,55,187,13,25,0.6875,0.0650,0.8088,0.7432,0.6558,187.5000,0.3125,0.6875,0.3125,0.9350,0.8525,27.5892,0.6199,0.4299
412.5000,52,194,6,28,0.6500,0.0300,0.8966,0.7536,0.6911,210.0000,0.3500,0.6500,0.3500,0.9700,0.8633,27.2225,0.6230,0.4330
413.0000,58,192,8,22,0.7250,0.0400,0.8788,0.7945,0.7291,165.0000,0.2750,0.7250,0.2750,0.9600,0.8817,26.7061,0.6299,0.4399
413.5000,52,191,9,28,0.6500,0.0450,0.8525,0.7376,0.6621,210.0000,0.3500,0.6500,0.3500,0.9550,0.8533,25.9744,0.6192,0.4292
414.0000,56,191,9,24,0.7000,0.0450,0.8615,0.7724,0.7009,180.0000,0.3000,0.7000,0.3000,0.9550,0.8700,23.5300,0.6441,0.4541
414.5000,61,190,10,19,0.7625,0.0500,0.8592,0.8079,0.7398,142.5000,0.2375,0.7625,0.2375,0.9500,0.8875,24.1301,0.6240,0.4340
415.0000,57,191,9,23,0.7125,0.0450,0.8636,0.7808,0.7104,172.5000,0.2875,0.7125,0.2875,0.9550,0.8742,25.2846,0.6422,0.4522
415.5000,59,188,12,21,0.7375,0.0600,0.8310,0.7815,0.7035,157.5000,0.2625,0.7375,0.2625,0.9400,0.8725,22.6227,0.6453,0.4553
416.0000,59,193,7,21,0.7375,0.0350,0.8939,0.8082,0.7477,157.5000,0.2625,0.7375,0.2625,0.9650,0.8892,24.7943,0.6152,0.4252
416.5000,56,190,10,24,0.7000,0.0500,0.8485,0.7671,0.6918,180.0000,0.3000,0.7000,0.3000,0.9500,0.8667,23.2949,0.6376,0.4476
417.0000,61,189,11,19,0.7625,0.0550,0.8472,0.8026,0.7313,142.5000,0.2375,0.7625,0.2375,0.9450,0.8842,24.4405,0.6395,0.4495
417.5000,59,192,8,21,0.7375,0.0400,0.8806,0.8027,0.7385,157.5000,0.2625,0.7375,0.2625,0.9600,0.8858,23.7334,0.6104,0.4204
418.0000,55,188,12,25,0.6875,0.0600,0.8209,0.7483,0.6644,187.5000,0.3125,0.6875,0.3125,0.9400,0.8558,26.6428,0.6400,0.4500
418.5000,60,192,8,20,0.7500,0.0400,0.8824,0.8108,0.7480,150.0000,0.2500,0.7500,0.2500,0.9600,0.8900,26.0383,0.6371,0.4471
