cycle_id,node_id,trust_score_after,total_penalty
1,1,1.0,0.0
1,3,0.95,0.05
1,5,1.0,0.0
1,12,1.0,0.0
1,16,1.0,0.0
1,23,1.0,0.0
1,24,1.0,0.0
1,29,0.95,0.05
1,30,1.0,0.0
1,33,1.0,0.0
1,35,1.0,0.0
1,38,1.0,0.0
1,41,1.0,0.0
1,42,1.0,0.0
1,44,1.0,0.0
1,46,1.0,0.0
1,48,1.0,0.0
1,51,1.0,0.0
1,55,1.0,0.0
1,67,1.0,0.0
1,72,1.0,0.0
1,75,1.0,0.0
1,77,0.95,0.05
1,78,1.0,0.0
1,79,1.0,0.0
1,93,1.0,0.0
1,97,1.0,0.0
1,108,1.0,0.0
1,109,1.0,0.0
1,110,1.0,0.0
1,111,1.0,0.0
1,115,0.95,0.05
1,118,1.0,0.0
1,122,0.95,0.05
1,123,1.0,0.0
1,124,1.0,0.0
1,128,1.0,0.0
1,129,1.0,0.0
1,130,1.0,0.0
1,132,1.0,0.0
1,134,1.0,0.0
1,138,1.0,0.0
1,140,1.0,0.0
1,141,1.0,0.0
1,143,1.0,0.0
1,153,1.0,0.0
1,154,1.0,0.0
1,155,0.95,0.05
1,159,1.0,0.0
1,162,1.0,0.0
1,165,1.0,0.0
1,168,0.95,0.05
1,169,1.0,0.0
1,180,0.95,0.05
1,182,0.95,0.05
1,187,1.0,0.0
1,188,1.0,0.0
1,191,1.0,0.0
1,194,0.95,0.05
1,195,1.0,0.0
1,197,1.0,0.0
1,198,1.0,0.0
1,236,1.0,0.0
1,238,1.0,0.0
1,239,0.95,0.05
1,240,0.95,0.05
1,241,1.0,0.0
1,248,0.95,0.05
1,249,1.0,0.0
1,250,1.0,0.0
1,251,1.0,0.0
1,252,1.0,0.0
1,257,1.0,0.0
1,258,1.0,0.0
1,259,0.95,0.05
1,260,1.0,0.0
1,261,1.0,0.0
1,262,0.95,0.05
1,263,0.95,0.05
1,268,0.95,0.05
1,269,1.0,0.0
1,270,1.0,0.0
1,271,1.0,0.0
1,272,1.0,0.0
1,273,1.0,0.0
1,274,1.0,0.0
1,279,1.0,0.0
1,280,0.95,0.05
1,290,1.0,0.0
2,1,1.0,0.0
2,3,0.44999999999999996,0.5
2,5,1.0,0.0
2,6,1.0,0.0
2,12,1.0,0.0
2,30,1.0,0.0
2,38,1.0,0.0
2,41,1.0,0.0
2,42,1.0,0.0
2,44,1.0,0.0
2,57,1.0,0.0
2,62,1.0,0.0
2,67,1.0,0.0
2,70,1.0,0.0
2,75,1.0,0.0
2,79,0.95,0.05
2,84,0.95,0.05
2,110,0.5,0.5
2,111,1.0,0.0
2,112,1.0,0.0
2,118,1.0,0.0
2,121,1.0,0.0
2,122,0.8999999999999999,0.05
2,123,1.0,0.0
2,126,1.0,0.0
2,130,1.0,0.0
2,132,0.5,0.5
2,134,0.95,0.05
2,140,1.0,0.0
2,141,1.0,0.0
2,143,1.0,0.0
2,148,0.5,0.5
2,152,1.0,0.0
2,154,0.5,0.5
2,155,0.8999999999999999,0.05
2,168,0.8999999999999999,0.05
2,188,1.0,0.0
2,193,1.0,0.0
2,195,0.95,0.05
2,197,1.0,0.0
2,198,0.95,0.05
2,238,1.0,0.0
2,239,0.95,0.0
2,240,0.8999999999999999,0.05
2,241,1.0,0.0
2,248,0.8999999999999999,0.05
2,249,1.0,0.0
2,250,0.5,0.5
2,251,1.0,0.0
2,252,0.95,0.05
2,257,1.0,0.0
2,258,0.95,0.05
2,261,0.95,0.05
2,262,0.8999999999999999,0.05
2,263,0.8999999999999999,0.05
2,271,1.0,0.0
2,272,0.95,0.05
2,273,1.0,0.0
2,283,1.0,0.0
2,284,1.0,0.0
3,1,1.0,0.0
3,2,0.5,0.5
3,3,0.0,0.5
3,5,1.0,0.0
3,6,1.0,0.0
3,12,1.0,0.0
3,14,0.95,0.05
3,21,1.0,0.0
3,23,1.0,0.0
3,27,1.0,0.0
3,29,0.95,0.0
3,30,1.0,0.0
3,31,0.95,0.05
3,36,1.0,0.0
3,38,1.0,0.0
3,41,1.0,0.0
3,42,1.0,0.0
3,44,1.0,0.0
3,51,1.0,0.0
3,57,1.0,0.0
3,62,0.95,0.05
3,64,1.0,0.0
3,67,0.95,0.05
3,70,1.0,0.0
3,72,1.0,0.0
3,73,1.0,0.0
3,75,1.0,0.0
3,79,0.95,0.0
3,94,1.0,0.0
3,108,1.0,0.0
3,110,0.0,0.5
3,111,1.0,0.0
3,112,1.0,0.0
3,118,1.0,0.0
3,121,1.0,0.0
3,122,0.8499999999999999,0.05
3,123,1.0,0.0
3,126,1.0,0.0
3,129,0.5,0.5
3,130,1.0,0.0
3,132,0.0,0.5
3,139,1.0,0.0
3,140,1.0,0.0
3,141,0.95,0.05
3,143,1.0,0.0
3,152,1.0,0.0
3,154,0.0,0.5
3,155,0.8999999999999999,0.0
3,159,1.0,0.0
3,168,0.8499999999999999,0.05
3,184,1.0,0.0
3,188,1.0,0.0
3,193,0.95,0.05
3,195,0.8999999999999999,0.05
3,197,1.0,0.0
3,198,0.95,0.0
3,228,1.0,0.0
3,240,0.8999999999999999,0.0
3,241,1.0,0.0
3,247,1.0,0.0
3,249,1.0,0.0
3,250,0.5,0.0
3,251,1.0,0.0
3,252,0.95,0.0
3,258,0.95,0.0
3,260,1.0,0.0
3,261,0.95,0.0
3,262,0.8499999999999999,0.05
3,269,0.95,0.05
3,271,1.0,0.0
3,272,0.95,0.0
3,273,1.0,0.0
3,284,1.0,0.0
4,1,1.0,0.0
4,3,0.0,0.5
4,5,1.0,0.0
4,6,1.0,0.0
4,7,1.0,0.0
4,10,1.0,0.0
4,12,1.0,0.0
4,15,0.5,0.5
4,17,1.0,0.0
4,23,1.0,0.0
4,27,1.0,0.0
4,30,1.0,0.0
4,35,1.0,0.0
4,36,1.0,0.0
4,38,1.0,0.0
4,41,1.0,0.0
4,42,1.0,0.0
4,44,1.0,0.0
4,46,0.95,0.05
4,47,1.0,0.0
4,55,0.5,0.5
4,62,0.95,0.0
4,67,0.7999999999999999,0.15
4,72,1.0,0.0
4,73,1.0,0.0
4,74,0.5,0.5
4,75,1.0,0.0
4,77,0.95,0.0
4,82,1.0,0.0
4,85,1.0,0.0
4,88,0.5,0.5
4,93,0.95,0.05
4,94,0.95,0.05
4,95,1.0,0.0
4,97,1.0,0.0
4,99,1.0,0.0
4,102,0.5,0.5
4,108,1.0,0.0
4,110,0.0,0.5
4,111,1.0,0.0
4,115,0.8999999999999999,0.05
4,118,1.0,0.0
4,119,1.0,0.0
4,121,0.95,0.05
4,122,0.34999999999999987,0.5
4,123,1.0,0.0
4,124,1.0,0.0
4,126,1.0,0.0
4,127,1.0,0.0
4,128,1.0,0.0
4,129,0.0,0.5
4,130,1.0,0.0
4,132,0.0,0.5
4,137,1.0,0.0
4,138,1.0,0.0
4,140,1.0,0.0
4,141,0.8999999999999999,0.05
4,143,1.0,0.0
4,145,1.0,0.0
4,149,1.0,0.0
4,153,0.95,0.05
4,154,0.0,0.5
4,155,0.8999999999999999,0.0
4,163,1.0,0.0
4,165,0.95,0.05
4,168,0.7999999999999998,0.05
4,169,1.0,0.0
4,171,1.0,0.0
4,184,1.0,0.0
4,187,0.95,0.05
4,188,1.0,0.0
4,191,1.0,0.0
4,192,1.0,0.0
4,194,0.8999999999999999,0.05
4,195,0.8499999999999999,0.05
4,197,1.0,0.0
4,198,0.95,0.0
4,240,0.8999999999999999,0.0
4,241,1.0,0.0
4,247,0.95,0.05
4,249,1.0,0.0
4,250,0.5,0.0
4,251,1.0,0.0
4,252,0.95,0.0
4,258,0.95,0.0
4,259,0.95,0.0
4,260,1.0,0.0
4,261,0.95,0.0
4,262,0.7999999999999998,0.05
4,268,0.95,0.0
4,269,0.8999999999999999,0.05
4,270,0.95,0.05
4,271,1.0,0.0
4,272,0.95,0.0
4,279,1.0,0.0
4,280,0.95,0.0
4,281,1.0,0.0
4,290,0.95,0.05
4,291,1.0,0.0
5,1,1.0,0.0
5,3,0.0,0.5
5,6,1.0,0.0
5,7,1.0,0.0
5,10,1.0,0.0
5,12,1.0,0.0
5,17,1.0,0.0
5,23,1.0,0.0
5,29,0.44999999999999996,0.5
5,30,1.0,0.0
5,31,0.8999999999999999,0.05
5,36,1.0,0.0
5,37,0.5,0.5
5,41,1.0,0.0
5,42,1.0,0.0
5,57,1.0,0.0
5,62,0.95,0.0
5,64,1.0,0.0
5,67,0.6499999999999999,0.15
5,73,1.0,0.0
5,75,1.0,0.0
5,77,0.95,0.0
5,78,1.0,0.0
5,79,0.95,0.0
5,80,1.0,0.0
5,84,0.44999999999999996,0.5
5,85,1.0,0.0
5,88,0.0,0.5
5,89,1.0,0.0
5,94,0.95,0.0
5,98,1.0,0.0
5,108,1.0,0.0
5,110,0.0,0.5
5,111,1.0,0.0
5,112,1.0,0.0
5,118,1.0,0.0
5,119,1.0,0.0
5,121,0.95,0.0
5,122,0.0,0.5
5,123,1.0,0.0
5,124,1.0,0.0
5,126,1.0,0.0
5,127,1.0,0.0
5,130,1.0,0.0
5,132,0.0,0.5
5,139,1.0,0.0
5,140,1.0,0.0
5,143,1.0,0.0
5,145,1.0,0.0
5,152,1.0,0.0
5,154,0.0,0.5
5,155,0.8999999999999999,0.0
5,159,1.0,0.0
5,168,0.7499999999999998,0.05
5,184,1.0,0.0
5,188,1.0,0.0
5,189,1.0,0.0
5,194,0.8999999999999999,0.0
5,195,0.7999999999999998,0.05
5,197,1.0,0.0
5,198,0.95,0.0
5,240,0.8999999999999999,0.0
5,241,1.0,0.0
5,250,0.5,0.0
5,251,1.0,0.0
5,252,0.95,0.0
5,259,0.95,0.0
5,260,1.0,0.0
5,261,0.95,0.0
5,262,0.7499999999999998,0.05
5,270,0.95,0.0
5,271,0.95,0.05
5,272,0.95,0.0
5,273,1.0,0.0
5,282,1.0,0.0
5,283,1.0,0.0
5,291,1.0,0.0
6,1,1.0,0.0
6,3,0.0,0.5
6,5,1.0,0.0
6,12,1.0,0.0
6,23,1.0,0.0
6,26,1.0,0.0
6,27,1.0,0.0
6,28,1.0,0.0
6,30,1.0,0.0
6,36,1.0,0.0
6,38,1.0,0.0
6,41,1.0,0.0
6,42,1.0,0.0
6,44,1.0,0.0
6,51,1.0,0.0
6,62,0.95,0.0
6,67,0.6499999999999999,0.0
6,75,1.0,0.0
6,78,0.95,0.05
6,79,0.8999999999999999,0.05
6,110,0.0,0.5
6,111,1.0,0.0
6,118,1.0,0.0
6,121,0.95,0.0
6,122,0.0,0.5
6,123,1.0,0.0
6,124,1.0,0.0
6,125,1.0,0.0
6,130,1.0,0.0
6,132,0.0,0.5
6,140,1.0,0.0
6,143,1.0,0.0
6,151,1.0,0.0
6,154,0.0,0.5
6,155,0.8999999999999999,0.0
6,168,0.6999999999999997,0.05
6,184,1.0,0.0
6,188,0.95,0.05
6,194,0.8999999999999999,0.0
6,195,0.7499999999999998,0.05
6,197,1.0,0.0
6,198,0.95,0.0
6,207,1.0,0.0
6,208,1.0,0.0
6,218,1.0,0.0
6,220,1.0,0.0
6,226,0.95,0.05
6,228,1.0,0.0
6,229,1.0,0.0
6,230,1.0,0.0
6,231,1.0,0.0
6,237,1.0,0.0
6,239,0.95,0.0
6,240,0.8999999999999999,0.0
6,241,1.0,0.0
6,242,1.0,0.0
6,247,0.95,0.0
6,251,1.0,0.0
6,252,0.95,0.0
6,258,0.95,0.0
6,259,0.95,0.0
6,260,1.0,0.0
6,261,0.95,0.0
7,1,1.0,0.0
7,3,0.0,0.5
7,5,1.0,0.0
7,6,1.0,0.0
7,12,1.0,0.0
7,13,1.0,0.0
7,23,1.0,0.0
7,28,1.0,0.0
7,30,1.0,0.0
7,31,0.8999999999999999,0.0
7,37,0.0,0.5
7,38,1.0,0.0
7,41,0.95,0.05
7,42,1.0,0.0
7,44,1.0,0.0
7,56,1.0,0.0
7,57,1.0,0.0
7,60,1.0,0.0
7,62,0.95,0.0
7,64,1.0,0.0
7,67,0.6499999999999999,0.0
7,70,0.95,0.05
7,73,1.0,0.0
7,75,1.0,0.0
7,77,0.95,0.0
7,79,0.8499999999999999,0.05
7,108,0.85,0.15
7,110,0.0,0.5
7,111,1.0,0.0
7,112,1.0,0.0
7,118,1.0,0.0
7,121,0.95,0.0
7,122,0.0,0.5
7,123,1.0,0.0
7,126,1.0,0.0
7,127,1.0,0.0
7,130,1.0,0.0
7,132,0.0,0.5
7,134,0.95,0.0
7,136,0.5,0.5
7,137,0.95,0.05
7,139,1.0,0.0
7,140,0.95,0.05
7,143,1.0,0.0
7,152,0.95,0.05
7,154,0.0,0.5
7,155,0.8999999999999999,0.0
7,156,1.0,0.0
7,158,0.95,0.05
7,168,0.6499999999999997,0.05
7,171,1.0,0.0
7,182,0.95,0.0
7,184,1.0,0.0
7,188,0.95,0.0
7,193,0.44999999999999996,0.5
7,194,0.8999999999999999,0.0
7,195,0.6999999999999997,0.05
7,196,1.0,0.0
7,198,0.95,0.0
7,218,1.0,0.0
7,229,1.0,0.0
7,230,1.0,0.0
7,236,1.0,0.0
7,237,1.0,0.0
7,238,1.0,0.0
7,239,0.95,0.0
7,240,0.8999999999999999,0.0
7,241,1.0,0.0
7,249,1.0,0.0
7,250,0.45,0.05
7,251,0.95,0.05
7,252,0.95,0.0
7,258,0.95,0.0
7,259,0.7999999999999999,0.15
7,261,0.8999999999999999,0.05
7,262,0.6999999999999997,0.05
7,263,0.8999999999999999,0.0
7,271,0.8999999999999999,0.05
7,272,0.95,0.0
7,282,1.0,0.0
7,283,1.0,0.0
7,285,1.0,0.0
8,1,1.0,0.0
8,3,0.0,0.5
8,5,1.0,0.0
8,6,1.0,0.0
8,12,1.0,0.0
8,26,0.95,0.05
8,27,0.95,0.05
8,28,1.0,0.0
8,30,1.0,0.0
8,36,0.95,0.05
8,38,1.0,0.0
8,41,0.95,0.0
8,42,0.95,0.05
8,51,1.0,0.0
8,56,1.0,0.0
8,59,1.0,0.0
8,60,1.0,0.0
8,67,0.5999999999999999,0.05
8,70,0.95,0.0
8,73,1.0,0.0
8,75,0.95,0.05
8,87,1.0,0.0
8,110,0.0,0.5
8,111,1.0,0.0
8,112,1.0,0.0
8,121,0.95,0.0
8,122,0.0,0.05
8,123,1.0,0.0
8,130,1.0,0.0
8,132,0.0,0.5
8,134,0.95,0.0
8,139,0.95,0.05
8,140,0.95,0.0
8,143,1.0,0.0
8,152,0.8999999999999999,0.05
8,154,0.0,0.5
8,155,0.8999999999999999,0.0
8,164,1.0,0.0
8,168,0.5999999999999996,0.05
8,183,1.0,0.0
8,184,1.0,0.0
8,188,0.95,0.0
8,195,0.6499999999999997,0.05
8,197,1.0,0.0
8,198,0.95,0.0
8,228,1.0,0.0
8,230,0.95,0.05
8,238,1.0,0.0
8,239,0.95,0.0
8,240,0.8999999999999999,0.0
8,241,1.0,0.0
8,242,1.0,0.0
8,249,1.0,0.0
8,250,0.45,0.0
8,251,0.95,0.0
8,252,0.95,0.0
8,258,0.8999999999999999,0.05
8,259,0.7499999999999999,0.05
8,261,0.8999999999999999,0.0
8,262,0.6499999999999997,0.05
8,271,0.8499999999999999,0.05
9,1,1.0,0.0
9,3,0.0,0.5
9,6,1.0,0.0
9,12,1.0,0.0
9,27,0.95,0.0
9,29,0.39999999999999997,0.05
9,30,1.0,0.0
9,36,0.95,0.0
9,38,1.0,0.0
9,41,0.95,0.0
9,42,0.95,0.0
9,44,1.0,0.0
9,46,0.95,0.0
9,48,0.95,0.05
9,57,1.0,0.0
9,62,0.95,0.0
9,63,1.0,0.0
9,67,0.44999999999999984,0.15
9,75,0.95,0.0
9,78,0.95,0.0
9,79,0.8499999999999999,0.0
9,80,1.0,0.0
9,84,0.44999999999999996,0.0
9,108,0.7,0.15
9,110,0.0,0.5
9,111,1.0,0.0
9,112,1.0,0.0
9,118,1.0,0.0
9,121,0.95,0.0
9,122,0.0,0.05
9,123,1.0,0.0
9,127,1.0,0.0
9,130,1.0,0.0
9,132,0.0,0.5
9,134,0.95,0.0
9,138,1.0,0.0
9,140,0.95,0.0
9,141,0.8999999999999999,0.0
9,143,1.0,0.0
9,152,0.8499999999999999,0.05
9,154,0.0,0.5
9,155,0.8499999999999999,0.05
9,161,0.5,0.5
9,162,1.0,0.0
9,163,1.0,0.0
9,165,0.95,0.0
9,168,0.5499999999999996,0.05
9,183,1.0,0.0
9,184,1.0,0.0
9,188,0.95,0.0
9,195,0.5999999999999996,0.05
9,196,1.0,0.0
9,198,0.95,0.0
9,239,0.8999999999999999,0.05
9,240,0.8999999999999999,0.0
9,241,1.0,0.0
9,249,1.0,0.0
9,250,0.45,0.0
9,251,0.95,0.0
9,252,0.8999999999999999,0.05
9,257,1.0,0.0
9,258,0.8999999999999999,0.0
9,259,0.6999999999999998,0.05
9,260,1.0,0.0
9,261,0.8999999999999999,0.0
9,262,0.5999999999999996,0.05
9,263,0.8999999999999999,0.0
9,268,0.95,0.0
9,269,0.8999999999999999,0.0
9,270,0.95,0.0
9,271,0.7999999999999998,0.05
9,272,0.95,0.0
10,1,1.0,0.0
10,3,0.0,0.5
10,6,1.0,0.0
10,12,1.0,0.0
10,26,0.95,0.0
10,27,0.95,0.0
10,30,1.0,0.0
10,31,0.8499999999999999,0.05
10,36,0.95,0.0
10,37,0.0,0.5
10,38,1.0,0.0
10,41,0.95,0.0
10,42,0.95,0.0
10,44,1.0,0.0
10,48,0.8999999999999999,0.05
10,51,0.85,0.15
10,57,1.0,0.0
10,59,0.95,0.05
10,63,1.0,0.0
10,64,1.0,0.0
10,67,0.2999999999999998,0.15
10,72,1.0,0.0
10,73,1.0,0.0
10,75,0.95,0.0
10,78,0.95,0.0
10,79,0.8499999999999999,0.0
10,80,1.0,0.0
10,84,0.39999999999999997,0.05
10,87,1.0,0.0
10,88,0.0,0.5
10,94,0.95,0.0
10,95,0.95,0.05
10,108,0.19999999999999996,0.5
10,110,0.0,0.5
10,111,1.0,0.0
10,114,1.0,0.0
10,118,1.0,0.0
10,121,0.95,0.0
10,122,0.0,0.05
10,123,1.0,0.0
10,127,1.0,0.0
10,130,1.0,0.0
10,132,0.0,0.5
10,134,0.95,0.0
10,139,0.8999999999999999,0.05
10,140,0.95,0.0
10,143,1.0,0.0
10,152,0.7999999999999998,0.05
10,154,0.0,0.5
10,155,0.8499999999999999,0.0
10,162,1.0,0.0
10,164,1.0,0.0
10,168,0.4999999999999996,0.05
10,182,0.95,0.0
10,184,1.0,0.0
10,188,0.95,0.0
10,193,0.0,0.5
10,195,0.5499999999999996,0.05
10,196,1.0,0.0
10,198,0.95,0.0
10,228,0.85,0.15
10,238,1.0,0.0
10,239,0.8999999999999999,0.0
10,240,0.8999999999999999,0.0
10,241,1.0,0.0
10,247,0.8999999999999999,0.05
10,250,0.45,0.0
10,251,0.95,0.0
10,252,0.8499999999999999,0.05
10,258,0.8999999999999999,0.0
10,259,0.6499999999999998,0.05
10,261,0.8999999999999999,0.0
10,262,0.5499999999999996,0.05
10,269,0.8999999999999999,0.0
10,270,0.95,0.0
10,271,0.7499999999999998,0.05
10,273,1.0,0.0
10,283,1.0,0.0
11,1,1.0,0.0
11,3,0.0,0.5
11,12,1.0,0.0
11,21,1.0,0.0
11,24,0.5,0.5
11,27,0.95,0.0
11,29,0.24999999999999997,0.15
11,30,1.0,0.0
11,34,1.0,0.0
11,36,0.95,0.0
11,38,1.0,0.0
11,41,0.95,0.0
11,42,0.95,0.0
11,44,1.0,0.0
11,46,0.95,0.0
11,48,0.8499999999999999,0.05
11,51,0.7,0.15
11,56,1.0,0.0
11,63,0.95,0.05
11,70,0.95,0.0
11,72,0.95,0.05
11,75,0.8999999999999999,0.05
11,79,0.8499999999999999,0.0
11,80,1.0,0.0
11,95,0.8999999999999999,0.05
11,108,0.0,0.5
11,110,0.0,0.5
11,111,1.0,0.0
11,118,1.0,0.0
11,121,0.95,0.0
11,122,0.0,0.05
11,123,1.0,0.0
11,127,1.0,0.0
11,129,0.0,0.5
11,130,1.0,0.0
11,132,0.0,0.5
11,134,0.95,0.0
11,138,1.0,0.0
11,139,0.8999999999999999,0.0
11,140,0.95,0.0
11,141,0.8999999999999999,0.0
11,143,1.0,0.0
11,152,0.7999999999999998,0.0
11,154,0.0,0.5
11,155,0.8499999999999999,0.0
11,161,0.0,0.5
11,162,1.0,0.0
11,165,0.95,0.0
11,168,0.4999999999999996,0.0
11,181,1.0,0.0
11,188,0.95,0.0
11,192,1.0,0.0
11,194,0.8999999999999999,0.0
11,195,0.4999999999999996,0.05
11,196,1.0,0.0
11,197,1.0,0.0
11,198,0.95,0.0
11,230,0.95,0.0
11,237,1.0,0.0
11,238,1.0,0.0
11,239,0.8999999999999999,0.0
11,240,0.8499999999999999,0.05
11,241,1.0,0.0
11,248,0.8499999999999999,0.05
11,249,0.95,0.05
11,250,0.45,0.0
11,251,0.95,0.0
11,252,0.7999999999999998,0.05
11,257,1.0,0.0
11,258,0.8999999999999999,0.0
11,259,0.5999999999999998,0.05
11,260,1.0,0.0
11,261,0.8999999999999999,0.0
11,269,0.8999999999999999,0.0
11,270,0.95,0.0
11,271,0.6999999999999997,0.05
11,272,0.95,0.0
12,1,1.0,0.0
12,3,0.0,0.5
12,6,1.0,0.0
12,12,1.0,0.0
12,21,1.0,0.0
12,25,1.0,0.0
12,26,0.95,0.0
12,27,0.95,0.0
12,28,1.0,0.0
12,30,1.0,0.0
12,36,0.95,0.0
12,38,1.0,0.0
12,41,0.95,0.0
12,42,0.95,0.0
12,44,1.0,0.0
12,48,0.7999999999999998,0.05
12,50,1.0,0.0
12,51,0.5499999999999999,0.15
12,57,1.0,0.0
12,60,1.0,0.0
12,64,1.0,0.0
12,67,0.24999999999999983,0.05
12,73,1.0,0.0
12,75,0.8999999999999999,0.0
12,76,1.0,0.0
12,78,0.95,0.0
12,79,0.8499999999999999,0.0
12,80,1.0,0.0
12,84,0.39999999999999997,0.0
12,94,0.95,0.0
12,105,1.0,0.0
12,110,0.0,0.5
12,111,1.0,0.0
12,114,1.0,0.0
12,118,1.0,0.0
12,121,0.95,0.0
12,122,0.0,0.05
12,123,1.0,0.0
12,124,0.85,0.15
12,127,0.85,0.15
12,130,1.0,0.0
12,132,0.0,0.5
12,134,0.95,0.0
12,139,0.8999999999999999,0.0
12,141,0.8999999999999999,0.0
12,143,1.0,0.0
12,148,0.0,0.5
12,152,0.7999999999999998,0.0
12,153,0.95,0.0
12,154,0.0,0.5
12,155,0.8499999999999999,0.0
12,162,1.0,0.0
12,163,1.0,0.0
12,164,1.0,0.0
12,165,0.8999999999999999,0.05
12,184,1.0,0.0
12,188,0.95,0.0
12,194,0.8999999999999999,0.0
12,195,0.4499999999999996,0.05
12,196,1.0,0.0
12,198,0.95,0.0
12,215,1.0,0.0
12,216,1.0,0.0
12,226,0.95,0.0
12,227,1.0,0.0
12,228,0.7999999999999999,0.05
12,237,1.0,0.0
12,238,1.0,0.0
12,239,0.8999999999999999,0.0
12,240,0.8499999999999999,0.0
12,241,1.0,0.0
12,248,0.8499999999999999,0.0
12,249,0.95,0.0
12,250,0.45,0.0
12,251,0.95,0.0
12,258,0.8499999999999999,0.05
12,259,0.5499999999999997,0.05
12,260,1.0,0.0
12,261,0.8999999999999999,0.0
12,268,0.95,0.0
12,269,0.8999999999999999,0.0
12,270,0.95,0.0
12,271,0.5499999999999997,0.15
12,272,0.95,0.0
13,1,1.0,0.0
13,2,0.0,0.5
13,3,0.0,0.5
13,4,1.0,0.0
13,6,1.0,0.0
13,8,1.0,0.0
13,12,1.0,0.0
13,14,0.95,0.0
13,21,1.0,0.0
13,22,1.0,0.0
13,27,0.95,0.0
13,30,1.0,0.0
13,31,0.8499999999999999,0.0
13,36,0.95,0.0
13,38,1.0,0.0
13,41,0.95,0.0
13,42,0.95,0.0
13,44,1.0,0.0
13,45,1.0,0.0
13,63,0.95,0.0
13,67,0.09999999999999984,0.15
13,69,1.0,0.0
13,73,1.0,0.0
13,75,0.8999999999999999,0.0
13,77,0.8999999999999999,0.05
13,84,0.39999999999999997,0.0
13,90,1.0,0.0
13,92,1.0,0.0
13,108,0.0,0.5
13,110,0.0,0.5
13,111,1.0,0.0
13,113,1.0,0.0
13,118,1.0,0.0
13,121,0.95,0.0
13,122,0.0,0.05
13,123,1.0,0.0
13,124,0.7,0.15
13,129,0.0,0.5
13,130,1.0,0.0
13,132,0.0,0.5
13,133,0.95,0.05
13,134,0.95,0.0
13,141,0.3999999999999999,0.5
13,143,1.0,0.0
13,147,1.0,0.0
13,152,0.7999999999999998,0.0
13,154,0.0,0.5
13,155,0.8499999999999999,0.0
13,160,1.0,0.0
13,162,1.0,0.0
13,165,0.8999999999999999,0.0
13,171,1.0,0.0
13,172,0.95,0.05
13,179,1.0,0.0
13,180,0.44999999999999996,0.5
13,186,1.0,0.0
13,188,0.95,0.0
13,189,0.85,0.15
13,193,0.0,0.5
13,194,0.8999999999999999,0.0
13,195,0.39999999999999963,0.05
13,197,1.0,0.0
13,198,0.95,0.0
13,239,0.8999999999999999,0.0
13,240,0.8499999999999999,0.0
13,250,0.45,0.0
13,251,0.95,0.0
13,252,0.7499999999999998,0.05
13,257,1.0,0.0
13,258,0.8499999999999999,0.0
13,261,0.8999999999999999,0.0
13,263,0.8999999999999999,0.0
13,269,0.8999999999999999,0.0
13,273,1.0,0.0
13,274,1.0,0.0
13,284,1.0,0.0
13,285,0.95,0.05
13,296,0.95,0.05
13,307,1.0,0.0
13,308,1.0,0.0
13,309,1.0,0.0
13,318,1.0,0.0
13,319,1.0,0.0
13,320,1.0,0.0
14,1,1.0,0.0
14,3,0.0,0.5
14,6,1.0,0.0
14,12,0.95,0.05
14,14,0.95,0.0
14,21,1.0,0.0
14,25,1.0,0.0
14,27,0.95,0.0
14,28,1.0,0.0
14,30,1.0,0.0
14,36,0.95,0.0
14,38,1.0,0.0
14,41,0.95,0.0
14,42,0.95,0.0
14,44,1.0,0.0
14,60,1.0,0.0
14,67,0.0,0.5
14,70,0.95,0.0
14,75,0.8999999999999999,0.0
14,76,1.0,0.0
14,77,0.8499999999999999,0.05
14,87,1.0,0.0
14,105,1.0,0.0
14,108,0.0,0.5
14,110,0.0,0.5
14,111,1.0,0.0
14,118,1.0,0.0
14,122,0.0,0.05
14,123,1.0,0.0
14,125,1.0,0.0
14,132,0.0,0.5
14,134,0.95,0.0
14,140,0.95,0.0
14,141,0.0,0.5
14,143,1.0,0.0
14,151,0.95,0.05
14,154,0.0,0.5
14,155,0.8499999999999999,0.0
14,162,1.0,0.0
14,180,0.0,0.5
14,188,0.95,0.0
14,193,0.0,0.5
14,194,0.8999999999999999,0.0
14,195,0.39999999999999963,0.0
14,197,1.0,0.0
14,198,0.95,0.0
14,216,0.95,0.05
14,217,1.0,0.0
14,227,1.0,0.0
14,228,0.7999999999999999,0.0
14,229,1.0,0.0
14,230,0.95,0.0
14,239,0.8499999999999999,0.05
14,240,0.8499999999999999,0.0
14,241,1.0,0.0
14,250,0.4,0.05
14,251,0.95,0.0
14,252,0.7499999999999998,0.0
14,256,1.0,0.0
14,257,0.95,0.05
14,258,0.8499999999999999,0.0
14,268,0.95,0.0
15,1,1.0,0.0
15,2,0.0,0.5
15,5,1.0,0.0
15,6,1.0,0.0
15,8,1.0,0.0
15,11,1.0,0.0
15,12,0.95,0.0
15,14,0.95,0.0
15,18,1.0,0.0
15,20,1.0,0.0
15,21,1.0,0.0
15,24,0.0,0.5
15,26,0.95,0.0
15,27,0.95,0.0
15,30,1.0,0.0
15,34,1.0,0.0
15,36,0.95,0.0
15,38,1.0,0.0
15,41,0.95,0.0
15,42,0.95,0.0
15,44,1.0,0.0
15,45,1.0,0.0
15,48,0.7999999999999998,0.0
15,50,1.0,0.0
15,51,0.04999999999999993,0.5
15,52,1.0,0.0
15,59,0.95,0.0
15,63,0.8999999999999999,0.05
15,64,1.0,0.0
15,67,0.0,0.5
15,68,0.5,0.5
15,69,1.0,0.0
15,71,1.0,0.0
15,73,1.0,0.0
15,75,0.8999999999999999,0.0
15,80,1.0,0.0
15,81,1.0,0.0
15,88,0.0,0.5
15,89,1.0,0.0
15,92,1.0,0.0
15,101,1.0,0.0
15,102,0.0,0.5
15,106,1.0,0.0
15,107,1.0,0.0
15,108,0.0,0.5
15,110,0.0,0.5
15,111,1.0,0.0
15,121,0.95,0.0
15,122,0.0,0.05
15,123,1.0,0.0
15,124,0.19999999999999996,0.5
15,130,1.0,0.0
15,132,0.0,0.5
15,134,0.95,0.0
15,136,0.0,0.5
15,139,0.8999999999999999,0.0
15,141,0.0,0.5
15,143,1.0,0.0
15,144,1.0,0.0
15,147,1.0,0.0
15,150,1.0,0.0
15,152,0.7999999999999998,0.0
15,154,0.0,0.5
15,155,0.8499999999999999,0.0
15,156,1.0,0.0
15,160,1.0,0.0
15,161,0.0,0.5
15,162,1.0,0.0
15,165,0.8999999999999999,0.0
15,166,0.5,0.5
15,171,1.0,0.0
15,172,0.95,0.0
15,178,1.0,0.0
15,179,1.0,0.0
15,180,0.0,0.5
15,182,0.95,0.0
15,184,1.0,0.0
15,186,1.0,0.0
15,188,0.95,0.0
15,193,0.0,0.5
15,194,0.8999999999999999,0.0
15,195,0.34999999999999964,0.05
15,197,1.0,0.0
15,198,0.95,0.0
15,236,1.0,0.0
15,239,0.8499999999999999,0.0
15,240,0.8499999999999999,0.0
15,247,0.8999999999999999,0.0
15,251,0.95,0.0
15,258,0.8499999999999999,0.0
15,260,1.0,0.0
15,261,0.8999999999999999,0.0
15,269,0.8999999999999999,0.0
15,271,0.4999999999999997,0.05
15,285,0.7999999999999999,0.15
15,295,1.0,0.0
15,296,0.95,0.0
15,305,0.95,0.05
15,307,1.0,0.0
15,308,1.0,0.0
15,309,1.0,0.0
15,316,1.0,0.0
15,317,1.0,0.0
15,319,1.0,0.0
16,1,1.0,0.0
16,4,0.95,0.05
16,6,1.0,0.0
16,12,0.8999999999999999,0.05
16,13,1.0,0.0
16,16,0.95,0.05
16,19,0.5,0.5
16,21,1.0,0.0
16,27,0.95,0.0
16,29,0.24999999999999997,0.0
16,30,1.0,0.0
16,35,1.0,0.0
16,38,1.0,0.0
16,41,0.95,0.0
16,44,1.0,0.0
16,47,1.0,0.0
16,48,0.7999999999999998,0.0
16,52,1.0,0.0
16,58,1.0,0.0
16,69,1.0,0.0
16,72,0.95,0.0
16,74,0.0,0.5
16,75,0.8999999999999999,0.0
16,77,0.8499999999999999,0.0
16,81,1.0,0.0
16,85,0.95,0.05
16,86,1.0,0.0
16,90,1.0,0.0
16,93,0.95,0.0
16,95,0.8999999999999999,0.0
16,102,0.0,0.5
16,107,1.0,0.0
16,108,0.0,0.5
16,110,0.0,0.5
16,111,1.0,0.0
16,115,0.8999999999999999,0.0
16,119,1.0,0.0
16,122,0.0,0.05
16,123,1.0,0.0
16,128,1.0,0.0
16,130,1.0,0.0
16,132,0.0,0.5
16,133,0.8999999999999999,0.05
16,134,0.95,0.0
16,142,1.0,0.0
16,143,1.0,0.0
16,144,0.95,0.05
16,146,1.0,0.0
16,147,1.0,0.0
16,150,1.0,0.0
16,152,0.7999999999999998,0.0
16,153,0.95,0.0
16,154,0.0,0.5
16,155,0.8499999999999999,0.0
16,156,1.0,0.0
16,163,1.0,0.0
16,172,0.95,0.0
16,181,1.0,0.0
16,186,1.0,0.0
16,188,0.95,0.0
16,190,1.0,0.0
16,192,1.0,0.0
16,193,0.0,0.5
16,195,0.29999999999999966,0.05
16,197,1.0,0.0
16,198,0.95,0.0
16,239,0.8499999999999999,0.0
16,240,0.8499999999999999,0.0
16,250,0.35000000000000003,0.05
16,251,0.95,0.0
16,278,1.0,0.0
16,279,1.0,0.0
16,282,1.0,0.0
16,291,1.0,0.0
16,292,1.0,0.0
16,293,1.0,0.0
16,294,1.0,0.0
16,295,1.0,0.0
16,296,0.95,0.0
16,297,1.0,0.0
16,298,1.0,0.0
16,308,1.0,0.0
16,309,1.0,0.0
17,1,1.0,0.0
17,3,0.0,0.5
17,6,1.0,0.0
17,12,0.8499999999999999,0.05
17,27,0.6499999999999999,0.3
17,30,1.0,0.0
17,38,1.0,0.0
17,41,0.95,0.0
17,67,0.0,0.15
17,75,0.8999999999999999,0.0
17,110,0.0,0.5
17,111,1.0,0.0
17,122,0.0,0.05
17,123,1.0,0.0
17,130,1.0,0.0
17,132,0.0,0.5
17,134,0.95,0.0
17,143,1.0,0.0
17,152,0.7999999999999998,0.0
17,154,0.0,0.5
17,155,0.8499999999999999,0.0
17,188,0.95,0.0
17,193,0.0,0.5
17,195,0.24999999999999967,0.05
17,197,1.0,0.0
17,198,0.95,0.0
17,238,1.0,0.0
17,239,0.8499999999999999,0.0
17,240,0.8499999999999999,0.0
17,249,0.95,0.0
17,250,0.35000000000000003,0.0
17,251,0.95,0.0
18,3,0.0,0.5
18,5,1.0,0.0
18,6,1.0,0.0
18,12,0.8499999999999999,0.0
18,14,0.95,0.0
18,21,1.0,0.0
18,27,0.6499999999999999,0.0
18,30,1.0,0.0
18,31,0.8499999999999999,0.0
18,34,0.95,0.05
18,36,0.95,0.0
18,38,1.0,0.0
18,41,0.95,0.0
18,44,1.0,0.0
18,46,0.95,0.0
18,61,0.5,0.5
18,63,0.8999999999999999,0.0
18,64,1.0,0.0
18,67,0.0,0.5
18,68,0.0,0.5
18,75,0.8999999999999999,0.0
18,79,0.8499999999999999,0.0
18,108,0.0,0.5
18,110,0.0,0.5
18,111,1.0,0.0
18,112,1.0,0.0
18,118,1.0,0.0
18,122,0.0,0.05
18,123,1.0,0.0
18,129,0.0,0.5
18,130,1.0,0.0
18,132,0.0,0.5
18,134,0.95,0.0
18,135,0.95,0.05
18,139,0.8999999999999999,0.0
18,141,0.0,0.5
18,143,1.0,0.0
18,154,0.0,0.5
18,155,0.8499999999999999,0.0
18,162,1.0,0.0
18,165,0.8999999999999999,0.0
18,166,0.0,0.5
18,168,0.4499999999999996,0.05
18,188,0.95,0.0
18,195,0.19999999999999968,0.05
18,198,0.95,0.0
18,235,1.0,0.0
18,236,1.0,0.0
18,239,0.7999999999999998,0.05
18,240,0.8499999999999999,0.0
18,241,1.0,0.0
18,245,1.0,0.0
18,246,1.0,0.0
18,247,0.8999999999999999,0.0
18,250,0.30000000000000004,0.05
18,251,0.95,0.0
18,256,1.0,0.0
18,257,0.95,0.0
18,258,0.8499999999999999,0.0
18,259,0.4999999999999997,0.05
18,260,1.0,0.0
18,261,0.8999999999999999,0.0
18,267,1.0,0.0
18,268,0.95,0.0
18,269,0.8999999999999999,0.0
19,1,1.0,0.0
19,3,0.0,0.5
19,4,0.95,0.0
19,5,1.0,0.0
19,6,1.0,0.0
19,8,1.0,0.0
19,12,0.8499999999999999,0.0
19,14,0.95,0.0
19,22,0.95,0.05
19,27,0.6499999999999999,0.0
19,30,1.0,0.0
19,31,0.8499999999999999,0.0
19,38,1.0,0.0
19,39,1.0,0.0
19,41,0.95,0.0
19,42,0.95,0.0
19,44,1.0,0.0
19,45,1.0,0.0
19,46,0.95,0.0
19,62,0.95,0.0
19,63,0.8999999999999999,0.0
19,64,1.0,0.0
19,66,0.95,0.05
19,67,0.0,0.5
19,70,0.95,0.0
19,73,1.0,0.0
19,75,0.8999999999999999,0.0
19,79,0.8499999999999999,0.0
19,92,1.0,0.0
19,94,0.95,0.0
19,101,1.0,0.0
19,103,1.0,0.0
19,110,0.0,0.5
19,111,1.0,0.0
19,112,1.0,0.0
19,118,1.0,0.0
19,122,0.0,0.05
19,123,1.0,0.0
19,129,0.0,0.5
19,130,1.0,0.0
19,132,0.0,0.5
19,134,0.95,0.0
19,139,0.8999999999999999,0.0
19,140,0.95,0.0
19,141,0.0,0.5
19,143,1.0,0.0
19,152,0.7999999999999998,0.0
19,154,0.0,0.5
19,155,0.8499999999999999,0.0
19,166,0.0,0.5
19,168,0.39999999999999963,0.05
19,171,1.0,0.0
19,176,1.0,0.0
19,179,1.0,0.0
19,188,0.95,0.0
19,193,0.0,0.5
19,195,0.1499999999999997,0.05
19,198,0.95,0.0
19,239,0.7999999999999998,0.0
19,240,0.8499999999999999,0.0
19,241,1.0,0.0
19,250,0.30000000000000004,0.0
19,251,0.95,0.0
19,252,0.7499999999999998,0.0
19,253,1.0,0.0
19,259,0.44999999999999973,0.05
19,260,1.0,0.0
19,261,0.8999999999999999,0.0
19,263,0.8999999999999999,0.0
19,264,1.0,0.0
19,272,0.95,0.0
19,274,1.0,0.0
19,275,1.0,0.0
19,296,0.8999999999999999,0.05
20,1,1.0,0.0
20,2,0.0,0.5
20,3,0.0,0.5
20,4,0.8999999999999999,0.05
20,5,1.0,0.0
20,6,1.0,0.0
20,8,1.0,0.0
20,12,0.8499999999999999,0.0
20,13,1.0,0.0
20,14,0.95,0.0
20,23,1.0,0.0
20,27,0.6499999999999999,0.0
20,30,1.0,0.0
20,31,0.8499999999999999,0.0
20,36,0.95,0.0
20,38,1.0,0.0
20,41,0.95,0.0
20,44,1.0,0.0
20,45,1.0,0.0
20,46,0.8999999999999999,0.05
20,63,0.8999999999999999,0.0
20,64,1.0,0.0
20,65,1.0,0.0
20,67,0.0,0.5
20,69,1.0,0.0
20,73,1.0,0.0
20,75,0.8999999999999999,0.0
20,77,0.7999999999999998,0.05
20,79,0.8499999999999999,0.0
20,86,1.0,0.0
20,91,0.5,0.5
20,94,0.95,0.0
20,106,0.95,0.05
20,109,1.0,0.0
20,110,0.0,0.5
20,111,1.0,0.0
20,112,1.0,0.0
20,118,1.0,0.0
20,121,0.95,0.0
20,122,0.0,0.0
20,123,1.0,0.0
20,127,0.7999999999999999,0.05
20,130,1.0,0.0
20,132,0.0,0.5
20,133,0.8499999999999999,0.05
20,134,0.95,0.0
20,139,0.8999999999999999,0.0
20,142,1.0,0.0
20,143,1.0,0.0
20,147,1.0,0.0
20,152,0.7999999999999998,0.0
20,154,0.0,0.5
20,155,0.8499999999999999,0.0
20,160,1.0,0.0
20,168,0.34999999999999964,0.05
20,171,0.95,0.05
20,172,0.95,0.0
20,177,1.0,0.0
20,180,0.0,0.5
20,184,1.0,0.0
20,190,1.0,0.0
20,193,0.0,0.5
20,194,0.8499999999999999,0.05
20,195,0.09999999999999969,0.05
20,198,0.95,0.0
20,239,0.7999999999999998,0.0
20,240,0.8499999999999999,0.0
20,249,0.95,0.0
20,250,0.30000000000000004,0.0
20,251,0.95,0.0
20,258,0.8499999999999999,0.0
20,259,0.39999999999999974,0.05
20,260,1.0,0.0
20,261,0.8999999999999999,0.0
20,271,0.34999999999999976,0.15
20,272,0.95,0.0
20,273,1.0,0.0
20,283,1.0,0.0
20,284,1.0,0.0
20,295,1.0,0.0
20,296,0.8499999999999999,0.05
20,297,1.0,0.0
20,306,1.0,0.0
20,307,1.0,0.0
20,308,1.0,0.0
20,317,1.0,0.0
20,319,1.0,0.0
21,1,1.0,0.0
21,3,0.0,0.5
21,4,0.8499999999999999,0.05
21,5,1.0,0.0
21,6,1.0,0.0
21,8,1.0,0.0
21,12,0.8499999999999999,0.0
21,14,0.95,0.0
21,19,0.0,0.5
21,20,1.0,0.0
21,21,1.0,0.0
21,26,0.95,0.0
21,27,0.5999999999999999,0.05
21,30,1.0,0.0
21,34,0.7999999999999999,0.15
21,36,0.95,0.0
21,38,1.0,0.0
21,39,0.95,0.05
21,41,0.95,0.0
21,45,1.0,0.0
21,46,0.8999999999999999,0.0
21,48,0.7999999999999998,0.0
21,52,1.0,0.0
21,60,1.0,0.0
21,63,0.8999999999999999,0.0
21,64,1.0,0.0
21,66,0.95,0.0
21,67,0.0,0.5
21,69,1.0,0.0
21,75,0.8999999999999999,0.0
21,76,1.0,0.0
21,77,0.7499999999999998,0.05
21,79,0.8499999999999999,0.0
21,80,1.0,0.0
21,90,1.0,0.0
21,91,0.0,0.5
21,92,1.0,0.0
21,104,1.0,0.0
21,108,0.0,0.15
21,109,1.0,0.0
21,110,0.0,0.5
21,111,1.0,0.0
21,112,1.0,0.0
21,113,1.0,0.0
21,118,1.0,0.0
21,122,0.0,0.05
21,123,1.0,0.0
21,129,0.0,0.5
21,130,0.95,0.05
21,132,0.0,0.5
21,141,0.0,0.3
21,143,1.0,0.0
21,144,0.95,0.0
21,150,1.0,0.0
21,152,0.7999999999999998,0.0
21,154,0.0,0.5
21,155,0.8499999999999999,0.0
21,156,1.0,0.0
21,160,1.0,0.0
21,163,1.0,0.0
21,164,1.0,0.0
21,172,0.95,0.0
21,177,0.95,0.05
21,178,1.0,0.0
21,180,0.0,0.5
21,186,1.0,0.0
21,188,0.95,0.0
21,190,1.0,0.0
21,193,0.0,0.5
21,194,0.8499999999999999,0.0
21,195,0.049999999999999684,0.05
21,199,1.0,0.0
21,226,0.95,0.0
21,235,1.0,0.0
21,239,0.7999999999999998,0.0
21,240,0.8499999999999999,0.0
21,246,1.0,0.0
21,250,0.30000000000000004,0.0
21,251,0.95,0.0
21,257,0.95,0.0
21,258,0.8499999999999999,0.0
21,259,0.24999999999999975,0.15
21,260,0.95,0.05
21,261,0.8999999999999999,0.0
21,268,0.95,0.0
21,293,1.0,0.0
21,295,0.95,0.05
21,296,0.7999999999999998,0.05
21,297,1.0,0.0
21,307,1.0,0.0
21,308,1.0,0.0
22,1,1.0,0.0
22,3,0.0,0.5
22,4,0.7999999999999998,0.05
22,5,1.0,0.0
22,6,1.0,0.0
22,8,1.0,0.0
22,12,0.8499999999999999,0.0
22,14,0.95,0.0
22,19,0.0,0.5
22,21,0.95,0.05
22,27,0.5999999999999999,0.0
22,30,1.0,0.0
22,36,0.95,0.0
22,39,0.95,0.0
22,41,0.95,0.0
22,45,1.0,0.0
22,46,0.8999999999999999,0.0
22,49,1.0,0.0
22,52,1.0,0.0
22,54,1.0,0.0
22,62,0.8999999999999999,0.05
22,63,0.8499999999999999,0.05
22,64,1.0,0.0
22,65,1.0,0.0
22,66,0.8999999999999999,0.05
22,75,0.8999999999999999,0.0
22,77,0.6999999999999997,0.05
22,79,0.8499999999999999,0.0
22,84,0.35,0.05
22,86,1.0,0.0
22,90,1.0,0.0
22,92,1.0,0.0
22,100,1.0,0.0
22,101,1.0,0.0
22,103,0.95,0.05
22,108,0.0,0.5
22,109,1.0,0.0
22,110,0.0,0.5
22,111,1.0,0.0
22,112,1.0,0.0
22,113,1.0,0.0
22,122,0.0,0.05
22,123,1.0,0.0
22,129,0.0,0.5
22,134,0.95,0.0
22,141,0.0,0.3
22,143,1.0,0.0
22,150,1.0,0.0
22,152,0.7999999999999998,0.0
22,160,1.0,0.0
22,161,0.0,0.5
22,168,0.34999999999999964,0.0
22,171,0.95,0.0
22,176,1.0,0.0
22,180,0.0,0.5
22,188,0.95,0.0
22,189,0.7,0.15
22,193,0.0,0.5
22,194,0.7999999999999998,0.05
22,195,0.049999999999999684,0.0
22,197,1.0,0.0
22,198,0.95,0.0
22,199,1.0,0.0
22,239,0.7999999999999998,0.0
22,240,0.8499999999999999,0.0
22,246,1.0,0.0
22,249,0.95,0.0
22,250,0.25000000000000006,0.05
22,251,0.95,0.0
22,258,0.8499999999999999,0.0
22,259,0.09999999999999976,0.15
22,260,0.95,0.0
22,261,0.8999999999999999,0.0
22,262,0.4999999999999996,0.05
22,274,1.0,0.0
22,285,0.6499999999999999,0.15
22,286,1.0,0.0
22,295,0.95,0.0
22,296,0.7499999999999998,0.05
22,297,1.0,0.0
22,298,1.0,0.0
23,1,1.0,0.0
23,3,0.0,0.5
23,4,0.7499999999999998,0.05
23,5,0.95,0.05
23,6,1.0,0.0
23,9,0.5,0.5
23,12,0.8499999999999999,0.0
23,27,0.5999999999999999,0.0
23,30,1.0,0.0
23,34,0.7999999999999999,0.0
23,36,0.95,0.0
23,38,1.0,0.0
23,41,0.95,0.0
23,42,0.95,0.0
23,46,0.8999999999999999,0.0
23,50,1.0,0.0
23,51,0.0,0.5
23,52,1.0,0.0
23,56,1.0,0.0
23,60,1.0,0.0
23,63,0.6999999999999998,0.15
23,64,1.0,0.0
23,67,0.0,0.5
23,75,0.8999999999999999,0.0
23,77,0.6499999999999997,0.05
23,78,0.8999999999999999,0.05
23,79,0.8499999999999999,0.0
23,84,0.35,0.0
23,86,1.0,0.0
23,101,1.0,0.0
23,106,0.8999999999999999,0.05
23,108,0.0,0.5
23,109,0.95,0.05
23,110,0.0,0.5
23,111,1.0,0.0
23,112,1.0,0.0
23,118,1.0,0.0
23,122,0.0,0.0
23,123,0.95,0.05
23,125,1.0,0.0
23,129,0.0,0.5
23,132,0.0,0.5
23,136,0.0,0.5
23,141,0.0,0.5
23,142,1.0,0.0
23,143,1.0,0.0
23,147,1.0,0.0
23,152,0.7999999999999998,0.0
23,154,0.0,0.5
23,155,0.8499999999999999,0.0
23,159,1.0,0.0
23,165,0.8999999999999999,0.0
23,177,0.95,0.0
23,188,0.95,0.0
23,189,0.5499999999999999,0.15
23,190,1.0,0.0
23,193,0.0,0.5
23,194,0.7999999999999998,0.0
23,195,0.0,0.05
23,197,1.0,0.0
23,227,1.0,0.0
23,229,1.0,0.0
23,236,1.0,0.0
23,237,1.0,0.0
23,238,1.0,0.0
23,239,0.7999999999999998,0.0
23,240,0.7999999999999998,0.05
23,250,0.20000000000000007,0.05
23,251,0.95,0.0
23,258,0.8499999999999999,0.0
23,259,0.0,0.5
23,260,0.95,0.0
23,261,0.8999999999999999,0.0
23,262,0.4499999999999996,0.05
23,270,0.8999999999999999,0.05
23,295,0.95,0.0
23,296,0.7499999999999998,0.0
23,306,1.0,0.0
23,307,1.0,0.0
24,1,1.0,0.0
24,2,0.0,0.5
24,3,0.0,0.5
24,5,0.95,0.0
24,6,1.0,0.0
24,12,0.8499999999999999,0.0
24,22,0.95,0.0
24,23,1.0,0.0
24,27,0.5999999999999999,0.0
24,30,1.0,0.0
24,31,0.7999999999999998,0.05
24,34,0.7999999999999999,0.0
24,38,1.0,0.0
24,41,0.95,0.0
24,42,0.95,0.0
24,51,0.0,0.5
24,57,1.0,0.0
24,62,0.8999999999999999,0.0
24,63,0.6999999999999998,0.0
24,64,1.0,0.0
24,67,0.0,0.5
24,73,1.0,0.0
24,75,0.8999999999999999,0.0
24,79,0.8499999999999999,0.0
24,84,0.35,0.0
24,94,0.95,0.0
24,108,0.0,0.3
24,109,0.95,0.0
24,110,0.0,0.5
24,111,1.0,0.0
24,112,1.0,0.0
24,118,1.0,0.0
24,121,0.95,0.0
24,122,0.0,0.0
24,123,0.95,0.0
24,130,0.95,0.0
24,132,0.0,0.5
24,134,0.95,0.0
24,139,0.8999999999999999,0.0
24,143,1.0,0.0
24,152,0.7999999999999998,0.0
24,154,0.0,0.5
24,155,0.8499999999999999,0.0
24,159,0.95,0.05
24,165,0.8999999999999999,0.0
24,166,0.0,0.5
24,171,0.6499999999999999,0.3
24,184,1.0,0.0
24,188,0.95,0.0
24,189,0.5499999999999999,0.0
24,193,0.0,0.5
24,194,0.7999999999999998,0.0
24,198,0.95,0.0
24,236,1.0,0.0
24,237,1.0,0.0
24,238,1.0,0.0
24,239,0.7999999999999998,0.0
24,240,0.7999999999999998,0.0
24,249,0.95,0.0
24,250,0.20000000000000007,0.0
24,251,0.95,0.0
24,259,0.0,0.05
24,260,0.95,0.0
24,261,0.8999999999999999,0.0
24,262,0.39999999999999963,0.05
24,263,0.8999999999999999,0.0
24,272,0.95,0.0
24,273,1.0,0.0
24,274,0.95,0.05
25,1,1.0,0.0
25,2,0.0,0.5
25,3,0.0,0.5
25,5,0.95,0.0
25,6,1.0,0.0
25,12,0.7999999999999998,0.05
25,27,0.5999999999999999,0.0
25,30,1.0,0.0
25,38,1.0,0.0
25,41,0.95,0.0
25,42,0.95,0.0
25,52,1.0,0.0
25,57,1.0,0.0
25,62,0.8999999999999999,0.0
25,64,1.0,0.0
25,67,0.0,0.5
25,79,0.8499999999999999,0.0
25,84,0.35,0.0
25,94,0.95,0.0
25,101,1.0,0.0
25,109,0.44999999999999996,0.5
25,110,0.0,0.5
25,111,1.0,0.0
25,112,0.95,0.05
25,118,1.0,0.0
25,122,0.0,0.05
25,123,0.95,0.0
25,132,0.0,0.5
25,139,0.8999999999999999,0.0
25,143,1.0,0.0
25,150,1.0,0.0
25,152,0.7999999999999998,0.0
25,154,0.0,0.5
25,155,0.8499999999999999,0.0
25,159,0.95,0.0
25,161,0.0,0.5
25,168,0.29999999999999966,0.05
25,171,0.6499999999999999,0.0
25,180,0.0,0.5
25,188,0.95,0.0
25,189,0.49999999999999994,0.05
25,193,0.0,0.5
25,197,1.0,0.0
25,198,0.95,0.0
25,239,0.7999999999999998,0.0
25,240,0.7999999999999998,0.0
25,249,0.95,0.0
25,250,0.20000000000000007,0.0
25,251,0.95,0.0
25,258,0.7999999999999998,0.05
25,259,0.0,0.05
25,260,0.95,0.0
25,261,0.8999999999999999,0.0
25,271,0.34999999999999976,0.0
25,272,0.95,0.0
25,274,0.95,0.0
25,296,0.7499999999999998,0.0
26,1,1.0,0.0
26,2,0.0,0.5
26,3,0.0,0.5
26,4,0.7499999999999998,0.0
26,6,1.0,0.0
26,8,1.0,0.0
26,12,0.7999999999999998,0.0
26,21,0.95,0.0
26,23,1.0,0.0
26,27,0.5999999999999999,0.0
26,30,1.0,0.0
26,31,0.7499999999999998,0.05
26,34,0.7999999999999999,0.0
26,38,1.0,0.0
26,41,0.95,0.0
26,42,0.95,0.0
26,45,1.0,0.0
26,46,0.8999999999999999,0.0
26,51,0.0,0.5
26,57,1.0,0.0
26,63,0.6999999999999998,0.0
26,64,1.0,0.0
26,67,0.0,0.0
26,73,1.0,0.0
26,75,0.8999999999999999,0.0
26,79,0.8499999999999999,0.0
26,90,1.0,0.0
26,92,1.0,0.0
26,94,0.95,0.0
26,109,0.44999999999999996,0.0
26,110,0.0,0.5
26,111,1.0,0.0
26,112,0.95,0.0
26,118,1.0,0.0
26,121,0.95,0.0
26,122,0.0,0.05
26,123,0.95,0.0
26,127,0.7999999999999999,0.0
26,129,0.0,0.5
26,132,0.0,0.5
26,133,0.7999999999999998,0.05
26,139,0.8999999999999999,0.0
26,141,0.0,0.3
26,143,1.0,0.0
26,152,0.7999999999999998,0.0
26,154,0.0,0.5
26,159,0.95,0.0
26,160,1.0,0.0
26,165,0.8999999999999999,0.0
26,168,0.24999999999999967,0.05
26,171,0.6499999999999999,0.0
26,186,1.0,0.0
26,188,0.95,0.0
26,189,0.49999999999999994,0.0
26,193,0.0,0.5
26,194,0.7999999999999998,0.0
26,198,0.95,0.0
26,239,0.7999999999999998,0.0
26,240,0.7999999999999998,0.0
26,250,0.20000000000000007,0.0
26,251,0.95,0.0
26,258,0.7999999999999998,0.0
26,259,0.0,0.0
26,260,0.95,0.0
26,261,0.8999999999999999,0.0
26,272,0.95,0.0
26,273,1.0,0.0
26,283,1.0,0.0
26,284,1.0,0.0
26,286,1.0,0.0
27,1,1.0,0.0
27,6,1.0,0.0
27,12,0.7499999999999998,0.05
27,21,0.95,0.0
27,27,0.5499999999999998,0.05
27,30,1.0,0.0
27,34,0.7999999999999999,0.0
27,38,1.0,0.0
27,41,0.95,0.0
27,42,0.95,0.0
27,46,0.8499999999999999,0.05
27,63,0.6999999999999998,0.0
27,64,1.0,0.0
27,67,0.0,0.0
27,75,0.8999999999999999,0.0
27,79,0.8499999999999999,0.0
27,84,0.3,0.05
27,109,0.44999999999999996,0.0
27,110,0.0,0.5
27,111,1.0,0.0
27,112,0.8999999999999999,0.05
27,118,1.0,0.0
27,122,0.0,0.05
27,123,0.95,0.0
27,125,1.0,0.0
27,130,0.95,0.0
27,132,0.0,0.5
27,141,0.0,0.3
27,143,1.0,0.0
27,152,0.7999999999999998,0.0
27,154,0.0,0.5
27,155,0.8499999999999999,0.0
27,159,0.95,0.0
27,183,1.0,0.0
27,188,0.95,0.0
27,189,0.49999999999999994,0.0
27,193,0.0,0.5
27,194,0.7999999999999998,0.0
27,198,0.95,0.0
27,239,0.7999999999999998,0.0
27,240,0.7999999999999998,0.0
27,247,0.8999999999999999,0.0
27,250,0.20000000000000007,0.0
27,251,0.8999999999999999,0.05
27,252,0.7499999999999998,0.0
27,258,0.7999999999999998,0.0
27,259,0.0,0.0
27,260,0.95,0.0
27,261,0.8999999999999999,0.0
27,262,0.39999999999999963,0.0
27,263,0.8999999999999999,0.0
27,273,0.95,0.05
27,274,0.8999999999999999,0.05
27,285,0.6499999999999999,0.0
27,296,0.7499999999999998,0.0
