node_id,cycle_id,SpoofDev,dFF,tau,lambda_t_norm,is_attacker
1,1,0.0001,0.0,1.0,0.8528,0
3,1,0.0001,0.75,1.0,0.8528,1
5,1,0.0001,0.0,1.0,0.8528,1
12,1,0.0001,0.0,1.0,0.8528,1
16,1,0.0001,0.127,1.0,0.8528,0
23,1,0.0001,0.0,1.0,0.8528,0
24,1,0.0001,0.0,1.0,0.8528,1
29,1,0.0001,0.875,1.0,0.8528,1
30,1,0.0001,0.0,1.0,0.8528,0
33,1,0.0001,0.0,1.0,0.8528,1
35,1,0.0001,0.0,1.0,0.8528,0
38,1,0.0001,0.0,1.0,0.8528,0
41,1,0.0001,0.0,1.0,0.8528,1
42,1,0.0001,0.0,1.0,0.8528,0
44,1,0.0001,0.0,1.0,0.8528,0
46,1,0.0001,0.0,1.0,0.8528,0
48,1,0.0001,0.0,1.0,0.8528,1
51,1,0.0001,0.0,1.0,0.8528,0
55,1,0.0001,0.0,1.0,0.8528,1
67,1,0.0001,0.0,1.0,0.8528,0
72,1,0.0001,0.0,1.0,0.8528,1
75,1,0.0001,0.2521,1.0,0.8528,0
77,1,0.0001,1.0,1.0,0.8528,1
78,1,0.0001,0.0,1.0,0.8528,0
79,1,0.0001,0.3333,1.0,0.8528,0
93,1,0.0001,0.0,1.0,0.8528,0
97,1,0.0001,0.0,1.0,0.8528,0
108,1,0.0001,0.0,1.0,0.8528,0
109,1,0.0001,0.0,1.0,0.8528,0
110,1,0.0001,0.0,1.0,0.8528,1
111,1,0.0001,0.0,1.0,0.8528,0
115,1,0.0001,1.0,1.0,0.8528,1
118,1,0.0001,0.0,1.0,0.8528,0
122,1,0.0001,1.0,1.0,0.8528,1
123,1,0.0001,0.0,1.0,0.8528,0
124,1,0.0001,0.0,1.0,0.8528,0
128,1,0.0001,0.0,1.0,0.8528,0
129,1,0.0001,0.5714,1.0,0.8528,1
130,1,0.0001,0.0,1.0,0.8528,0
132,1,0.0001,0.0,1.0,0.8528,1
134,1,0.0001,0.1905,1.0,0.8528,0
138,1,0.0001,0.0,1.0,0.8528,1
140,1,0.0001,0.0,1.0,0.8528,0
141,1,0.0001,0.1716,1.0,0.8528,0
143,1,0.0001,0.0,1.0,0.8528,0
153,1,0.0001,0.0,1.0,0.8528,0
154,1,0.0001,0.0,1.0,0.8528,1
155,1,0.0001,0.8333,1.0,0.8528,0
159,1,0.0001,0.0,1.0,0.8528,0
162,1,0.0001,0.625,1.0,0.8528,0
165,1,0.0001,0.0833,1.0,0.8528,0
168,1,0.0001,1.0,1.0,0.8528,1
169,1,0.0001,0.0,1.0,0.8528,1
180,1,0.0001,0.8571,1.0,0.8528,1
182,1,0.0001,1.0,1.0,0.8528,1
187,1,0.0001,0.0,1.0,0.8528,1
188,1,0.0001,0.0,1.0,0.8528,0
191,1,0.0001,0.0,1.0,0.8528,0
194,1,0.0001,0.8333,1.0,0.8528,0
195,1,0.0001,0.0,1.0,0.8528,1
197,1,0.0001,0.5,1.0,0.8528,1
198,1,0.0001,0.3333,1.0,0.8528,0
236,1,0.0001,0.0,1.0,0.8528,1
238,1,0.0001,0.0,1.0,0.8528,0
239,1,0.0001,0.8333,1.0,0.8528,0
240,1,0.0001,0.75,1.0,0.8528,0
241,1,0.0001,0.0,1.0,0.8528,0
248,1,0.0001,0.8,1.0,0.8528,1
249,1,0.0001,0.0,1.0,0.8528,1
250,1,0.0001,0.0495,1.0,0.8528,0
251,1,0.0001,0.5333,1.0,0.8528,0
252,1,0.0001,0.5714,1.0,0.8528,0
257,1,0.0001,0.0,1.0,0.8528,1
258,1,0.0001,0.303,1.0,0.8528,0
259,1,0.0001,0.7778,1.0,0.8528,0
260,1,0.0001,0.0,1.0,0.8528,0
261,1,0.0001,0.2333,1.0,0.8528,0
262,1,0.0001,0.7,1.0,0.8528,1
263,1,0.0001,0.75,1.0,0.8528,0
268,1,0.0001,0.6667,1.0,0.8528,1
269,1,0.0001,0.1429,1.0,0.8528,0
270,1,0.0001,0.0,1.0,0.8528,0
271,1,0.0001,0.0,1.0,0.8528,0
272,1,0.0001,0.0,1.0,0.8528,0
273,1,0.0001,0.0,1.0,0.8528,0
274,1,0.0001,0.0,1.0,0.8528,1
279,1,0.0001,0.4444,1.0,0.8528,1
280,1,0.0001,0.8333,1.0,0.8528,0
290,1,0.0001,0.0,1.0,0.8528,0
1,2,0.004546499999999999,0.2,1.0,0.0004,0
3,2,3.94455,0.1667,1.0,0.0004,1
5,2,0.0001,0.0,1.0,0.0004,1
6,2,0.0001,0.0,1.0,0.0004,0
12,2,0.0001,0.0,1.0,0.0004,1
30,2,0.0001,0.0,1.0,0.0004,0
38,2,0.0001,0.0,1.0,0.0004,0
41,2,0.0001,0.0,1.0,0.0004,1
42,2,0.0001,0.0,1.0,0.0004,0
44,2,0.0001,0.0,1.0,0.0004,0
57,2,0.0001,0.0,1.0,0.0004,0
62,2,0.0001,0.2676,1.0,0.0004,0
67,2,0.0001,0.0,1.0,0.0004,1
70,2,0.0001,0.0,1.0,0.0004,0
75,2,0.0001,0.1978,1.0,0.0004,0
79,2,0.0001,0.8333,1.0,0.0004,0
84,2,0.0001,1.0,1.0,0.0004,1
110,2,3.94455,0.0,1.0,0.0004,1
111,2,0.0001,0.35,1.0,0.0004,0
112,2,0.0001,0.0,1.0,0.0004,0
118,2,0.0001,0.0,1.0,0.0004,0
121,2,0.0001,0.0,1.0,0.0004,0
122,2,0.0001,1.0,1.0,0.0004,1
123,2,0.0001,0.0,1.0,0.0004,0
126,2,0.0001,0.0,1.0,0.0004,0
130,2,0.0001,0.0,1.0,0.0004,0
132,2,3.94455,0.25,1.0,0.0004,1
134,2,0.0001,0.8571,1.0,0.0004,0
140,2,0.0001,0.0,1.0,0.0004,0
141,2,0.0001,0.0,1.0,0.0004,0
143,2,0.0001,0.0,1.0,0.0004,0
148,2,3.94455,0.0,1.0,0.0004,1
152,2,0.0001,0.4375,1.0,0.0004,1
154,2,3.94455,0.1667,1.0,0.0004,1
155,2,0.0001,0.8333,1.0,0.0004,0
168,2,0.0001,0.8333,1.0,0.0004,1
188,2,0.0001,0.0,1.0,0.0004,0
193,2,0.0001,0.2647,1.0,0.0004,1
195,2,0.0001,1.0,1.0,0.0004,1
197,2,0.0001,0.0,1.0,0.0004,1
198,2,0.0001,0.8333,1.0,0.0004,0
238,2,0.0001,0.0,1.0,0.0004,0
239,2,0.0001,0.0714,1.0,0.0004,0
240,2,0.0001,0.75,1.0,0.0004,0
241,2,0.0001,0.0,1.0,0.0004,0
248,2,0.0001,0.8333,1.0,0.0004,1
249,2,0.0001,0.4333,1.0,0.0004,1
250,2,0.0001,0.4848,1.0,0.0004,0
251,2,0.0001,0.4083,1.0,0.0004,0
252,2,0.0001,0.6667,1.0,0.0004,0
257,2,0.0001,0.0,1.0,0.0004,1
258,2,0.0001,0.7857,1.0,0.0004,0
261,2,0.0001,0.8571,1.0,0.0004,0
262,2,0.0001,0.6667,1.0,0.0004,1
263,2,0.0001,0.6667,1.0,0.0004,0
271,2,0.0001,0.0,1.0,0.0004,1
272,2,0.0001,0.6667,1.0,0.0004,0
273,2,0.0001,0.5263,1.0,0.0004,0
283,2,0.0001,0.0,1.0,0.0004,0
284,2,0.0001,0.0,1.0,0.0004,0
1,3,0.0038956666666666666,0.0,1.0,0.0004,0
2,3,4.144041666666666,0.0,1.0,0.0004,1
3,3,7.005222,0.0,1.0,0.0004,1
5,3,0.0026893333333333335,0.0,1.0,0.0004,1
6,3,0.0017896666666666666,0.0455,1.0,0.0004,0
12,3,0.003426666666666667,0.0,1.0,0.0004,1
14,3,0.004101666666666667,0.8571,1.0,0.0004,0
21,3,0.0001,0.0,1.0,0.0004,0
23,3,0.002987,0.0,1.0,0.0004,0
27,3,0.003958333333333334,0.0,1.0,0.0004,1
29,3,0.0024386666666666667,0.0,1.0,0.0004,1
30,3,0.004662,0.0,1.0,0.0004,0
31,3,0.0001,1.0,1.0,0.0004,1
36,3,0.004398333333333333,0.0,1.0,0.0004,0
38,3,0.0001,0.0,1.0,0.0004,0
41,3,0.0001,0.0,1.0,0.0004,1
42,3,0.002780333333333334,0.0,1.0,0.0004,0
44,3,0.0014573333333333333,0.0556,1.0,0.0004,0
51,3,0.004496666666666667,0.0,1.0,0.0004,0
57,3,0.0018066666666666665,0.0,1.0,0.0004,0
62,3,0.0023176666666666667,0.6667,1.0,0.0004,0
64,3,0.0001,0.0,1.0,0.0004,0
67,3,0.001472,0.3333,1.0,0.0004,0
70,3,0.0016793333333333332,0.0,1.0,0.0004,0
72,3,0.0022466666666666663,0.0,1.0,0.0004,1
73,3,0.0036223333333333333,0.1,1.0,0.0004,0
75,3,0.0029806666666666666,0.1071,1.0,0.0004,0
79,3,0.0032423333333333336,0.0,1.0,0.0004,0
94,3,0.0024556666666666663,0.0,1.0,0.0004,0
108,3,0.0020716666666666665,0.0,1.0,0.0004,0
110,3,7.033455333333333,0.0,1.0,0.0004,1
111,3,0.0001,0.0,1.0,0.0004,0
112,3,0.0024783333333333333,0.1389,1.0,0.0004,0
118,3,0.002443,0.0,1.0,0.0004,0
121,3,0.0031579999999999998,0.381,1.0,0.0004,0
122,3,0.0001,1.0,1.0,0.0004,1
123,3,0.0001,0.0952,1.0,0.0004,0
126,3,0.003128,0.0,1.0,0.0004,0
129,3,3.8935003333333333,0.8889,1.0,0.0004,1
130,3,0.002408333333333333,0.0,1.0,0.0004,0
132,3,5.157555666666667,0.0,1.0,0.0004,1
139,3,0.0027533333333333333,0.0,1.0,0.0004,0
140,3,0.0001,0.0,1.0,0.0004,0
141,3,0.0001,0.8571,1.0,0.0004,0
143,3,0.0001,0.0,1.0,0.0004,0
152,3,0.002545,0.4231,1.0,0.0004,1
154,3,7.019647,0.0,1.0,0.0004,1
155,3,0.0022406666666666664,0.2667,1.0,0.0004,0
159,3,0.0022983333333333332,0.0,1.0,0.0004,0
168,3,0.0026079999999999996,0.8462,1.0,0.0004,1
184,3,0.0001,0.0,1.0,0.0004,0
188,3,0.0001,0.0,1.0,0.0004,0
193,3,0.005284,0.8333,1.0,0.0004,1
195,3,0.0001,1.0,1.0,0.0004,1
197,3,0.0001,0.0,1.0,0.0004,1
198,3,0.0001,0.25,1.0,0.0004,0
228,3,0.0001,0.0,1.0,0.0004,1
240,3,0.0001,0.0,1.0,0.0004,0
241,3,0.0001,0.0,1.0,0.0004,0
247,3,0.0001,0.0,1.0,0.0004,0
249,3,0.0001,0.3036,1.0,0.0004,1
250,3,0.0001,0.2597,1.0,0.0004,0
251,3,0.0001,0.1333,1.0,0.0004,0
252,3,0.0001,0.0,1.0,0.0004,0
258,3,0.0001,0.3333,1.0,0.0004,0
260,3,0.0001,0.0,1.0,0.0004,0
261,3,0.0001,0.075,1.0,0.0004,0
262,3,0.0001,1.0,1.0,0.0004,1
269,3,0.0001,0.8333,1.0,0.0004,0
271,3,0.0001,0.0,1.0,0.0004,1
272,3,0.0001,0.0,1.0,0.0004,0
273,3,0.0001,0.0375,1.0,0.0004,0
284,3,0.0001,0.2667,1.0,0.0004,0
1,4,0.00368175,0.0833,1.0,0.0,0
3,4,8.788015999999999,0.0,1.0,0.0,1
5,4,0.0020427500000000003,0.8333,1.0,0.0,1
6,4,0.0014722499999999998,0.0,1.0,0.0,0
7,4,0.00233675,0.1778,1.0,0.0,0
10,4,0.0033785,0.0,1.0,0.0,0
12,4,0.00416225,0.0,1.0,0.0,1
15,4,6.2779995,0.0,1.0,0.0,1
17,4,0.0017887499999999998,0.0,1.0,0.0,0
23,4,0.002378,0.1667,1.0,0.0,0
27,4,0.0043375,0.0,1.0,0.0,1
30,4,0.00364825,0.0,1.0,0.0,0
35,4,0.0033152500000000005,0.0,1.0,0.0,0
36,4,0.003414,0.0,1.0,0.0,0
38,4,0.0001,0.0,1.0,0.0,0
41,4,0.00223075,0.0,1.0,0.0,1
42,4,0.00211025,0.0,1.0,0.0,0
44,4,0.00122825,0.0,1.0,0.0,0
46,4,0.0001,0.8,1.0,0.0,0
47,4,0.00146575,0.0,1.0,0.0,0
55,4,5.943662999999999,0.0,1.0,0.0,1
62,4,0.0017535,0.0,1.0,0.0,0
67,4,0.001129,0.0,1.0,0.0,0
72,4,0.002008,0.0,1.0,0.0,1
73,4,0.00281575,0.25,1.0,0.0,0
74,4,6.51880225,0.0,1.0,0.0,1
75,4,0.002242,0.1143,1.0,0.0,0
77,4,0.0028205,0.5,1.0,0.0,1
82,4,0.0018054999999999998,0.2007,1.0,0.0,0
85,4,0.0028205,0.0,1.0,0.0,0
88,4,5.35911375,0.0,1.0,0.0,1
93,4,0.00159425,0.75,1.0,0.0,0
94,4,0.0019409999999999998,0.9,1.0,0.0,0
95,4,0.0013874999999999998,0.0,1.0,0.0,1
97,4,0.00210975,0.0,1.0,0.0,0
99,4,0.0023525000000000004,0.0,1.0,0.0,0
102,4,6.39132925,0.7778,1.0,0.0,1
108,4,0.00211575,0.25,1.0,0.0,0
110,4,8.54440575,0.0,1.0,0.0,1
111,4,0.0001,0.2597,1.0,0.0,0
115,4,0.00149125,1.0,1.0,0.0,1
118,4,0.0024167499999999996,0.0,1.0,0.0,0
119,4,0.002416,0.0,1.0,0.0,0
121,4,0.00239775,0.7143,1.0,0.0,0
122,4,0.00107025,1.0,1.0,0.0,1
123,4,0.0012162499999999999,0.0,1.0,0.0,0
124,4,0.0024735,0.0,1.0,0.0,0
126,4,0.00305525,0.0,1.0,0.0,0
127,4,0.001362,0.2571,1.0,0.0,1
128,4,0.00294725,0.0,1.0,0.0,0
129,4,3.6984369999999998,0.0,1.0,0.0,1
130,4,0.00183125,0.0,1.0,0.0,0
132,4,5.80963225,0.0,1.0,0.0,1
137,4,0.00216575,0.0,1.0,0.0,0
138,4,0.00122775,0.0,1.0,0.0,1
140,4,0.0001,0.0,1.0,0.0,0
141,4,0.0001,0.8333,1.0,0.0,0
143,4,0.001121,0.0,1.0,0.0,0
145,4,0.0016909999999999998,0.0,1.0,0.0,1
149,4,0.00110175,0.0,1.0,0.0,0
153,4,0.00152225,0.8333,1.0,0.0,0
154,4,8.52330425,0.0,1.0,0.0,1
155,4,0.0017025,0.1667,1.0,0.0,0
163,4,0.0013399999999999998,0.0,1.0,0.0,0
165,4,0.0009245,0.8333,1.0,0.0,0
168,4,0.00205575,0.9167,1.0,0.0,1
169,4,0.000527,0.0,1.0,0.0,1
171,4,0.0015589999999999998,0.0,1.0,0.0,0
184,4,0.0001,0.0,1.0,0.0,0
187,4,0.05995525,0.0,1.0,0.0,1
188,4,0.0001,0.0,1.0,0.0,0
191,4,0.0001,0.0,1.0,0.0,0
192,4,0.0001,0.4773,1.0,0.0,0
194,4,0.0001,0.8571,1.0,0.0,0
195,4,0.0001,1.0,1.0,0.0,1
197,4,0.0001,0.0,1.0,0.0,1
198,4,0.0001,0.4167,1.0,0.0,0
240,4,0.0001,0.0,1.0,0.0,0
241,4,0.0001,0.0,1.0,0.0,0
247,4,0.0001,0.6667,1.0,0.0,0
249,4,0.0001,0.0,1.0,0.0,1
250,4,0.0001,0.2667,1.0,0.0,0
251,4,0.0001,0.2735,1.0,0.0,0
252,4,0.0001,0.0,1.0,0.0,0
258,4,0.0001,0.375,1.0,0.0,0
259,4,0.0001,0.0,1.0,0.0,1
260,4,0.0001,0.0,1.0,0.0,0
261,4,0.0001,0.1,1.0,0.0,0
262,4,0.0001,1.0,1.0,0.0,1
268,4,0.0001,0.0,1.0,0.0,1
269,4,0.0001,0.9,1.0,0.0,0
270,4,0.0001,0.8182,1.0,0.0,0
271,4,0.0001,0.0,1.0,0.0,1
272,4,0.0001,0.0,1.0,0.0,0
279,4,0.0001,0.0,1.0,0.0,1
280,4,0.0001,0.0,1.0,0.0,0
281,4,0.0001,0.0,1.0,0.0,0
290,4,0.0001,0.8571,1.0,0.0,0
291,4,0.0001,0.3667,1.0,0.0,0
1,5,0.0029654,0.0,1.0,0.004,0
3,5,8.9619114,0.0,1.0,0.004,1
6,5,0.0012739999999999997,0.0,1.0,0.004,0
7,5,0.0020252,0.0,1.0,0.004,0
10,5,0.0029398000000000002,0.1709,1.0,0.004,0
12,5,0.003454,0.0,1.0,0.004,1
17,5,0.0015841999999999998,0.0,1.0,0.004,0
23,5,0.0020034,0.0,1.0,0.004,0
29,5,0.0022849999999999997,0.0,1.0,0.004,0
30,5,0.0031564,0.125,1.0,0.004,0
31,5,0.0001,1.0,1.0,0.004,1
36,5,0.0027576,0.0889,1.0,0.004,0
37,5,4.9535354,0.1984,1.0,0.004,1
41,5,0.0028816000000000002,0.0,1.0,0.004,1
42,5,0.0017082,0.0,1.0,0.004,0
57,5,0.0027378,0.1333,1.0,0.004,0
62,5,0.0015232000000000002,0.1333,1.0,0.004,0
64,5,0.0024065999999999996,0.0,1.0,0.004,0
67,5,0.0009232000000000001,0.0,1.0,0.004,0
73,5,0.0025408,0.3333,1.0,0.004,0
75,5,0.0019042,0.0,1.0,0.004,0
77,5,0.0041408,0.5,1.0,0.004,1
78,5,0.0040278,0.0536,1.0,0.004,0
79,5,0.0020970000000000003,0.3,1.0,0.004,0
80,5,0.0017833999999999999,0.0,1.0,0.004,0
84,5,0.0022199999999999998,1.0,1.0,0.004,1
85,5,0.0023564000000000002,0.0,1.0,0.004,0
88,5,6.431368000000001,0.0,1.0,0.004,1
89,5,0.0017580000000000002,0.3675,1.0,0.004,1
94,5,0.0018854,0.1961,1.0,0.004,0
98,5,0.0020025999999999998,0.0,1.0,0.004,0
108,5,0.0018736,0.0,1.0,0.004,1
110,5,9.449458799999999,0.0,1.0,0.004,1
111,5,0.0001,0.5833,1.0,0.004,0
112,5,0.002166,0.0,1.0,0.004,0
118,5,0.0022576,0.0,1.0,0.004,0
119,5,0.0020116,0.0,1.0,0.004,0
121,5,0.0033578,0.0,1.0,0.004,0
122,5,0.0008596,1.0,1.0,0.004,1
123,5,0.001104,0.0,1.0,0.004,0
124,5,0.002301,0.0,1.0,0.004,0
126,5,0.0025848,0.0,1.0,0.004,0
127,5,0.0011214,0.0,1.0,0.004,1
130,5,0.001485,0.0,1.0,0.004,0
132,5,5.9663682,0.0,1.0,0.004,1
139,5,0.0028712,0.0,1.0,0.004,0
140,5,0.0001,0.0,1.0,0.004,0
143,5,0.0009050000000000001,0.0,1.0,0.004,0
145,5,0.0013966,0.0,1.0,0.004,1
152,5,0.0015854,0.0,1.0,0.004,1
154,5,9.2971056,0.0,1.0,0.004,1
155,5,0.001366,0.0,1.0,0.004,0
159,5,0.0018869999999999998,0.0,1.0,0.004,0
168,5,0.001679,0.76,1.0,0.004,1
184,5,0.0015116,0.0714,1.0,0.004,0
188,5,0.0001,0.0,1.0,0.004,0
189,5,0.0012978,0.0,1.0,0.004,1
194,5,0.0001,0.5833,1.0,0.004,0
195,5,0.0001,0.8,1.0,0.004,1
197,5,0.0001,0.0,1.0,0.004,1
198,5,0.0001,0.0,1.0,0.004,0
240,5,0.0001,0.0,1.0,0.004,0
241,5,0.0001,0.1714,1.0,0.004,0
250,5,0.0001,0.0,1.0,0.004,0
251,5,0.0001,0.1667,1.0,0.004,0
252,5,0.0001,0.0,1.0,0.004,0
259,5,0.0001,0.0,1.0,0.004,1
260,5,0.0001,0.1,1.0,0.004,0
261,5,0.0001,0.1399,1.0,0.004,0
262,5,0.0001,1.0,1.0,0.004,1
270,5,0.0001,0.0,1.0,0.004,0
271,5,0.0001,0.1071,1.0,0.004,0
272,5,0.0001,0.125,1.0,0.004,0
273,5,0.0001,0.0,1.0,0.004,0
282,5,0.0001,0.3,1.0,0.004,0
283,5,0.0001,0.0,1.0,0.004,0
291,5,0.0001,0.5,1.0,0.004,0
1,6,0.002487833333333333,0.0,1.0,0.008,0
3,6,8.351273833333332,0.0,1.0,0.008,1
5,6,0.0028109999999999997,0.0,1.0,0.008,1
12,6,0.0029883333333333337,0.0,1.0,0.008,1
23,6,0.0017046666666666666,0.0,1.0,0.008,0
26,6,0.003019166666666667,0.0,1.0,0.008,0
27,6,0.0029128333333333337,0.075,1.0,0.008,1
28,6,0.0026388333333333333,0.0,1.0,0.008,0
30,6,0.002653833333333333,0.0,1.0,0.008,0
36,6,0.002383,0.125,1.0,0.008,0
38,6,0.0016893333333333335,0.0,1.0,0.008,0
41,6,0.002482666666666667,0.5417,1.0,0.008,1
42,6,0.0028018333333333333,0.0,1.0,0.008,0
44,6,0.0015273333333333335,0.0,1.0,0.008,0
51,6,0.0025501666666666667,0.0,1.0,0.008,0
62,6,0.0012816666666666668,0.0,1.0,0.008,0
67,6,0.0007860000000000001,0.0,1.0,0.008,1
75,6,0.0016034999999999999,0.0,1.0,0.008,0
78,6,0.0034176666666666665,0.75,1.0,0.008,0
79,6,0.0018128333333333336,0.8,1.0,0.008,0
110,6,9.941664999999999,0.0,1.0,0.008,1
111,6,0.0005524999999999999,0.0,1.0,0.008,0
118,6,0.003091,0.0,1.0,0.008,0
121,6,0.0028680000000000003,0.0,1.0,0.008,0
122,6,0.0011651666666666666,1.0,1.0,0.008,1
123,6,0.0010285,0.0,1.0,0.008,0
124,6,0.0019240000000000001,0.0,1.0,0.008,1
125,6,0.002019833333333333,0.0,1.0,0.008,0
130,6,0.0012541666666666667,0.0,1.0,0.008,0
132,6,5.549318666666667,0.0,1.0,0.008,1
140,6,0.000677,0.0,1.0,0.008,0
143,6,0.0007893333333333334,0.0417,1.0,0.008,0
151,6,0.00166,0.0,1.0,0.008,1
154,6,9.8509825,0.0,1.0,0.008,1
155,6,0.0014275,0.0,1.0,0.008,0
168,6,0.0014348333333333333,0.7692,1.0,0.008,1
184,6,0.0013136666666666668,0.1,1.0,0.008,0
188,6,0.0009468333333333334,0.8,1.0,0.008,0
194,6,0.0008503333333333335,0.5833,1.0,0.008,0
195,6,0.0001,1.0,1.0,0.008,1
197,6,0.0001,0.0,1.0,0.008,1
198,6,0.0001,0.0,1.0,0.008,0
207,6,0.0001,0.0,1.0,0.008,0
208,6,0.0001,0.0,1.0,0.008,1
218,6,0.0001,0.0718,1.0,0.008,0
220,6,0.0001,0.0,1.0,0.008,0
226,6,0.0001,1.0,1.0,0.008,1
228,6,0.0001,0.0,1.0,0.008,1
229,6,0.0001,0.0606,1.0,0.008,0
230,6,0.0001,0.0549,1.0,0.008,0
231,6,0.0001,0.0714,1.0,0.008,0
237,6,0.0001,0.0,1.0,0.008,0
239,6,0.0001,0.0,1.0,0.008,0
240,6,0.0001,0.2667,1.0,0.008,0
241,6,0.0001,0.0,1.0,0.008,0
242,6,0.0001,0.0,1.0,0.008,0
247,6,0.0001,0.0,1.0,0.008,0
251,6,0.0001,0.303,1.0,0.008,0
252,6,0.0001,0.0,1.0,0.008,0
258,6,0.0001,0.5217,1.0,0.008,0
259,6,0.0001,0.0,1.0,0.008,1
260,6,0.0001,0.3889,1.0,0.008,0
261,6,0.0001,0.1667,1.0,0.008,0
1,7,0.003020428571428571,0.0,1.0,0.002,0
3,7,7.5304897142857135,0.0,1.0,0.002,1
5,7,0.002438714285714286,0.0,1.0,0.002,1
6,7,0.0016987142857142856,0.3333,1.0,0.002,0
12,7,0.0025757142857142858,0.0,1.0,0.002,1
13,7,0.004454571428571428,0.0,1.0,0.002,0
23,7,0.0014741428571428572,0.0,1.0,0.002,0
28,7,0.002658285714285714,0.0,1.0,0.002,0
30,7,0.0026485714285714285,0.0,1.0,0.002,0
31,7,0.001543857142857143,0.5357,1.0,0.002,1
37,7,5.748429285714286,0.0,1.0,0.002,1
38,7,0.0016677142857142858,0.0,1.0,0.002,0
41,7,0.002142285714285714,0.9444,1.0,0.002,1
42,7,0.0024158571428571428,0.0,1.0,0.002,0
44,7,0.0015985714285714286,0.0,1.0,0.002,0
56,7,0.0018087142857142857,0.0,1.0,0.002,0
57,7,0.002325857142857143,0.0,1.0,0.002,0
60,7,0.0018252857142857144,0.0,1.0,0.002,0
62,7,0.001141,0.14,1.0,0.002,0
64,7,0.0021545714285714284,0.0,1.0,0.002,0
67,7,0.0006880000000000001,0.0,1.0,0.002,1
70,7,0.0008915714285714287,0.8571,1.0,0.002,0
73,7,0.0029552857142857137,0.1,1.0,0.002,0
75,7,0.002627142857142857,0.25,1.0,0.002,0
77,7,0.004387,0.375,1.0,0.002,1
79,7,0.0015750000000000002,0.8333,1.0,0.002,0
108,7,0.001414142857142857,0.3333,1.0,0.002,0
110,7,9.724979428571428,0.0,1.0,0.002,1
111,7,0.000589,0.0,1.0,0.002,0
112,7,0.0018905714285714285,0.1333,1.0,0.002,0
118,7,0.0026637142857142857,0.0,1.0,0.002,0
121,7,0.0025197142857142857,0.5455,1.0,0.002,0
122,7,0.0010297142857142857,1.0,1.0,0.002,1
123,7,0.001147142857142857,0.0,1.0,0.002,0
126,7,0.0021032857142857142,0.0,1.0,0.002,0
127,7,0.0008587142857142857,0.0,1.0,0.002,1
130,7,0.001665857142857143,0.0,1.0,0.002,0
132,7,5.1314084285714285,0.0,1.0,0.002,1
134,7,0.0004345714285714286,0.0,1.0,0.002,0
136,7,8.54369,0.0,1.0,0.002,1
137,7,0.0015268571428571427,0.75,1.0,0.002,0
139,7,0.0020794285714285715,0.0,1.0,0.002,0
140,7,0.0006627142857142857,0.6667,1.0,0.002,0
143,7,0.0006905714285714286,0.0,1.0,0.002,0
152,7,0.0022507142857142856,0.625,1.0,0.002,1
154,7,10.362253571428571,0.0,1.0,0.002,1
155,7,0.0014762857142857143,0.1667,1.0,0.002,0
156,7,0.0025470000000000002,0.0,1.0,0.002,0
158,7,0.002631428571428572,0.6667,1.0,0.002,0
168,7,0.0012451428571428572,0.7,1.0,0.002,1
171,7,0.0019715714285714284,0.3,1.0,0.002,0
182,7,0.00010000000000000002,0.0,1.0,0.002,1
184,7,0.0011704285714285716,0.0,1.0,0.002,0
188,7,0.0008258571428571429,0.0,1.0,0.002,0
193,7,2.3689864285714286,0.1667,1.0,0.002,1
194,7,0.0007431428571428573,0.5556,1.0,0.002,0
195,7,0.0004705714285714286,1.0,1.0,0.002,1
196,7,0.0007618571428571429,0.0,1.0,0.002,0
198,7,0.00010000000000000002,0.0,1.0,0.002,0
218,7,0.00010000000000000002,0.0,1.0,0.002,0
229,7,0.00010000000000000002,0.5,1.0,0.002,0
230,7,0.00010000000000000002,0.0,1.0,0.002,0
236,7,0.00010000000000000002,0.0,1.0,0.002,1
237,7,0.00010000000000000002,0.0,1.0,0.002,0
238,7,0.00010000000000000002,0.0,1.0,0.002,0
239,7,0.00010000000000000002,0.1667,1.0,0.002,0
240,7,0.00010000000000000002,0.0,1.0,0.002,0
241,7,0.00010000000000000002,0.0,1.0,0.002,0
249,7,0.00010000000000000002,0.0,1.0,0.002,1
250,7,0.00010000000000000002,0.8,1.0,0.002,0
251,7,0.00010000000000000002,0.9167,1.0,0.002,0
252,7,0.00010000000000000002,0.3889,1.0,0.002,0
258,7,0.00010000000000000002,0.0,1.0,0.002,0
259,7,0.00010000000000000002,0.0,1.0,0.002,0
261,7,0.00010000000000000002,0.6842,1.0,0.002,0
262,7,0.00010000000000000002,0.75,1.0,0.002,1
263,7,0.00010000000000000002,0.0,1.0,0.002,0
271,7,0.00010000000000000002,0.0,1.0,0.002,0
272,7,0.00010000000000000002,0.0,1.0,0.002,0
282,7,0.00010000000000000002,0.0,1.0,0.002,0
283,7,0.00010000000000000002,0.2667,1.0,0.002,0
285,7,0.00010000000000000002,0.0,1.0,0.002,1
1,8,0.00344675,0.0,1.0,0.0052,0
3,8,6.949154500000001,0.0,1.0,0.0052,1
5,8,0.00227825,0.0,1.0,0.0052,1
6,8,0.0015061249999999999,0.3571,1.0,0.0052,0
12,8,0.0022662499999999996,0.0,1.0,0.0052,1
26,8,0.0023656249999999997,0.6923,1.0,0.0052,0
27,8,0.0022831249999999996,0.9474,1.0,0.0052,1
28,8,0.0023385,0.5,1.0,0.0052,0
30,8,0.0041140000000000005,0.1,1.0,0.0052,0
36,8,0.001806375,0.8333,1.0,0.0052,0
38,8,0.00147175,0.0,1.0,0.0052,0
41,8,0.001887,0.0,1.0,0.0052,1
42,8,0.002482625,0.6667,1.0,0.0052,0
51,8,0.00199175,0.0,1.0,0.0052,1
56,8,0.002434,0.0,1.0,0.0052,0
59,8,0.0014589999999999998,0.0,1.0,0.0052,1
60,8,0.00160825,0.0,1.0,0.0052,0
67,8,0.000924125,0.0,1.0,0.0052,0
70,8,0.001079625,0.0,1.0,0.0052,0
73,8,0.0034465,0.2667,1.0,0.0052,0
75,8,0.0023117500000000004,0.75,1.0,0.0052,0
87,8,0.0011596249999999998,0.0,1.0,0.0052,0
110,8,9.074428625,0.0,1.0,0.0052,1
111,8,0.00091075,0.0,1.0,0.0052,0
112,8,0.001658625,0.0,1.0,0.0052,0
121,8,0.002240375,0.0,1.0,0.0052,0
122,8,0.0009205000000000001,1.0,1.0,0.0052,1
123,8,0.0010162499999999998,0.0,1.0,0.0052,0
130,8,0.001470125,0.0,1.0,0.0052,0
132,8,4.901326,0.0,1.0,0.0052,1
134,8,0.0007239999999999999,0.0,1.0,0.0052,0
139,8,0.00282825,0.875,1.0,0.0052,0
140,8,0.0007527500000000001,0.0,1.0,0.0052,0
143,8,0.00064925,0.3333,1.0,0.0052,0
152,8,0.00197525,0.0556,1.0,0.0052,1
154,8,10.64458025,0.0,1.0,0.0052,1
155,8,0.00130425,0.0,1.0,0.0052,0
164,8,0.00103375,0.0,1.0,0.0052,0
168,8,0.0014137499999999999,0.7143,1.0,0.0052,1
183,8,0.0007555,0.0,1.0,0.0052,1
184,8,0.0015654999999999998,0.0833,1.0,0.0052,0
188,8,0.0014089999999999999,0.1,1.0,0.0052,0
195,8,0.00043375000000000005,1.0,1.0,0.0052,1
197,8,0.0009777499999999999,0.0,1.0,0.0052,1
198,8,0.0003455,0.0,1.0,0.0052,0
228,8,0.0001,0.0,1.0,0.0052,1
230,8,0.0001,0.6667,1.0,0.0052,0
238,8,0.0001,0.0,1.0,0.0052,0
239,8,0.0001,0.332,1.0,0.0052,0
240,8,0.0001,0.0,1.0,0.0052,0
241,8,0.0001,0.0,1.0,0.0052,0
242,8,0.0001,0.0,1.0,0.0052,0
249,8,0.0001,0.0,1.0,0.0052,1
250,8,0.0001,0.3,1.0,0.0052,0
251,8,0.0001,0.2083,1.0,0.0052,0
252,8,0.0001,0.0,1.0,0.0052,0
258,8,0.0001,0.6818,1.0,0.0052,0
259,8,0.0001,0.0,1.0,0.0052,0
261,8,0.0001,0.3361,1.0,0.0052,0
262,8,0.0001,1.0,1.0,0.0052,1
271,8,0.0001,0.0,1.0,0.0052,0
1,9,0.003194111111111111,0.0,1.0,0.0024,0
3,9,6.7822668888888895,0.2222,1.0,0.0024,1
6,9,0.0013712222222222222,0.2521,1.0,0.0024,0
12,9,0.002025555555555555,0.0,1.0,0.0024,1
27,9,0.002094111111111111,0.0,1.0,0.0024,1
29,9,0.002830444444444445,0.0,1.0,0.0024,0
30,9,0.0037374444444444443,0.25,1.0,0.0024,0
36,9,0.0016234444444444445,0.0,1.0,0.0024,0
38,9,0.0013193333333333332,0.0,1.0,0.0024,0
41,9,0.0016884444444444445,0.0,1.0,0.0024,1
42,9,0.002435,0.0,1.0,0.0024,0
44,9,0.0017260000000000003,0.0,1.0,0.0024,0
46,9,0.0001,0.0,1.0,0.0024,0
48,9,0.0012877777777777777,1.0,1.0,0.0024,1
57,9,0.0018433333333333333,0.0,1.0,0.0024,0
62,9,0.0009143333333333334,0.0,1.0,0.0024,0
63,9,0.0010669999999999998,0.0,1.0,0.0024,1
67,9,0.0009457777777777778,0.0,1.0,0.0024,0
75,9,0.0020794444444444445,0.25,1.0,0.0024,0
78,9,0.0024193333333333332,0.0,1.0,0.0024,0
79,9,0.001312,0.0,1.0,0.0024,0
80,9,0.0011226666666666668,0.1667,1.0,0.0024,0
84,9,0.0013995555555555554,0.6667,1.0,0.0024,1
108,9,0.0017578888888888891,0.0,1.0,0.0024,0
110,9,8.581129666666666,0.0,1.0,0.0024,1
111,9,0.0008206666666666667,0.0,1.0,0.0024,0
112,9,0.0015914444444444444,0.3421,1.0,0.0024,0
118,9,0.002094,0.0,1.0,0.0024,0
121,9,0.001994,0.1071,1.0,0.0024,0
122,9,0.0008293333333333334,1.0,1.0,0.0024,1
123,9,0.0009144444444444442,0.0,1.0,0.0024,0
127,9,0.0006782222222222222,0.0,1.0,0.0024,1
130,9,0.001794,0.0,1.0,0.0024,0
132,9,4.861945222222222,0.0,1.0,0.0024,1
134,9,0.0006689999999999999,0.0,1.0,0.0024,0
138,9,0.0007342222222222222,0.0,1.0,0.0024,1
140,9,0.0008332222222222223,0.0,1.0,0.0024,0
141,9,0.0001,0.0,1.0,0.0024,0
143,9,0.0008055555555555555,0.0,1.0,0.0024,0
152,9,0.0017934444444444443,0.3947,1.0,0.0024,1
154,9,10.633389555555556,0.0,1.0,0.0024,1
155,9,0.0011704444444444444,0.8,1.0,0.0024,0
161,9,5.586822,0.0,1.0,0.0024,1
162,9,0.0009668888888888889,0.5,1.0,0.0024,0
163,9,0.001333111111111111,0.0,1.0,0.0024,0
165,9,0.0008534444444444444,0.0,1.0,0.0024,0
168,9,0.0012623333333333332,0.75,1.0,0.0024,1
183,9,0.0007062222222222222,0.0,1.0,0.0024,1
184,9,0.0014405555555555554,0.0,1.0,0.0024,0
188,9,0.0014548888888888888,0.0,1.0,0.0024,0
195,9,0.00040511111111111113,1.0,1.0,0.0024,1
196,9,0.0006636666666666667,0.0,1.0,0.0024,0
198,9,0.00038455555555555557,0.0,1.0,0.0024,0
239,9,0.0001,0.7273,1.0,0.0024,0
240,9,0.0001,0.0952,1.0,0.0024,0
241,9,0.0001,0.0,1.0,0.0024,0
249,9,0.0001,0.0,1.0,0.0024,1
250,9,0.0001,0.3556,1.0,0.0024,0
251,9,0.0001,0.0833,1.0,0.0024,0
252,9,0.0001,0.75,1.0,0.0024,0
257,9,0.0001,0.0,1.0,0.0024,1
258,9,0.0001,0.0,1.0,0.0024,0
259,9,0.0001,0.0,1.0,0.0024,0
260,9,0.0001,0.0,1.0,0.0024,0
261,9,0.0001,0.0,1.0,0.0024,0
262,9,0.0001,1.0,1.0,0.0024,1
263,9,0.0001,0.0,1.0,0.0024,0
268,9,0.0001,0.0,1.0,0.0024,1
269,9,0.0001,0.0714,1.0,0.0024,0
270,9,0.0001,0.0,1.0,0.0024,0
271,9,0.0001,0.1333,1.0,0.0024,0
272,9,0.0001,0.2667,1.0,0.0024,0
1,10,0.0030288000000000003,0.0,1.0,0.0048,0
3,10,6.853122200000001,0.0,1.0,0.0048,1
6,10,0.0012648,0.0,1.0,0.0048,0
12,10,0.0024290999999999996,0.75,1.0,0.0048,1
26,10,0.0020279,0.0,1.0,0.0048,0
27,10,0.0019029999999999995,0.0,1.0,0.0048,1
30,10,0.0034096,0.0,1.0,0.0048,0
31,10,0.0019426000000000003,1.0,1.0,0.0048,1
36,10,0.0014771,0.0,1.0,0.0048,0
37,10,6.3406731,0.0,1.0,0.0048,1
38,10,0.0011974,0.0,1.0,0.0048,0
41,10,0.0023568,0.0,1.0,0.0048,1
42,10,0.0022037000000000003,0.0,1.0,0.0048,0
44,10,0.0015904,0.0,1.0,0.0048,0
48,10,0.0012371,1.0,1.0,0.0048,1
51,10,0.0021190000000000002,0.0,1.0,0.0048,0
57,10,0.0016733999999999998,0.0667,1.0,0.0048,0
59,10,0.0012496999999999999,1.0,1.0,0.0048,1
63,10,0.0013484999999999999,0.0,1.0,0.0048,1
64,10,0.0016839999999999997,0.0,1.0,0.0048,0
67,10,0.0010491,0.0,1.0,0.0048,0
72,10,0.0011175,0.0,1.0,0.0048,1
73,10,0.0028021,0.0,1.0,0.0048,0
75,10,0.0018815000000000001,0.0,1.0,0.0048,0
78,10,0.0022198999999999995,0.0,1.0,0.0048,0
79,10,0.0011835,0.0,1.0,0.0048,0
80,10,0.0010156,0.25,1.0,0.0048,0
84,10,0.0013094999999999997,1.0,1.0,0.0048,1
87,10,0.0011772999999999998,0.0,1.0,0.0048,0
88,10,8.7352276,0.0,1.0,0.0048,1
94,10,0.0013931999999999998,0.0,1.0,0.0048,0
95,10,0.0012847000000000002,1.0,1.0,0.0048,1
108,10,0.0016148000000000002,0.0,1.0,0.0048,0
110,10,8.2520317,0.0,1.0,0.0048,1
111,10,0.0010929000000000002,0.1714,1.0,0.0048,0
114,10,0.0011476,0.0,1.0,0.0048,0
118,10,0.0025884999999999997,0.0,1.0,0.0048,0
121,10,0.0018062999999999998,0.0952,1.0,0.0048,0
122,10,0.0011534000000000002,1.0,1.0,0.0048,1
123,10,0.0013082999999999997,0.0,1.0,0.0048,0
127,10,0.0006164,0.0,1.0,0.0048,1
130,10,0.0016335000000000002,0.0,1.0,0.0048,0
132,10,4.9438658,0.0,1.0,0.0048,1
134,10,0.0006869999999999999,0.0,1.0,0.0048,0
139,10,0.0030572000000000004,0.8,1.0,0.0048,0
140,10,0.0007587000000000001,0.0,1.0,0.0048,0
143,10,0.0008946,0.0,1.0,0.0048,0
152,10,0.0016166,0.8667,1.0,0.0048,1
154,10,10.6926842,0.0,1.0,0.0048,1
155,10,0.0014376,0.0,1.0,0.0048,0
162,10,0.0009029999999999999,0.0,1.0,0.0048,0
164,10,0.0011007999999999999,0.0,1.0,0.0048,0
168,10,0.0011366,0.75,1.0,0.0048,1
182,10,0.0005373,0.0,1.0,0.0048,1
184,10,0.0013233,0.0,1.0,0.0048,0
188,10,0.0014387,0.0,1.0,0.0048,0
193,10,3.9705021,0.8,1.0,0.0048,1
195,10,0.0004105,1.0,1.0,0.0048,1
196,10,0.000645,0.0,1.0,0.0048,0
198,10,0.00040490000000000003,0.0,1.0,0.0048,0
228,10,0.0001,0.0,1.0,0.0048,1
238,10,0.0001,0.0,1.0,0.0048,0
239,10,0.0001,0.25,1.0,0.0048,0
240,10,0.0001,0.0,1.0,0.0048,0
241,10,0.0001,0.0,1.0,0.0048,0
247,10,0.0001,0.8,1.0,0.0048,0
250,10,0.0001,0.5714,1.0,0.0048,0
251,10,0.0001,0.2182,1.0,0.0048,0
252,10,0.0001,0.8333,1.0,0.0048,0
258,10,0.0001,0.0,1.0,0.0048,0
259,10,0.0001,0.8,1.0,0.0048,0
261,10,0.0001,0.4848,1.0,0.0048,0
262,10,0.0001,1.0,1.0,0.0048,1
269,10,0.0001,0.625,1.0,0.0048,0
270,10,0.0001,0.125,1.0,0.0048,0
271,10,0.0001,0.3333,1.0,0.0048,0
273,10,0.0001,0.0,1.0,0.0048,0
283,10,0.0001,0.0,1.0,0.0048,0
1,11,0.0027709090909090912,0.0,1.0,0.0044,0
3,11,7.052637363636364,0.1667,1.0,0.0044,1
12,11,0.0022506363636363635,0.0,1.0,0.0044,1
21,11,0.001028,0.0,1.0,0.0044,0
24,11,6.568006909090909,0.0,1.0,0.0044,1
27,11,0.0017706363636363631,0.0,1.0,0.0044,1
29,11,0.0023832727272727274,0.0,1.0,0.0044,0
30,11,0.0031453636363636367,0.3111,1.0,0.0044,0
34,11,0.001083818181818182,0.0,1.0,0.0044,1
36,11,0.0015576363636363637,0.3,1.0,0.0044,0
38,11,0.001617090909090909,0.0,1.0,0.0044,0
41,11,0.0022535454545454543,0.0,1.0,0.0044,1
42,11,0.0020124545454545456,0.0,1.0,0.0044,0
44,11,0.0014484545454545457,0.0,1.0,0.0044,0
46,11,0.0001,0.0,1.0,0.0044,0
48,11,0.0011797272727272728,1.0,1.0,0.0044,1
51,11,0.0021738181818181817,0.0,1.0,0.0044,0
56,11,0.002328818181818182,0.0,1.0,0.0044,0
63,11,0.0012349999999999998,0.3,1.0,0.0044,1
70,11,0.000951,0.0,1.0,0.0044,0
72,11,0.001025,0.5,1.0,0.0044,1
75,11,0.002176090909090909,0.8333,1.0,0.0044,0
79,11,0.001086090909090909,0.0,1.0,0.0044,0
80,11,0.0009371818181818182,0.0,1.0,0.0044,0
95,11,0.0016222727272727272,1.0,1.0,0.0044,1
108,11,0.0015196363636363638,0.0,1.0,0.0044,0
110,11,8.138646454545453,0.0,1.0,0.0044,1
111,11,0.0010026363636363638,0.0,1.0,0.0044,0
118,11,0.002698181818181818,0.0,1.0,0.0044,0
121,11,0.0019685454545454546,0.0,1.0,0.0044,0
122,11,0.0013240909090909093,1.0,1.0,0.0044,1
123,11,0.0012296363636363635,0.0,1.0,0.0044,0
127,11,0.0005856363636363636,0.0,1.0,0.0044,1
129,11,4.4598200909090915,0.3,1.0,0.0044,1
130,11,0.0014982727272727274,0.0,1.0,0.0044,0
132,11,5.154287545454546,0.0,1.0,0.0044,1
134,11,0.0006961818181818181,0.0,1.0,0.0044,0
138,11,0.0009651818181818182,0.0,1.0,0.0044,1
139,11,0.002791181818181818,0.1,1.0,0.0044,0
140,11,0.0006916363636363638,0.0,1.0,0.0044,0
141,11,0.0001,0.0,1.0,0.0044,0
143,11,0.0008268181818181817,0.0,1.0,0.0044,0
152,11,0.0014885454545454544,0.0,1.0,0.0044,1
154,11,10.366226636363637,0.0,1.0,0.0044,1
155,11,0.0013180909090909092,0.0714,1.0,0.0044,0
161,11,5.279177,0.0,1.0,0.0044,1
162,11,0.0008598181818181818,0.6,1.0,0.0044,0
165,11,0.000726090909090909,0.2667,1.0,0.0044,0
168,11,0.0010433636363636363,0.4167,1.0,0.0044,1
181,11,0.0008645454545454545,0.0,1.0,0.0044,0
188,11,0.0013277272727272727,0.0,1.0,0.0044,0
192,11,0.0008657272727272726,0.0,1.0,0.0044,0
194,11,0.0009073636363636364,0.0,1.0,0.0044,0
195,11,0.00037836363636363637,1.0,1.0,0.0044,1
196,11,0.0006375454545454545,0.0,1.0,0.0044,0
197,11,0.000734,0.0,1.0,0.0044,1
198,11,0.00044263636363636364,0.0,1.0,0.0044,0
230,11,0.0001,0.0,1.0,0.0044,0
237,11,0.0001,0.0,1.0,0.0044,0
238,11,0.0001,0.1,1.0,0.0044,0
239,11,0.0001,0.1,1.0,0.0044,0
240,11,0.0001,0.8,1.0,0.0044,0
241,11,0.0001,0.0,1.0,0.0044,0
248,11,0.0001,0.8333,1.0,0.0044,1
249,11,0.0001,0.1591,1.0,0.0044,1
250,11,0.0001,0.3111,1.0,0.0044,0
251,11,0.0001,0.1944,1.0,0.0044,0
252,11,0.0001,0.75,1.0,0.0044,0
257,11,0.0001,0.0,1.0,0.0044,1
258,11,0.0001,0.0,1.0,0.0044,0
259,11,0.0001,0.25,1.0,0.0044,0
260,11,0.0001,0.0,1.0,0.0044,0
261,11,0.0001,0.2571,1.0,0.0044,0
269,11,0.0001,0.6,1.0,0.0044,0
270,11,0.0001,0.1667,1.0,0.0044,0
271,11,0.0001,0.2667,1.0,0.0044,0
272,11,0.0001,0.1667,1.0,0.0044,0
1,12,0.0025540000000000003,0.0,1.0,0.0004,0
3,12,7.424661416666667,0.1667,1.0,0.0004,1
6,12,0.0010835833333333333,0.15,1.0,0.0004,0
12,12,0.00207925,0.0,1.0,0.0004,1
21,12,0.0013123333333333335,0.0,1.0,0.0004,0
25,12,0.001553333333333333,0.2667,1.0,0.0004,0
26,12,0.0017292499999999999,0.0,1.0,0.0004,0
27,12,0.001647333333333333,0.0,1.0,0.0004,1
28,12,0.00240275,0.0,1.0,0.0004,0
30,12,0.002910416666666667,0.2778,1.0,0.0004,0
36,12,0.0016155833333333335,0.0,1.0,0.0004,0
38,12,0.0015179166666666665,0.0,1.0,0.0004,0
41,12,0.002074083333333333,0.0,1.0,0.0004,1
42,12,0.0018530833333333333,0.0,1.0,0.0004,0
44,12,0.0013515000000000003,0.0,1.0,0.0004,0
48,12,0.0010978333333333333,0.75,1.0,0.0004,1
50,12,0.0014195833333333335,0.0,1.0,0.0004,0
51,12,0.0020009999999999997,0.0,1.0,0.0004,0
57,12,0.0014203333333333333,0.35,1.0,0.0004,0
60,12,0.0015553333333333333,0.1333,1.0,0.0004,0
64,12,0.0014548333333333332,0.0,1.0,0.0004,0
67,12,0.0012671666666666667,0.0,1.0,0.0004,0
73,12,0.0023787500000000002,0.5833,1.0,0.0004,0
75,12,0.0020343333333333333,0.1905,1.0,0.0004,0
76,12,0.0017589166666666664,0.1667,1.0,0.0004,0
78,12,0.0027367499999999996,0.0,1.0,0.0004,0
79,12,0.0010181666666666666,0.25,1.0,0.0004,0
80,12,0.0009096666666666667,0.0,1.0,0.0004,0
84,12,0.0011164999999999997,0.0,1.0,0.0004,1
94,12,0.0012007499999999998,0.0,1.0,0.0004,0
105,12,0.00117625,0.0,1.0,0.0004,0
110,12,8.165341916666666,0.0,1.0,0.0004,1
111,12,0.0009274166666666667,0.0,1.0,0.0004,0
114,12,0.0018551666666666664,0.0,1.0,0.0004,0
118,12,0.0027728333333333333,0.0,1.0,0.0004,0
121,12,0.0018348333333333333,0.375,1.0,0.0004,0
122,12,0.0012327500000000001,1.0,1.0,0.0004,1
123,12,0.0012218333333333332,0.0,1.0,0.0004,0
124,12,0.0013377500000000002,0.0,1.0,0.0004,0
127,12,0.0005474166666666666,0.0,1.0,0.0004,1
130,12,0.0014026666666666669,0.0,1.0,0.0004,0
132,12,5.313099583333334,0.0,1.0,0.0004,1
134,12,0.0006417499999999999,0.0,1.0,0.0004,0
139,12,0.0025660833333333334,0.1,1.0,0.0004,0
141,12,0.0001,0.0,1.0,0.0004,0
143,12,0.0007618333333333332,0.3333,1.0,0.0004,0
148,12,9.176703666666667,0.0,1.0,0.0004,1
152,12,0.0013931666666666667,0.0,1.0,0.0004,1
153,12,0.0011434166666666667,0.0,1.0,0.0004,0
154,12,10.081784416666668,0.0,1.0,0.0004,1
155,12,0.0012099166666666666,0.0,1.0,0.0004,0
162,12,0.0008000833333333333,0.0,1.0,0.0004,0
163,12,0.0011409166666666666,0.0833,1.0,0.0004,0
164,12,0.0011879999999999998,0.1667,1.0,0.0004,0
165,12,0.0006941666666666666,0.8333,1.0,0.0004,0
184,12,0.0011429999999999997,0.3,1.0,0.0004,0
188,12,0.0012254166666666665,0.0,1.0,0.0004,0
194,12,0.0012111666666666666,0.0,1.0,0.0004,0
195,12,0.0004298333333333333,1.0,1.0,0.0004,1
196,12,0.0006612499999999999,0.0,1.0,0.0004,0
198,12,0.00046633333333333336,0.625,1.0,0.0004,0
215,12,0.0001,0.1667,1.0,0.0004,0
216,12,0.0001,0.0,1.0,0.0004,0
226,12,0.0001,0.0,1.0,0.0004,1
227,12,0.0001,0.1071,1.0,0.0004,0
228,12,0.0001,0.15,1.0,0.0004,1
237,12,0.0001,0.0,1.0,0.0004,0
238,12,0.0001,0.0865,1.0,0.0004,0
239,12,0.0001,0.25,1.0,0.0004,0
240,12,0.0001,0.1905,1.0,0.0004,0
241,12,0.0001,0.0,1.0,0.0004,0
248,12,0.0001,0.4286,1.0,0.0004,1
249,12,0.0001,0.0,1.0,0.0004,1
250,12,0.0001,0.0764,1.0,0.0004,0
251,12,0.0001,0.0,1.0,0.0004,0
258,12,0.0001,0.8333,1.0,0.0004,0
259,12,0.0001,0.375,1.0,0.0004,0
260,12,0.0001,0.2083,1.0,0.0004,0
261,12,0.0001,0.2571,1.0,0.0004,0
268,12,0.0001,0.0,1.0,0.0004,1
269,12,0.0001,0.25,1.0,0.0004,0
270,12,0.0001,0.0667,1.0,0.0004,0
271,12,0.0001,0.1333,1.0,0.0004,0
272,12,0.0001,0.1667,1.0,0.0004,0
1,13,0.002397461538461539,0.0,1.0,0.0072,0
2,13,10.504004615384614,0.0,1.0,0.0072,1
3,13,7.382219076923078,0.0,1.0,0.0072,1
4,13,0.0010087692307692308,0.0,1.0,0.0072,1
6,13,0.0010535384615384614,0.1709,1.0,0.0072,0
8,13,0.002798692307692307,0.0,1.0,0.0072,0
12,13,0.0021862307692307693,0.0,1.0,0.0072,1
14,13,0.0014446153846153845,0.25,1.0,0.0072,0
21,13,0.0013904615384615385,0.0,1.0,0.0072,0
22,13,0.0021896923076923074,0.0,1.0,0.0072,1
27,13,0.0015299230769230765,0.0,1.0,0.0072,1
30,13,0.00269423076923077,0.125,1.0,0.0072,0
31,13,0.001619769230769231,1.0,1.0,0.0072,1
36,13,0.0015222307692307692,0.0,1.0,0.0072,0
38,13,0.0014039999999999999,0.0,1.0,0.0072,0
41,13,0.001922230769230769,0.0,1.0,0.0072,1
42,13,0.0017182307692307692,0.0,1.0,0.0072,0
44,13,0.0013050769230769231,0.0,1.0,0.0072,0
45,13,0.0023191538461538462,0.0,1.0,0.0072,0
63,13,0.0010603846153846152,0.0,1.0,0.0072,1
67,13,0.001186923076923077,0.0,1.0,0.0072,0
69,13,0.0008857692307692307,0.0,1.0,0.0072,0
73,13,0.002223923076923077,0.0,1.0,0.0072,0
75,13,0.0021283846153846153,0.0667,1.0,0.0072,0
77,13,0.0028521538461538467,0.7778,1.0,0.0072,1
84,13,0.0010675384615384613,0.0,1.0,0.0072,1
90,13,0.0013559999999999998,0.0,1.0,0.0072,0
92,13,0.0007078461538461537,0.1952,1.0,0.0072,0
108,13,0.0013499230769230771,0.35,1.0,0.0072,0
110,13,8.292078384615383,0.0,1.0,0.0072,1
111,13,0.0008637692307692307,0.4167,1.0,0.0072,0
113,13,0.001566846153846154,0.0,1.0,0.0072,1
118,13,0.002567230769230769,0.25,1.0,0.0072,0
121,13,0.0017037692307692307,0.0,1.0,0.0072,0
122,13,0.0011456153846153847,1.0,1.0,0.0072,1
123,13,0.0011355384615384613,0.0,1.0,0.0072,0
124,13,0.0012450769230769232,0.0,1.0,0.0072,0
129,13,4.52846676923077,0.0,1.0,0.0072,1
130,13,0.0013138461538461542,0.0,1.0,0.0072,0
132,13,5.185416307692308,0.0,1.0,0.0072,1
133,13,0.00030023076923076927,0.75,1.0,0.0072,1
134,13,0.0005936153846153845,0.0606,1.0,0.0072,0
141,13,0.00010000000000000002,0.0784,1.0,0.0072,0
143,13,0.0007043846153846153,0.0,1.0,0.0072,0
147,13,0.0009356153846153847,0.1667,1.0,0.0072,0
152,13,0.001428846153846154,0.0,1.0,0.0072,1
154,13,9.858528307692309,0.0,1.0,0.0072,1
155,13,0.0011176923076923076,0.0,1.0,0.0072,0
160,13,0.000778923076923077,0.0,1.0,0.0072,0
162,13,0.0009109999999999999,0.0,1.0,0.0072,0
165,13,0.0006563076923076923,0.0,1.0,0.0072,0
171,13,0.0019240769230769229,0.0,1.0,0.0072,0
172,13,0.0022465384615384613,0.75,1.0,0.0072,0
179,13,0.000555,0.3,1.0,0.0072,0
180,13,8.562795615384616,0.0595,1.0,0.0072,1
186,13,0.0009077692307692307,0.0,1.0,0.0072,0
188,13,0.0011388461538461537,0.2667,1.0,0.0072,0
189,13,0.0008903076923076924,0.0,1.0,0.0072,0
193,13,4.733701538461538,0.6471,1.0,0.0072,1
194,13,0.0011341538461538461,0.0292,1.0,0.0072,0
195,13,0.00040153846153846153,1.0,1.0,0.0072,1
197,13,0.0006632307692307691,0.0,1.0,0.0072,1
198,13,0.0004381538461538462,0.0,1.0,0.0072,0
239,13,0.00010000000000000002,0.0,1.0,0.0072,0
240,13,0.00010000000000000002,0.0,1.0,0.0072,0
250,13,0.00010000000000000002,0.3333,1.0,0.0072,0
251,13,0.00010000000000000002,0.0,1.0,0.0072,0
252,13,0.00010000000000000002,0.8,1.0,0.0072,0
257,13,0.00010000000000000002,0.0,1.0,0.0072,1
258,13,0.00010000000000000002,0.1,1.0,0.0072,0
261,13,0.00010000000000000002,0.0,1.0,0.0072,0
263,13,0.00010000000000000002,0.0,1.0,0.0072,0
269,13,0.00010000000000000002,0.0,1.0,0.0072,0
273,13,0.00010000000000000002,0.0,1.0,0.0072,0
274,13,0.00010000000000000002,0.3099,1.0,0.0072,1
284,13,0.00010000000000000002,0.3571,1.0,0.0072,0
285,13,0.00010000000000000002,0.0,1.0,0.0072,0
296,13,0.00010000000000000002,1.0,1.0,0.0072,1
307,13,0.00010000000000000002,0.0,1.0,0.0072,0
308,13,0.00010000000000000002,0.0,1.0,0.0072,0
309,13,0.00010000000000000002,0.0,1.0,0.0072,0
318,13,0.00010000000000000002,0.0,1.0,0.0072,0
319,13,0.00010000000000000002,0.15,1.0,0.0072,0
320,13,0.00010000000000000002,0.0833,1.0,0.0072,0
1,14,0.0023812857142857147,0.34,1.0,0.004,0
3,14,7.276182642857144,0.0,1.0,0.004,1
6,14,0.0009867142857142856,0.0,1.0,0.004,0
12,14,0.002065,0.8,1.0,0.004,1
14,14,0.0013666428571428569,0.4444,1.0,0.004,0
21,14,0.0013654285714285715,0.0,1.0,0.004,0
25,14,0.0019810714285714284,0.3571,1.0,0.004,0
27,14,0.0014349999999999994,0.0,1.0,0.004,1
28,14,0.0026097857142857142,0.0,1.0,0.004,0
30,14,0.002508928571428572,0.2083,1.0,0.004,0
36,14,0.0014260714285714287,0.0,1.0,0.004,0
38,14,0.001362642857142857,0.0,1.0,0.004,0
41,14,0.0024147142857142852,0.0,1.0,0.004,1
42,14,0.001602642857142857,0.0,1.0,0.004,0
44,14,0.0012195,0.0,1.0,0.004,0
60,14,0.0014220714285714286,0.0,1.0,0.004,0
67,14,0.0011092857142857143,0.0,1.0,0.004,0
70,14,0.0012129999999999999,0.0,1.0,0.004,0
75,14,0.001982857142857143,0.1143,1.0,0.004,0
76,14,0.0017575714285714284,0.0,1.0,0.004,0
77,14,0.0026555714285714294,0.6667,1.0,0.004,1
87,14,0.0010072857142857143,0.0,1.0,0.004,0
105,14,0.0010239285714285712,0.0,1.0,0.004,0
108,14,0.0012881428571428573,0.0,1.0,0.004,0
110,14,8.466064857142857,0.0,1.0,0.004,1
111,14,0.0012599285714285713,0.127,1.0,0.004,0
118,14,0.0023910000000000003,0.0,1.0,0.004,0
122,14,0.0013647857142857144,1.0,1.0,0.004,1
123,14,0.0010615714285714284,0.4762,1.0,0.004,0
125,14,0.001207,0.1282,1.0,0.004,0
132,14,5.198804428571429,0.75,1.0,0.004,1
134,14,0.0005649285714285714,0.1333,1.0,0.004,0
140,14,0.0005580714285714286,0.0,1.0,0.004,0
141,14,0.00010000000000000002,0.1299,1.0,0.004,0
143,14,0.0006612142857142856,0.0,1.0,0.004,0
151,14,0.0010702142857142855,0.8175,1.0,0.004,1
154,14,9.673612500000003,0.0,1.0,0.004,1
155,14,0.0010462857142857142,0.0,1.0,0.004,0
162,14,0.0008605714285714285,0.0,1.0,0.004,0
180,14,8.824920071428572,0.0513,1.0,0.004,1
188,14,0.0012758571428571428,0.2667,1.0,0.004,0
193,14,4.9108655,0.0,1.0,0.004,1
194,14,0.001072,0.2286,1.0,0.004,0
195,14,0.00037464285714285713,0.0,1.0,0.004,1
197,14,0.0006239999999999999,0.0,1.0,0.004,1
198,14,0.00041400000000000003,0.6364,1.0,0.004,0
216,14,0.00010000000000000002,0.75,1.0,0.004,0
217,14,0.00010000000000000002,0.0,1.0,0.004,0
227,14,0.00010000000000000002,0.5385,1.0,0.004,0
228,14,0.00010000000000000002,0.0,1.0,0.004,1
229,14,0.00010000000000000002,0.3333,1.0,0.004,0
230,14,0.00010000000000000002,0.0,1.0,0.004,0
239,14,0.00010000000000000002,0.75,1.0,0.004,0
240,14,0.00010000000000000002,0.0,1.0,0.004,0
241,14,0.00010000000000000002,0.0,1.0,0.004,0
250,14,0.00010000000000000002,0.8,1.0,0.004,0
251,14,0.00010000000000000002,0.0,1.0,0.004,0
252,14,0.00010000000000000002,0.0,1.0,0.004,0
256,14,0.00010000000000000002,0.0,1.0,0.004,0
257,14,0.00010000000000000002,0.4643,1.0,0.004,1
258,14,0.00010000000000000002,0.0,1.0,0.004,0
268,14,0.00010000000000000002,0.0,1.0,0.004,1
1,15,0.0024247333333333337,0.0,1.0,0.0,0
2,15,10.289802866666665,0.6923,1.0,0.0,1
5,15,0.0022140666666666665,0.0,1.0,0.0,1
6,15,0.0009388,0.5714,1.0,0.0,0
8,15,0.0026965999999999995,0.0,1.0,0.0,0
11,15,0.0019554,0.0,1.0,0.0,1
12,15,0.001932,0.0,1.0,0.0,1
14,15,0.0013534666666666665,0.0714,1.0,0.0,0
18,15,0.0017896666666666664,0.0,1.0,0.0,0
20,15,0.002806666666666667,0.0,1.0,0.0,0
21,15,0.0013154000000000002,0.0,1.0,0.0,0
24,15,7.1148463333333325,0.0764,1.0,0.0,1
26,15,0.001441533333333333,0.0,1.0,0.0,0
27,15,0.0013835999999999996,0.0,1.0,0.0,1
30,15,0.003282933333333334,0.1905,1.0,0.0,0
34,15,0.0011262000000000002,0.0,1.0,0.0,1
36,15,0.0013402,0.0,1.0,0.0,0
38,15,0.0012784666666666663,0.0,1.0,0.0,0
41,15,0.0026916666666666664,0.0,1.0,0.0,1
42,15,0.0015024666666666666,0.0,1.0,0.0,0
44,15,0.0011415333333333335,0.0833,1.0,0.0,0
45,15,0.0021194666666666667,0.0714,1.0,0.0,0
48,15,0.0009343333333333333,0.0,1.0,0.0,1
50,15,0.0011473333333333335,0.0,1.0,0.0,0
51,15,0.0019770666666666667,0.0,1.0,0.0,0
52,15,0.0017776666666666668,0.0,1.0,0.0,0
59,15,0.0015014,1.0,1.0,0.0,1
63,15,0.0012864666666666663,0.0417,1.0,0.0,1
64,15,0.001269733333333333,0.0,1.0,0.0,0
67,15,0.0013399333333333333,0.0,1.0,0.0,0
68,15,6.4513942,0.0,1.0,0.0,1
69,15,0.0007765999999999999,0.0,1.0,0.0,0
71,15,0.0011472666666666664,0.2286,1.0,0.0,0
73,15,0.0019616,0.0,1.0,0.0,0
75,15,0.0018792666666666666,0.0,1.0,0.0,0
80,15,0.0010785333333333334,0.0,1.0,0.0,0
81,15,0.0008608666666666667,0.0,1.0,0.0,0
88,15,9.4992774,0.0,1.0,0.0,1
89,15,0.0014699999999999997,0.0,1.0,0.0,1
92,15,0.0006267999999999998,0.0,1.0,0.0,0
101,15,0.0007217333333333334,0.1515,1.0,0.0,0
102,15,6.458685600000001,0.0,1.0,0.0,1
106,15,0.0018715333333333335,0.0,1.0,0.0,1
107,15,0.0006640000000000001,0.0,1.0,0.0,0
108,15,0.0012062000000000002,0.0,1.0,0.0,0
110,15,8.675730533333333,0.3571,1.0,0.0,1
111,15,0.0012414666666666666,0.25,1.0,0.0,0
121,15,0.0014948000000000001,0.4167,1.0,0.0,0
122,15,0.0012911333333333335,1.0,1.0,0.0,1
123,15,0.001278533333333333,0.0,1.0,0.0,0
124,15,0.0010982000000000001,0.1786,1.0,0.0,0
130,15,0.0014402000000000002,0.0,1.0,0.0,0
132,15,5.317572066666667,0.0,1.0,0.0,1
134,15,0.0005535333333333333,0.3055,1.0,0.0,0
136,15,7.911722266666668,0.0,1.0,0.0,1
139,15,0.0020918666666666667,0.1591,1.0,0.0,0
141,15,0.00010000000000000002,0.3,1.0,0.0,0
143,15,0.0006237999999999998,0.0,1.0,0.0,0
144,15,0.0005247333333333333,0.6,1.0,0.0,1
147,15,0.0009206,0.0,1.0,0.0,0
150,15,0.0014267333333333333,0.0,1.0,0.0,0
152,15,0.0013713333333333333,0.0,1.0,0.0,1
154,15,9.545913800000001,0.0,1.0,0.0,1
155,15,0.0010402666666666667,0.0,1.0,0.0,0
156,15,0.0012617333333333335,0.0,1.0,0.0,0
160,15,0.0007003333333333335,0.0,1.0,0.0,0
161,15,4.9034146666666665,0.4667,1.0,0.0,1
162,15,0.0009286,0.0,1.0,0.0,0
165,15,0.0006555333333333333,0.0,1.0,0.0,0
166,15,9.602950266666666,0.3571,1.0,0.0,1
171,15,0.0020352666666666663,0.2051,1.0,0.0,0
172,15,0.0019793333333333334,0.1667,1.0,0.0,0
178,15,0.0014272,0.0,1.0,0.0,0
179,15,0.0005740666666666667,0.2571,1.0,0.0,0
180,15,9.179034466666668,0.0571,1.0,0.0,1
182,15,0.0007341333333333334,0.0,1.0,0.0,1
184,15,0.0009358,0.2976,1.0,0.0,0
186,15,0.0008000666666666665,0.0833,1.0,0.0,0
188,15,0.0011916666666666666,0.0,1.0,0.0,0
193,15,4.990375066666667,0.0,1.0,0.0,1
194,15,0.0010154,0.2297,1.0,0.0,0
195,15,0.00036033333333333333,1.0,1.0,0.0,1
197,15,0.0006006666666666666,0.0,1.0,0.0,1
198,15,0.0003930666666666667,0.4167,1.0,0.0,0
236,15,0.00010000000000000002,0.0,1.0,0.0,1
239,15,0.00010000000000000002,0.0,1.0,0.0,0
240,15,0.00010000000000000002,0.0,1.0,0.0,0
247,15,0.00010000000000000002,0.0,1.0,0.0,0
251,15,0.00010000000000000002,0.0,1.0,0.0,0
258,15,0.00010000000000000002,0.0,1.0,0.0,0
260,15,0.00010000000000000002,0.2857,1.0,0.0,0
261,15,0.00010000000000000002,0.0519,1.0,0.0,0
269,15,0.00010000000000000002,0.0,1.0,0.0,0
271,15,0.00010000000000000002,0.9,1.0,0.0,0
285,15,0.00010000000000000002,0.0,1.0,0.0,0
295,15,0.00010000000000000002,0.0,1.0,0.0,0
296,15,0.00010000000000000002,0.0,1.0,0.0,1
305,15,0.00010000000000000002,0.8,1.0,0.0,0
307,15,0.00010000000000000002,0.0,1.0,0.0,0
308,15,0.00010000000000000002,0.2393,1.0,0.0,0
309,15,0.00010000000000000002,0.25,1.0,0.0,0
316,15,0.00010000000000000002,0.0,1.0,0.0,0
317,15,0.00010000000000000002,0.0,1.0,0.0,0
319,15,0.00010000000000000002,0.5714,1.0,0.0,0
1,16,0.0022794375,0.0,1.0,0.0076,0
4,16,0.0013127500000000001,1.0,1.0,0.0076,1
6,16,0.0008870625,0.1714,1.0,0.0076,0
12,16,0.0018161249999999998,0.8,1.0,0.0076,1
13,16,0.0032406875,0.225,1.0,0.0076,0
16,16,0.001664125,0.875,1.0,0.0076,0
19,16,8.727394562499999,0.0,1.0,0.0076,1
21,16,0.0012341250000000002,0.0,1.0,0.0076,0
27,16,0.0013460625,0.0,1.0,0.0076,1
29,16,0.001892375,0.0,1.0,0.0076,0
30,16,0.0030973125000000002,0.0,1.0,0.0076,0
35,16,0.00221825,0.2778,1.0,0.0076,0
38,16,0.0012048125,0.0,1.0,0.0076,0
41,16,0.0025432500000000004,0.0,1.0,0.0076,1
44,16,0.0010764375000000001,0.25,1.0,0.0076,0
47,16,0.001554375,0.0,1.0,0.0076,0
48,16,0.0012504375,0.25,1.0,0.0076,1
52,16,0.0016665625000000003,0.0,1.0,0.0076,0
58,16,0.00168175,0.0,1.0,0.0076,1
69,16,0.0010321875000000001,0.0,1.0,0.0076,0
72,16,0.0007359375,0.0,1.0,0.0076,1
74,16,11.110834875,0.3091,1.0,0.0076,1
75,16,0.0017707500000000002,0.0,1.0,0.0076,0
77,16,0.00233025,0.5556,1.0,0.0076,1
81,16,0.00083,0.2955,1.0,0.0076,0
85,16,0.002228375,0.75,1.0,0.0076,0
86,16,0.001121875,0.0,1.0,0.0076,0
90,16,0.0011205,0.0,1.0,0.0076,0
93,16,0.0011266875,0.0,1.0,0.0076,0
95,16,0.0022351875,0.5333,1.0,0.0076,1
102,16,6.0563277499999995,0.0,1.0,0.0076,1
107,16,0.0006558125,0.0536,1.0,0.0076,0
108,16,0.0011521875,0.7,1.0,0.0076,0
110,16,8.647932999999998,0.8333,1.0,0.0076,1
111,16,0.0011701250000000002,0.4167,1.0,0.0076,0
115,16,0.0015540624999999999,0.0,1.0,0.0076,1
119,16,0.0012495625,0.0667,1.0,0.0076,0
122,16,0.0012323125,1.0,1.0,0.0076,1
123,16,0.0012415625,0.0,1.0,0.0076,0
128,16,0.001131875,0.3889,1.0,0.0076,0
130,16,0.00135625,0.0,1.0,0.0076,0
132,16,5.491449,0.0,1.0,0.0076,1
133,16,0.00030118749999999997,0.8,1.0,0.0076,1
134,16,0.0005251875,0.2051,1.0,0.0076,0
142,16,0.0007334374999999999,0.0,1.0,0.0076,0
143,16,0.0005910625,0.0,1.0,0.0076,0
144,16,0.000607125,0.7333,1.0,0.0076,1
146,16,0.0018396250000000001,0.3,1.0,0.0076,0
147,16,0.0008805624999999999,0.0694,1.0,0.0076,0
150,16,0.0013438125,0.4,1.0,0.0076,0
152,16,0.00129875,0.0,1.0,0.0076,1
153,16,0.0008825625,0.0833,1.0,0.0076,0
154,16,9.402664937499999,0.0,1.0,0.0076,1
155,16,0.0009815,0.0,1.0,0.0076,0
156,16,0.0012054375,0.0,1.0,0.0076,0
163,16,0.0013789375,0.0,1.0,0.0076,0
172,16,0.0018826875,0.2143,1.0,0.0076,0
181,16,0.0006199375,0.0,1.0,0.0076,0
186,16,0.0007563125,0.25,1.0,0.0076,0
188,16,0.00112675,0.0,1.0,0.0076,0
190,16,0.0007163124999999999,0.2667,1.0,0.0076,0
192,16,0.0007784999999999999,0.1905,1.0,0.0076,0
193,16,5.1345544375,0.0,1.0,0.0076,1
195,16,0.0003531875,1.0,1.0,0.0076,1
197,16,0.000579875,0.0,1.0,0.0076,1
198,16,0.00037475000000000003,0.0,1.0,0.0076,0
239,16,0.0001,0.0,1.0,0.0076,0
240,16,0.0001,0.0,1.0,0.0076,0
250,16,0.0001,0.8,1.0,0.0076,0
251,16,0.0001,0.0,1.0,0.0076,0
278,16,0.0001,0.0,1.0,0.0076,0
279,16,0.0001,0.8571,1.0,0.0076,1
282,16,0.0001,0.0,1.0,0.0076,0
291,16,0.0001,0.0,1.0,0.0076,0
292,16,0.0001,0.0,1.0,0.0076,0
293,16,0.0001,0.031,1.0,0.0076,0
294,16,0.0001,0.1929,1.0,0.0076,0
295,16,0.0001,0.0,1.0,0.0076,0
296,16,0.0001,0.0,1.0,0.0076,1
297,16,0.0001,0.0,1.0,0.0076,0
298,16,0.0001,0.2667,1.0,0.0076,0
308,16,0.0001,0.0,1.0,0.0076,0
309,16,0.0001,0.0,1.0,0.0076,0
1,17,0.0021512352941176474,0.0,1.0,0.004,0
3,17,7.097793882352941,0.0,1.0,0.004,1
6,17,0.0008469411764705883,0.5385,1.0,0.004,0
12,17,0.0018713529411764703,0.9286,1.0,0.004,1
27,17,0.0012765882352941177,0.0,1.0,0.004,1
30,17,0.0029394705882352943,0.0,1.0,0.004,0
38,17,0.0014699411764705881,0.0,1.0,0.004,0
41,17,0.002406294117647059,0.0,1.0,0.004,1
67,17,0.001443235294117647,0.0,1.0,0.004,0
75,17,0.0016724705882352944,0.0,1.0,0.004,0
110,17,8.394661058823528,0.0,1.0,0.004,1
111,17,0.0015711764705882356,0.0,1.0,0.004,0
122,17,0.0011644117647058823,1.0,1.0,0.004,1
123,17,0.0012235882352941176,0.0,1.0,0.004,0
130,17,0.0012939411764705882,0.0,1.0,0.004,0
132,17,5.699262588235294,0.0,1.0,0.004,1
134,17,0.0005001764705882353,0.0,1.0,0.004,0
143,17,0.0005621764705882352,0.0,1.0,0.004,0
152,17,0.0012480588235294118,0.0,1.0,0.004,1
154,17,9.302901176470588,0.0,1.0,0.004,1
155,17,0.0009296470588235293,0.0,1.0,0.004,0
188,17,0.0010921176470588235,0.0,1.0,0.004,0
193,17,5.223300294117648,0.0,1.0,0.004,1
195,17,0.00036376470588235293,1.0,1.0,0.004,1
197,17,0.0005825294117647059,0.0,1.0,0.004,1
198,17,0.000597470588235294,0.6,1.0,0.004,0
238,17,0.0001,0.0,1.0,0.004,0
239,17,0.0001,0.25,1.0,0.004,0
240,17,0.0001,0.0,1.0,0.004,0
249,17,0.0001,0.0,1.0,0.004,1
250,17,0.0001,0.1429,1.0,0.004,0
251,17,0.0001,0.3,1.0,0.004,0
3,18,7.206944333333333,0.0,1.0,0.0016,1
5,18,0.0019727222222222216,0.5364,1.0,0.0016,1
6,18,0.0008134444444444444,0.127,1.0,0.0016,0
12,18,0.0017729444444444442,0.0,1.0,0.0016,1
14,18,0.001506388888888889,0.5556,1.0,0.0016,0
21,18,0.001148388888888889,0.0,1.0,0.0016,0
27,18,0.0012370555555555555,0.0,1.0,0.0016,1
30,18,0.0027827222222222225,0.0,1.0,0.0016,0
31,18,0.001197611111111111,0.6667,1.0,0.0016,1
34,18,0.0009658888888888889,0.7143,1.0,0.0016,1
36,18,0.0011447777777777778,0.0,1.0,0.0016,0
38,18,0.0015463333333333332,0.0,1.0,0.0016,0
41,18,0.0024521111111111115,0.0,1.0,0.0016,1
44,18,0.0009746666666666669,0.0,1.0,0.0016,0
46,18,0.0001,0.1389,1.0,0.0016,0
61,18,12.811072166666667,0.0,1.0,0.0016,1
63,18,0.0012321666666666666,0.0,1.0,0.0016,1
64,18,0.001114888888888889,0.0,1.0,0.0016,0
67,18,0.0013815555555555556,0.0,1.0,0.0016,0
68,18,6.6294656666666665,0.3214,1.0,0.0016,1
75,18,0.0015851111111111111,0.0,1.0,0.0016,0
79,18,0.0007511666666666667,0.0,1.0,0.0016,0
108,18,0.0010430555555555555,0.875,1.0,0.0016,0
110,18,8.267372166666666,0.0,1.0,0.0016,1
111,18,0.0014894444444444447,0.0,1.0,0.0016,0
112,18,0.0014583333333333334,0.5294,1.0,0.0016,0
118,18,0.002103666666666667,0.0,1.0,0.0016,0
122,18,0.0011139444444444443,1.0,1.0,0.0016,1
123,18,0.0014510555555555555,0.0,1.0,0.0016,0
129,18,4.398660666666666,0.127,1.0,0.0016,1
130,18,0.0012346666666666667,0.0,1.0,0.0016,0
132,18,5.86248988888889,0.05,1.0,0.0016,1
134,18,0.0004779444444444444,0.0,1.0,0.0016,0
135,18,0.0018257222222222225,0.6667,1.0,0.0016,0
139,18,0.001751333333333333,0.625,1.0,0.0016,0
141,18,0.0006492222222222223,0.4667,1.0,0.0016,0
143,18,0.0005712222222222222,0.0,1.0,0.0016,0
154,18,9.233216277777778,0.0,1.0,0.0016,1
155,18,0.0008835555555555554,0.0,1.0,0.0016,0
162,18,0.0008297222222222224,0.1,1.0,0.0016,0
165,18,0.0005629444444444445,0.3788,1.0,0.0016,0
166,18,10.28214388888889,0.0,1.0,0.0016,1
168,18,0.0006725555555555555,0.8889,1.0,0.0016,1
188,18,0.0010382777777777777,0.0,1.0,0.0016,0
195,18,0.00035200000000000005,0.6667,1.0,0.0016,1
198,18,0.0008174444444444444,0.0,1.0,0.0016,0
235,18,0.0001,0.0,1.0,0.0016,0
236,18,0.0001,0.0,1.0,0.0016,1
239,18,0.0001,0.6667,1.0,0.0016,0
240,18,0.0001,0.0,1.0,0.0016,0
241,18,0.0001,0.0,1.0,0.0016,0
245,18,0.0001,0.0,1.0,0.0016,0
246,18,0.0001,0.3,1.0,0.0016,0
247,18,0.0001,0.0,1.0,0.0016,0
250,18,0.0001,0.8,1.0,0.0016,0
251,18,0.0001,0.0,1.0,0.0016,0
256,18,0.0001,0.1667,1.0,0.0016,0
257,18,0.0001,0.0,1.0,0.0016,1
258,18,0.0001,0.0536,1.0,0.0016,0
259,18,0.0001,0.8,1.0,0.0016,0
260,18,0.0001,0.3333,1.0,0.0016,0
261,18,0.0001,0.3,1.0,0.0016,0
267,18,0.0001,0.1667,1.0,0.0016,0
268,18,0.0001,0.0,1.0,0.0016,1
269,18,0.0001,0.1667,1.0,0.0016,0
1,19,0.0022694210526315794,0.3,1.0,0.0076,0
3,19,7.396812157894737,0.0,1.0,0.0076,1
4,19,0.0014960526315789474,0.375,1.0,0.0076,1
5,19,0.0019042631578947364,0.0,1.0,0.0076,1
6,19,0.000785578947368421,0.2143,1.0,0.0076,0
8,19,0.002454263157894737,0.0,1.0,0.0076,0
12,19,0.0016848947368421053,0.0,1.0,0.0076,1
14,19,0.0016716315789473684,0.5556,1.0,0.0076,0
22,19,0.001777736842105263,0.6667,1.0,0.0076,1
27,19,0.0011884210526315788,0.0,1.0,0.0076,1
30,19,0.002645263157894737,0.0,1.0,0.0076,0
31,19,0.0011398421052631579,0.0,1.0,0.0076,1
38,19,0.0015773684210526313,0.0,1.0,0.0076,0
39,19,0.0013988947368421053,0.0,1.0,0.0076,0
41,19,0.0023283157894736844,0.0,1.0,0.0076,1
42,19,0.0012072105263157891,0.0,1.0,0.0076,0
44,19,0.0009402105263157897,0.0,1.0,0.0076,0
45,19,0.0019346842105263159,0.0,1.0,0.0076,0
46,19,0.0001,0.15,1.0,0.0076,0
62,19,0.0011588421052631578,0.0,1.0,0.0076,0
63,19,0.001187842105263158,0.0,1.0,0.0076,1
64,19,0.0010657368421052634,0.1071,1.0,0.0076,0
66,19,0.0016988421052631583,1.0,1.0,0.0076,1
67,19,0.0013253157894736842,0.0,1.0,0.0076,0
70,19,0.001075736842105263,0.1714,1.0,0.0076,0
73,19,0.001657684210526316,0.1071,1.0,0.0076,0
75,19,0.0017671578947368422,0.0,1.0,0.0076,0
79,19,0.000717421052631579,0.0,1.0,0.0076,0
92,19,0.0007901052631578948,0.0,1.0,0.0076,0
94,19,0.0008932105263157894,0.2667,1.0,0.0076,0
101,19,0.0007127894736842106,0.0,1.0,0.0076,0
103,19,0.001659578947368421,0.0,1.0,0.0076,0
110,19,8.232894368421052,0.0,1.0,0.0076,1
111,19,0.001780947368421053,0.0,1.0,0.0076,0
112,19,0.0014101578947368421,0.2625,1.0,0.0076,0
118,19,0.002098631578947369,0.0,1.0,0.0076,0
122,19,0.001060578947368421,1.0,1.0,0.0076,1
123,19,0.0014773684210526317,0.0,1.0,0.0076,0
129,19,4.399437157894736,0.0,1.0,0.0076,1
130,19,0.0011747894736842106,0.0784,1.0,0.0076,0
132,19,5.9658397894736845,0.2667,1.0,0.0076,1
134,19,0.0004580526315789473,0.0,1.0,0.0076,0
139,19,0.001667473684210526,0.25,1.0,0.0076,0
140,19,0.00046836842105263144,0.0,1.0,0.0076,0
141,19,0.0006266315789473685,0.8,1.0,0.0076,0
143,19,0.000574421052631579,0.0,1.0,0.0076,0
152,19,0.0011358947368421053,0.0,1.0,0.0076,1
154,19,9.163500263157895,0.0,1.0,0.0076,1
155,19,0.001039,0.0,1.0,0.0076,0
166,19,10.454854631578947,0.0,1.0,0.0076,1
168,19,0.0006394736842105262,0.875,1.0,0.0076,1
171,19,0.0016478421052631576,0.3,1.0,0.0076,0
176,19,0.0007145789473684211,0.0,1.0,0.0076,1
179,19,0.0007242631578947369,0.0,1.0,0.0076,0
188,19,0.0009888947368421053,0.0,1.0,0.0076,0
193,19,5.375597894736843,0.0,1.0,0.0076,1
195,19,0.00034147368421052636,1.0,1.0,0.0076,1
198,19,0.0008812631578947368,0.0,1.0,0.0076,0
239,19,0.0001,0.0,1.0,0.0076,0
240,19,0.0001,0.0,1.0,0.0076,0
241,19,0.0001,0.0,1.0,0.0076,0
250,19,0.0001,0.25,1.0,0.0076,0
251,19,0.0001,0.0,1.0,0.0076,0
252,19,0.0001,0.05,1.0,0.0076,0
253,19,0.0001,0.0,1.0,0.0076,0
259,19,0.0001,0.7727,1.0,0.0076,0
260,19,0.0001,0.0833,1.0,0.0076,0
261,19,0.0001,0.1128,1.0,0.0076,0
263,19,0.0001,0.0385,1.0,0.0076,0
264,19,0.0001,0.0,1.0,0.0076,0
272,19,0.0001,0.2667,1.0,0.0076,0
274,19,0.0001,0.0,1.0,0.0076,1
275,19,0.0001,0.5714,1.0,0.0076,0
296,19,0.0001,1.0,1.0,0.0076,1
1,20,0.0021603500000000006,0.0,1.0,0.0024,0
2,20,7.84660295,0.0,1.0,0.0024,1
3,20,7.604734550000001,0.15,1.0,0.0024,1
4,20,0.00142625,1.0,1.0,0.0024,1
5,20,0.0018324499999999998,0.0,1.0,0.0024,1
6,20,0.0007664,0.0,1.0,0.0024,0
8,20,0.0026330000000000004,0.0,1.0,0.0024,0
12,20,0.0016056500000000001,0.0,1.0,0.0024,1
13,20,0.0026911500000000002,0.0,1.0,0.0024,0
14,20,0.001979,0.5833,1.0,0.0024,0
23,20,0.0008452499999999999,0.0,1.0,0.0024,0
27,20,0.0011449,0.0,1.0,0.0024,1
30,20,0.00252635,0.0,1.0,0.0024,0
31,20,0.00108785,0.0,1.0,0.0024,1
36,20,0.0010649000000000001,0.0,1.0,0.0024,0
38,20,0.0015277999999999997,0.0,1.0,0.0024,0
41,20,0.0023899500000000005,0.9091,1.0,0.0024,1
44,20,0.0009135000000000002,1.0,1.0,0.0024,0
45,20,0.00185425,0.0,1.0,0.0024,0
46,20,0.0001,0.875,1.0,0.0024,0
63,20,0.0011369499999999999,0.0,1.0,0.0024,1
64,20,0.0010165000000000003,0.0,1.0,0.0024,0
65,20,0.00028095,0.0,1.0,0.0024,0
67,20,0.001306,0.1,1.0,0.0024,0
69,20,0.0009969,0.0,1.0,0.0024,0
73,20,0.0015798000000000003,0.0,1.0,0.0024,0
75,20,0.0016895500000000002,0.0,1.0,0.0024,0
77,20,0.0022249500000000003,1.0,1.0,0.0024,1
79,20,0.0006829500000000001,0.0,1.0,0.0024,0
86,20,0.00111355,0.0,1.0,0.0024,0
91,20,12.272072949999998,0.2431,1.0,0.0024,1
94,20,0.00098625,0.0,1.0,0.0024,0
106,20,0.0017938,1.0,1.0,0.0024,1
109,20,0.0015575,0.0833,1.0,0.0024,0
110,20,8.2745164,0.0,1.0,0.0024,1
111,20,0.0016942500000000002,0.0,1.0,0.0024,0
112,20,0.00135575,0.0,1.0,0.0024,0
118,20,0.0020002,0.0,1.0,0.0024,0
121,20,0.0011995,0.0,1.0,0.0024,0
122,20,0.00122715,0.0,1.0,0.0024,1
123,20,0.0014978,0.0,1.0,0.0024,0
127,20,0.00043959999999999995,0.8889,1.0,0.0024,1
130,20,0.0011193,0.0,1.0,0.0024,0
132,20,5.902722200000001,0.0,1.0,0.0024,1
133,20,0.00030599999999999996,1.0,1.0,0.0024,1
134,20,0.0005585499999999999,0.0,1.0,0.0024,0
139,20,0.0015937499999999997,0.2619,1.0,0.0024,0
142,20,0.0008504,0.0714,1.0,0.0024,0
143,20,0.0005507,0.0,1.0,0.0024,0
147,20,0.0007624,0.0,1.0,0.0024,0
152,20,0.0010799,0.0,1.0,0.0024,1
154,20,9.0886831,0.1667,1.0,0.0024,1
155,20,0.0010355499999999999,0.0,1.0,0.0024,0
160,20,0.0007851000000000001,0.0,1.0,0.0024,0
168,20,0.00062515,1.0,1.0,0.0024,1
171,20,0.0015702499999999998,0.0833,1.0,0.0024,0
172,20,0.0015823999999999999,0.25,1.0,0.0024,0
177,20,0.0011147,0.2667,1.0,0.0024,0
180,20,10.81670035,0.3889,1.0,0.0024,1
184,20,0.00078715,0.2619,1.0,0.0024,0
190,20,0.0008147499999999998,0.0714,1.0,0.0024,0
193,20,5.444931,0.0,1.0,0.0024,1
194,20,0.0012350500000000001,0.6923,1.0,0.0024,0
195,20,0.00033200000000000005,1.0,1.0,0.0024,1
198,20,0.0008421999999999999,0.0,1.0,0.0024,0
239,20,0.0001,0.0,1.0,0.0024,0
240,20,0.0001,0.0,1.0,0.0024,0
249,20,0.0001,0.0,1.0,0.0024,1
250,20,0.0001,0.0,1.0,0.0024,0
251,20,0.0001,0.0,1.0,0.0024,0
258,20,0.0001,0.3667,1.0,0.0024,0
259,20,0.0001,0.6875,1.0,0.0024,0
260,20,0.0001,0.1714,1.0,0.0024,0
261,20,0.0001,0.0,1.0,0.0024,0
271,20,0.0001,0.0,1.0,0.0024,0
272,20,0.0001,0.2222,1.0,0.0024,0
273,20,0.0001,0.15,1.0,0.0024,0
283,20,0.0001,0.0,1.0,0.0024,0
284,20,0.0001,0.1944,1.0,0.0024,0
295,20,0.0001,0.0601,1.0,0.0024,0
296,20,0.0001,1.0,1.0,0.0024,1
297,20,0.0001,0.0,1.0,0.0024,0
306,20,0.0001,0.0,1.0,0.0024,0
307,20,0.0001,0.0636,1.0,0.0024,0
308,20,0.0001,0.1667,1.0,0.0024,0
317,20,0.0001,0.0444,1.0,0.0024,0
319,20,0.0001,0.0694,1.0,0.0024,0
1,21,0.0021605500000000002,0.0,1.0,0.0044,0
3,21,8.1708342,0.0,1.0,0.0044,1
4,21,0.0021268999999999997,1.0,1.0,0.0044,1
5,21,0.0018518500000000004,0.0,1.0,0.0044,1
6,21,0.0007684999999999999,0.4444,1.0,0.0044,0
8,21,0.00265545,0.0,1.0,0.0044,0
12,21,0.00200225,0.0,1.0,0.0044,1
14,21,0.00201455,0.1,1.0,0.0044,0
19,21,9.46562015,0.0,1.0,0.0044,1
20,21,0.0026964499999999995,0.0,1.0,0.0044,0
21,21,0.0010664,0.1667,1.0,0.0044,0
26,21,0.0012620499999999998,0.0,1.0,0.0044,0
27,21,0.0011551999999999999,0.6667,1.0,0.0044,1
30,21,0.0025506000000000005,0.0,1.0,0.0044,0
34,21,0.0013462499999999998,0.0,1.0,0.0044,1
36,21,0.00109485,0.0,1.0,0.0044,0
38,21,0.00152935,0.0,1.0,0.0044,0
39,21,0.0015318,0.6667,1.0,0.0044,0
41,21,0.0024734500000000003,0.0,1.0,0.0044,1
45,21,0.00185415,0.0,1.0,0.0044,0
46,21,0.0001,0.3214,1.0,0.0044,0
48,21,0.0016898500000000001,0.6364,1.0,0.0044,1
52,21,0.0016296500000000003,0.0,1.0,0.0044,0
60,21,0.00140215,0.0,1.0,0.0044,0
63,21,0.0011542000000000004,0.0,1.0,0.0044,1
64,21,0.00102055,0.0,1.0,0.0044,0
66,21,0.0017132500000000006,1.0,1.0,0.0044,1
67,21,0.0013373499999999997,0.0,1.0,0.0044,0
69,21,0.0012272499999999998,0.0,1.0,0.0044,0
75,21,0.00168915,0.0,1.0,0.0044,0
76,21,0.00138275,0.0,1.0,0.0044,0
77,21,0.00229295,0.8333,1.0,0.0044,1
79,21,0.0006988000000000001,0.0,1.0,0.0044,0
80,21,0.00143845,0.0,1.0,0.0044,0
90,21,0.0009163999999999998,0.0,1.0,0.0044,0
91,21,13.089991899999998,0.0,1.0,0.0044,1
92,21,0.00077795,0.0,1.0,0.0044,0
104,21,0.0007423,0.0,1.0,0.0044,1
108,21,0.0010707000000000002,0.2323,1.0,0.0044,0
109,21,0.0015655999999999999,0.1333,1.0,0.0044,0
110,21,8.66890345,0.0,1.0,0.0044,1
111,21,0.0017944000000000002,0.0,1.0,0.0044,0
112,21,0.0013718,0.0,1.0,0.0044,0
113,21,0.0012798499999999997,0.96,1.0,0.0044,1
118,21,0.0020002,0.0,1.0,0.0044,0
122,21,0.001238,1.0,1.0,0.0044,1
123,21,0.00153385,0.0,1.0,0.0044,0
129,21,4.6479760500000005,0.0,1.0,0.0044,1
130,21,0.001124,0.6667,1.0,0.0044,0
132,21,6.191229599999999,0.0,1.0,0.0044,1
141,21,0.0006238,0.0,1.0,0.0044,0
143,21,0.0005507,0.0,1.0,0.0044,0
144,21,0.0008942,0.0,1.0,0.0044,1
150,21,0.00129655,0.0,1.0,0.0044,0
152,21,0.0010796,0.0,1.0,0.0044,1
154,21,9.457905250000001,0.0,1.0,0.0044,1
155,21,0.0010694999999999997,0.0,1.0,0.0044,0
156,21,0.0009939,0.0,1.0,0.0044,0
160,21,0.0007851000000000001,0.0,1.0,0.0044,0
163,21,0.0011554,0.0,1.0,0.0044,0
164,21,0.00100785,0.0,1.0,0.0044,0
172,21,0.00160635,0.05,1.0,0.0044,0
177,21,0.0011147,0.75,1.0,0.0044,0
178,21,0.0012626999999999998,0.0,1.0,0.0044,0
180,21,11.624433550000001,0.0,1.0,0.0044,1
186,21,0.0006250499999999999,0.0,1.0,0.0044,0
188,21,0.0009444500000000001,0.0,1.0,0.0044,0
190,21,0.0008507,0.0,1.0,0.0044,0
193,21,5.8056368,0.0,1.0,0.0044,1
194,21,0.0013151999999999999,0.1333,1.0,0.0044,0
195,21,0.00035240000000000005,1.0,1.0,0.0044,1
199,21,0.0001,0.0,1.0,0.0044,0
226,21,0.0001,0.0,1.0,0.0044,1
235,21,0.0001,0.0,1.0,0.0044,0
239,21,0.0001,0.0,1.0,0.0044,0
240,21,0.0001,0.0,1.0,0.0044,0
246,21,0.0001,0.0,1.0,0.0044,0
250,21,0.0001,0.0833,1.0,0.0044,0
251,21,0.0001,0.0,1.0,0.0044,0
257,21,0.0001,0.0,1.0,0.0044,1
258,21,0.0001,0.033,1.0,0.0044,0
259,21,0.0001,0.0,1.0,0.0044,0
260,21,0.0001,0.8889,1.0,0.0044,0
261,21,0.0001,0.2232,1.0,0.0044,0
268,21,0.0001,0.0,1.0,0.0044,1
293,21,0.0001,0.381,1.0,0.0044,0
295,21,0.0001,0.7308,1.0,0.0044,0
296,21,0.0001,1.0,1.0,0.0044,1
297,21,0.0001,0.375,1.0,0.0044,0
307,21,0.0001,0.0,1.0,0.0044,0
308,21,0.0001,0.0,1.0,0.0044,0
1,22,0.00172965,0.2182,1.0,0.006,0
3,22,8.2973135,0.2143,1.0,0.006,1
4,22,0.00224115,1.0,1.0,0.006,1
5,22,0.0018598000000000004,0.0,1.0,0.006,1
6,22,0.0007847999999999999,0.1714,1.0,0.006,0
8,22,0.0026716000000000005,0.0,1.0,0.006,0
12,22,0.00207455,0.0,1.0,0.006,1
14,22,0.0021784499999999997,0.1667,1.0,0.006,0
19,22,9.966395549999998,0.0,1.0,0.006,1
21,22,0.0010880000000000002,0.8333,1.0,0.006,0
27,22,0.0011606500000000003,0.0,1.0,0.006,1
30,22,0.0025526500000000005,0.0,1.0,0.006,0
36,22,0.0011073500000000002,0.0,1.0,0.006,0
39,22,0.0019527999999999998,0.0556,1.0,0.006,0
41,22,0.0025381000000000006,0.0,1.0,0.006,1
45,22,0.0018670499999999999,0.0,1.0,0.006,0
46,22,0.0005945000000000001,0.35,1.0,0.006,0
49,22,0.0012399999999999998,0.0,1.0,0.006,0
52,22,0.0019099999999999998,0.0714,1.0,0.006,0
54,22,0.0011741999999999998,0.0,1.0,0.006,0
62,22,0.0014291499999999997,0.875,1.0,0.006,0
63,22,0.0011551,0.8,1.0,0.006,1
64,22,0.0010379,0.0,1.0,0.006,0
65,22,0.00028095,0.0,1.0,0.006,0
66,22,0.0018029000000000003,0.7,1.0,0.006,1
75,22,0.0018959000000000003,0.0,1.0,0.006,0
77,22,0.00235545,0.8571,1.0,0.006,1
79,22,0.0006963500000000002,0.0,1.0,0.006,0
84,22,0.0017006999999999994,1.0,1.0,0.006,1
86,22,0.0011381,0.0,1.0,0.006,0
90,22,0.0009163999999999998,0.0,1.0,0.006,0
92,22,0.0007902000000000001,0.0,1.0,0.006,0
100,22,0.0001,0.0,1.0,0.006,0
101,22,0.0009507999999999999,0.0,1.0,0.006,0
103,22,0.0016111,0.75,1.0,0.006,0
108,22,0.0011183500000000002,0.3117,1.0,0.006,0
109,22,0.0016063999999999998,0.1333,1.0,0.006,0
110,22,8.6420193,0.0,1.0,0.006,1
111,22,0.0019262,0.0,1.0,0.006,0
112,22,0.0013698000000000002,0.0,1.0,0.006,0
113,22,0.00127985,0.0,1.0,0.006,1
122,22,0.0012458,1.0,1.0,0.006,1
123,22,0.0015305499999999999,0.0,1.0,0.006,0
129,22,4.8315989,0.0,1.0,0.006,1
134,22,0.0006240499999999999,0.0,1.0,0.006,0
141,22,0.0006226999999999999,0.0,1.0,0.006,0
143,22,0.0007436,0.0,1.0,0.006,0
150,22,0.00129655,0.0,1.0,0.006,0
152,22,0.0010949500000000001,0.0,1.0,0.006,1
160,22,0.0007851000000000001,0.0,1.0,0.006,0
161,22,5.9493321,0.0,1.0,0.006,1
168,22,0.0006344500000000002,0.3333,1.0,0.006,1
171,22,0.0016555499999999998,0.0,1.0,0.006,0
176,22,0.0007557,0.0,1.0,0.006,1
180,22,12.43768135,0.3556,1.0,0.006,1
188,22,0.0009444499999999998,0.0,1.0,0.006,0
189,22,0.0009145499999999999,0.0,1.0,0.006,0
193,22,6.13957995,0.1667,1.0,0.006,1
194,22,0.0013176,0.8333,1.0,0.006,0
195,22,0.00037405000000000007,0.0,1.0,0.006,1
197,22,0.00064835,0.0,1.0,0.006,1
198,22,0.0011040499999999999,0.0,1.0,0.006,0
199,22,0.0001,0.0,1.0,0.006,0
239,22,0.0001,0.0,1.0,0.006,0
240,22,0.0001,0.0,1.0,0.006,0
246,22,0.0001,0.0,1.0,0.006,0
249,22,0.0001,0.0,1.0,0.006,1
250,22,0.0001,0.875,1.0,0.006,0
251,22,0.0001,0.0,1.0,0.006,0
258,22,0.0001,0.1319,1.0,0.006,0
259,22,0.0001,0.2841,1.0,0.006,0
260,22,0.0001,0.0808,1.0,0.006,0
261,22,0.0001,0.098,1.0,0.006,0
262,22,0.0001,0.8333,1.0,0.006,1
274,22,0.0001,0.25,1.0,0.006,1
285,22,0.0001,0.1154,1.0,0.006,0
286,22,0.0001,0.0,1.0,0.006,0
295,22,0.0001,0.0,1.0,0.006,0
296,22,0.0001,1.0,1.0,0.006,1
297,22,0.0001,0.0,1.0,0.006,0
298,22,0.0001,0.0,1.0,0.006,0
1,23,0.0016282999999999998,0.0,1.0,0.0012,0
3,23,8.2112625,0.0,1.0,0.0012,1
4,23,0.0024052500000000003,1.0,1.0,0.0012,1
5,23,0.00149325,0.8,1.0,0.0012,1
6,23,0.0005897999999999999,0.2778,1.0,0.0012,0
9,23,5.96923365,0.0,1.0,0.0012,1
12,23,0.0017118,0.0,1.0,0.0012,1
27,23,0.0005873500000000002,0.0,1.0,0.0012,1
30,23,0.0018786500000000004,0.0,1.0,0.0012,0
34,23,0.00111385,0.0,1.0,0.0012,1
36,23,0.0004678,0.0,1.0,0.0012,0
38,23,0.0015247499999999998,0.0,1.0,0.0012,0
41,23,0.0026867500000000003,0.0,1.0,0.0012,1
42,23,0.0010427499999999998,0.0,1.0,0.0012,0
46,23,0.00069885,0.1333,1.0,0.0012,0
50,23,0.0009422,0.0,1.0,0.0012,0
51,23,0.0014773,0.0,1.0,0.0012,0
52,23,0.00165835,0.0,1.0,0.0012,0
56,23,0.0016875000000000002,0.0,1.0,0.0012,0
60,23,0.00109705,0.0,1.0,0.0012,0
63,23,0.0008885000000000001,0.0,1.0,0.0012,1
64,23,0.0010531,0.1667,1.0,0.0012,0
67,23,0.0011518,0.0,1.0,0.0012,0
75,23,0.0014854499999999997,0.3333,1.0,0.0012,0
77,23,0.0024283,1.0,1.0,0.0012,1
78,23,0.0019443,0.6667,1.0,0.0012,0
79,23,0.0002518,0.0,1.0,0.0012,0
84,23,0.0016982499999999997,0.0,1.0,0.0012,1
86,23,0.0011337499999999998,0.0,1.0,0.0012,0
101,23,0.0007457,0.0,1.0,0.0012,0
106,23,0.0014195,1.0,1.0,0.0012,1
108,23,0.0010029499999999998,0.1071,1.0,0.0012,0
109,23,0.00121885,0.8,1.0,0.0012,0
110,23,8.33608525,0.0,1.0,0.0012,1
111,23,0.0020087500000000006,0.0,1.0,0.0012,0
112,23,0.0010216500000000002,0.0,1.0,0.0012,0
118,23,0.0018431999999999997,0.0,1.0,0.0012,0
122,23,0.00124335,0.0,1.0,0.0012,1
123,23,0.0015396999999999997,0.8,1.0,0.0012,0
125,23,0.0008467499999999997,0.0,1.0,0.0012,0
129,23,4.4864596500000005,0.0,1.0,0.0012,1
132,23,6.191807599999999,0.0,1.0,0.0012,1
136,23,7.881394300000001,0.0,1.0,0.0012,1
141,23,0.00063455,0.75,1.0,0.0012,0
142,23,0.0006872499999999999,0.0,1.0,0.0012,0
143,23,0.0007709999999999999,0.0,1.0,0.0012,0
147,23,0.00038705,0.1333,1.0,0.0012,0
152,23,0.0007329000000000001,0.125,1.0,0.0012,1
154,23,9.02314495,0.0,1.0,0.0012,1
155,23,0.0008119,0.0,1.0,0.0012,0
159,23,0.0008320999999999997,0.3,1.0,0.0012,0
165,23,0.0008627499999999998,0.4,1.0,0.0012,0
177,23,0.0011219499999999998,0.1667,1.0,0.0012,0
188,23,0.0009434999999999999,0.0,1.0,0.0012,0
189,23,0.0009110499999999998,0.0,1.0,0.0012,0
190,23,0.0008810499999999999,0.6,1.0,0.0012,0
193,23,6.4977792999999995,0.8333,1.0,0.0012,1
194,23,0.0013278499999999998,0.1071,1.0,0.0012,0
195,23,0.00038155000000000003,1.0,1.0,0.0012,1
197,23,0.0007716499999999999,0.0,1.0,0.0012,1
227,23,0.0001,0.0,1.0,0.0012,0
229,23,0.0001,0.0,1.0,0.0012,0
236,23,0.0001,0.0,1.0,0.0012,1
237,23,0.0001,0.0,1.0,0.0012,0
238,23,0.0001,0.3214,1.0,0.0012,0
239,23,0.0001,0.0,1.0,0.0012,0
240,23,0.0001,0.8,1.0,0.0012,0
250,23,0.0001,0.8571,1.0,0.0012,0
251,23,0.0001,0.0,1.0,0.0012,0
258,23,0.0001,0.375,1.0,0.0012,0
259,23,0.0001,0.3556,1.0,0.0012,0
260,23,0.0001,0.0,1.0,0.0012,0
261,23,0.0001,0.0375,1.0,0.0012,0
262,23,0.0001,0.8,1.0,0.0012,1
270,23,0.0001,0.75,1.0,0.0012,0
295,23,0.0001,0.0,1.0,0.0012,0
296,23,0.0001,0.1,1.0,0.0012,1
306,23,0.0001,0.0,1.0,0.0012,0
307,23,0.0001,0.0,1.0,0.0012,0
1,24,0.0014990500000000003,0.0,1.0,0.0056,0
2,24,6.585729950000001,0.0,1.0,0.0056,1
3,24,8.05414895,0.0,1.0,0.0056,1
5,24,0.00150785,0.0,1.0,0.0056,1
6,24,0.0005687999999999998,0.1667,1.0,0.0056,0
12,24,0.0015377999999999998,0.3901,1.0,0.0056,1
22,24,0.0018498499999999997,0.0,1.0,0.0056,1
23,24,0.0006673,0.0,1.0,0.0056,0
27,24,0.00032505,0.0,1.0,0.0056,1
30,24,0.0018912000000000004,0.0,1.0,0.0056,0
31,24,0.00108785,1.0,1.0,0.0056,1
34,24,0.0011014,0.0,1.0,0.0056,1
38,24,0.0015247499999999998,0.0,1.0,0.0056,0
41,24,0.00232885,0.0,1.0,0.0056,1
42,24,0.0011010999999999998,0.0,1.0,0.0056,0
51,24,0.0021103999999999997,0.0476,1.0,0.0056,0
57,24,0.00083085,0.1385,1.0,0.0056,0
62,24,0.0011283499999999998,0.0,1.0,0.0056,0
63,24,0.0008910000000000001,0.0,1.0,0.0056,1
64,24,0.00048865,0.0833,1.0,0.0056,0
67,24,0.0011589999999999999,0.0,1.0,0.0056,0
73,24,0.0017094000000000002,0.0,1.0,0.0056,0
75,24,0.00149035,0.3333,1.0,0.0056,0
79,24,0.00024505,0.0,1.0,0.0056,0
84,24,0.0017236499999999997,0.6212,1.0,0.0056,1
94,24,0.0007726999999999999,0.0,1.0,0.0056,0
108,24,0.0009010499999999999,0.0,1.0,0.0056,0
109,24,0.00127965,0.1667,1.0,0.0056,0
110,24,8.056171,0.0,1.0,0.0056,1
111,24,0.0020745500000000005,0.0,1.0,0.0056,0
112,24,0.0010282000000000002,0.0,1.0,0.0056,0
118,24,0.0017387,0.0,1.0,0.0056,0
121,24,0.0010394000000000002,0.0,1.0,0.0056,0
122,24,0.0010618,0.0,1.0,0.0056,1
123,24,0.0013191999999999998,0.2667,1.0,0.0056,0
130,24,0.00097815,0.5455,1.0,0.0056,0
132,24,6.3121078,0.0,1.0,0.0056,1
134,24,0.0007579499999999999,0.0,1.0,0.0056,0
139,24,0.0016019500000000002,0.0,1.0,0.0056,0
143,24,0.00066075,0.0,1.0,0.0056,0
152,24,0.0007358999999999999,0.0,1.0,0.0056,1
154,24,8.6884386,0.0,1.0,0.0056,1
155,24,0.0008125000000000001,0.0,1.0,0.0056,0
159,24,0.0008179999999999999,0.6667,1.0,0.0056,0
165,24,0.0006966,0.4,1.0,0.0056,0
166,24,11.792709799999999,0.0,1.0,0.0056,1
171,24,0.0014872000000000002,0.0,1.0,0.0056,0
184,24,0.0011369000000000002,0.1333,1.0,0.0056,0
188,24,0.0009422999999999999,0.0,1.0,0.0056,0
189,24,0.0009103,0.0,1.0,0.0056,0
193,24,6.7215510499999995,0.3571,1.0,0.0056,1
194,24,0.00132985,0.0,1.0,0.0056,0
198,24,0.0012119499999999998,0.0,1.0,0.0056,0
236,24,0.0001,0.0,1.0,0.0056,1
237,24,0.0001,0.0,1.0,0.0056,0
238,24,0.0001,0.0,1.0,0.0056,0
239,24,0.0001,0.0,1.0,0.0056,0
240,24,0.0001,0.0,1.0,0.0056,0
249,24,0.0001,0.0,1.0,0.0056,1
250,24,0.0001,0.1667,1.0,0.0056,0
251,24,0.0001,0.0,1.0,0.0056,0
259,24,0.0001,0.7333,1.0,0.0056,0
260,24,0.0001,0.3889,1.0,0.0056,0
261,24,0.0001,0.3175,1.0,0.0056,0
262,24,0.0001,0.9167,1.0,0.0056,1
263,24,0.0001,0.0,1.0,0.0056,0
272,24,0.0001,0.1667,1.0,0.0056,0
273,24,0.0001,0.3214,1.0,0.0056,0
274,24,0.0001,0.6667,1.0,0.0056,1
1,25,0.0016536500000000002,0.0,1.0,0.004,0
2,25,5.945995099999999,0.0,1.0,0.004,1
3,25,8.1519,0.0,1.0,0.004,1
5,25,0.0015131,0.0,1.0,0.004,1
6,25,0.0005497499999999999,0.0,1.0,0.004,0
12,25,0.0015214999999999998,0.8,1.0,0.004,1
27,25,0.00032445000000000005,0.0,1.0,0.004,1
30,25,0.00185395,0.0,1.0,0.004,0
38,25,0.0015247499999999998,0.0,1.0,0.004,0
41,25,0.0020621499999999996,0.0,1.0,0.004,1
42,25,0.0012382499999999998,0.0,1.0,0.004,0
52,25,0.0017658,0.0,1.0,0.004,0
57,25,0.0006622,0.2286,1.0,0.004,0
62,25,0.00109875,0.0,1.0,0.004,0
64,25,0.0004728499999999999,0.25,1.0,0.004,0
67,25,0.0011823000000000003,0.0,1.0,0.004,0
79,25,0.0002579,0.1667,1.0,0.004,0
84,25,0.0011977,0.4,1.0,0.004,1
94,25,0.0006945499999999998,0.5385,1.0,0.004,0
101,25,0.0008207,0.0,1.0,0.004,0
109,25,0.0012796,0.8,1.0,0.004,0
110,25,7.7903500999999995,0.0,1.0,0.004,1
111,25,0.002075600000000001,0.0,1.0,0.004,0
112,25,0.0008689,0.8,1.0,0.004,0
118,25,0.0016593499999999998,0.0,1.0,0.004,0
122,25,0.0010615,1.0,1.0,0.004,1
123,25,0.0012967,0.0,1.0,0.004,0
132,25,6.371131,0.0,1.0,0.004,1
139,25,0.0013055500000000002,0.1143,1.0,0.004,0
143,25,0.00068465,0.0,1.0,0.004,0
150,25,0.0012075500000000004,0.0,1.0,0.004,0
152,25,0.0007458499999999999,0.0,1.0,0.004,1
154,25,8.4517844,0.0,1.0,0.004,1
155,25,0.0008164999999999998,0.0,1.0,0.004,0
159,25,0.00073245,0.625,1.0,0.004,0
161,25,4.938251650000001,0.0,1.0,0.004,1
168,25,0.0002705,1.0,1.0,0.004,1
171,25,0.0015237000000000002,0.0,1.0,0.004,0
180,25,13.778414800000002,0.0,1.0,0.004,1
188,25,0.0009373000000000001,0.0,1.0,0.004,0
189,25,0.0006092500000000001,0.75,1.0,0.004,0
193,25,7.0592156,0.0,1.0,0.004,1
197,25,0.00082295,0.0,1.0,0.004,1
198,25,0.0012843,0.0,1.0,0.004,0
239,25,0.0001,0.0,1.0,0.004,0
240,25,0.0001,0.0,1.0,0.004,0
249,25,0.0001,0.0,1.0,0.004,1
250,25,0.0001,0.0237,1.0,0.004,0
251,25,0.0001,0.0,1.0,0.004,0
258,25,0.0001,0.8889,1.0,0.004,0
259,25,0.0001,0.6842,1.0,0.004,0
260,25,0.0001,0.4091,1.0,0.004,0
261,25,0.0001,0.2614,1.0,0.004,0
271,25,0.0001,0.0,1.0,0.004,0
272,25,0.0001,0.2882,1.0,0.004,0
274,25,0.0001,0.0,1.0,0.004,1
296,25,0.0001,0.5417,1.0,0.004,1
1,26,0.0017955000000000002,0.0,1.0,0.0108,0
2,26,5.3495462499999995,0.0,1.0,0.0108,1
3,26,8.445815,0.0,1.0,0.0108,1
4,26,0.0021308500000000005,0.0,1.0,0.0108,1
6,26,0.0008090999999999999,0.2273,1.0,0.0108,0
8,26,0.0019782000000000003,0.0,1.0,0.0108,0
12,26,0.0014997499999999998,0.0,1.0,0.0108,1
21,26,0.001088,0.0714,1.0,0.0108,0
23,26,0.0007739999999999998,0.0,1.0,0.0108,0
27,26,0.0003287,0.0,1.0,0.0108,1
30,26,0.0019652500000000004,0.0,1.0,0.0108,0
31,26,0.00108785,1.0,1.0,0.0108,1
34,26,0.0011514,0.0,1.0,0.0108,1
38,26,0.00104795,0.0,1.0,0.0108,0
41,26,0.0020556999999999997,0.0,1.0,0.0108,1
42,26,0.0008687999999999998,0.0,1.0,0.0108,0
45,26,0.0021485000000000002,0.0,1.0,0.0108,0
46,26,0.00073435,0.2667,1.0,0.0108,0
51,26,0.00208105,0.1333,1.0,0.0108,0
57,26,0.00066875,0.0,1.0,0.0108,0
63,26,0.0008693499999999999,0.0,1.0,0.0108,1
64,26,0.00044175,0.1,1.0,0.0108,0
67,26,0.00121525,0.0,1.0,0.0108,0
73,26,0.0014345499999999997,0.15,1.0,0.0108,0
75,26,0.0016908,0.125,1.0,0.0108,0
79,26,0.00025265,0.2143,1.0,0.0108,0
90,26,0.00037810000000000003,0.0,1.0,0.0108,0
92,26,0.0005743,0.0172,1.0,0.0108,0
94,26,0.0005284499999999999,0.125,1.0,0.0108,0
109,26,0.00127665,0.1607,1.0,0.0108,0
110,26,7.55693955,0.0,1.0,0.0108,1
111,26,0.0019351500000000005,0.0,1.0,0.0108,0
112,26,0.0007612000000000001,0.0,1.0,0.0108,0
118,26,0.00129685,0.0,1.0,0.0108,0
121,26,0.0008761000000000001,0.1364,1.0,0.0108,0
122,26,0.0010011,1.0,1.0,0.0108,1
123,26,0.0012755000000000002,0.0,1.0,0.0108,0
127,26,0.00019415,0.0,1.0,0.0108,1
129,26,4.078663100000002,0.0,1.0,0.0108,1
132,26,6.556070799999999,0.0,1.0,0.0108,1
133,26,0.000295,0.75,1.0,0.0108,1
139,26,0.0013093999999999998,0.0,1.0,0.0108,0
141,26,0.00063675,0.0,1.0,0.0108,0
143,26,0.0006966999999999999,0.0,1.0,0.0108,0
152,26,0.00074285,0.0,1.0,0.0108,1
154,26,8.209413249999999,0.0,1.0,0.0108,1
159,26,0.0006611,0.0,1.0,0.0108,0
160,26,0.00037020000000000005,0.1778,1.0,0.0108,0
165,26,0.0005436,0.0,1.0,0.0108,0
168,26,0.0002697,1.0,1.0,0.0108,1
171,26,0.001254,0.1604,1.0,0.0108,0
186,26,0.0009996,0.25,1.0,0.0108,0
188,26,0.00068325,0.0,1.0,0.0108,0
189,26,0.0006051000000000001,0.3,1.0,0.0108,0
193,26,7.00182355,0.0,1.0,0.0108,1
194,26,0.0011651500000000004,0.0,1.0,0.0108,0
198,26,0.0013027499999999999,0.0,1.0,0.0108,0
239,26,0.0001,0.0,1.0,0.0108,0
240,26,0.0001,0.0,1.0,0.0108,0
250,26,0.0001,0.55,1.0,0.0108,0
251,26,0.0001,0.0,1.0,0.0108,0
258,26,0.0001,0.0,1.0,0.0108,0
259,26,0.0001,0.0,1.0,0.0108,0
260,26,0.0001,0.2424,1.0,0.0108,0
261,26,0.0001,0.2841,1.0,0.0108,0
272,26,0.0001,0.0,1.0,0.0108,0
273,26,0.0001,0.0,1.0,0.0108,0
283,26,0.0001,0.0,1.0,0.0108,0
284,26,0.0001,0.0,1.0,0.0108,0
286,26,0.0001,0.0,1.0,0.0108,0
1,27,0.00153615,0.0,1.0,0.0048,0
6,27,0.00054305,0.0,1.0,0.0048,0
12,27,0.0015068,0.8,1.0,0.0048,1
21,27,0.001088,0.0,1.0,0.0048,0
27,27,0.0009027,0.6667,1.0,0.0048,1
30,27,0.0019425999999999998,0.0,1.0,0.0048,0
34,27,0.0012657000000000002,0.0,1.0,0.0048,1
38,27,0.0010275,0.0,1.0,0.0048,0
41,27,0.0020571499999999998,0.3889,1.0,0.0048,1
42,27,0.000867,0.0,1.0,0.0048,0
46,27,0.0007304,0.6667,1.0,0.0048,0
63,27,0.0008640500000000001,0.0,1.0,0.0048,1
64,27,0.00035215,0.1333,1.0,0.0048,0
67,27,0.0012399000000000002,0.0,1.0,0.0048,0
75,27,0.0012588500000000002,0.0,1.0,0.0048,0
79,27,0.00025390000000000005,0.1714,1.0,0.0048,0
84,27,0.00130165,0.8333,1.0,0.0048,1
109,27,0.0012748500000000001,0.375,1.0,0.0048,0
110,27,7.4846695,0.0,1.0,0.0048,1
111,27,0.0018947500000000002,0.0,1.0,0.0048,0
112,27,0.0007683,0.8,1.0,0.0048,0
118,27,0.00129325,0.0,1.0,0.0048,0
122,27,0.00099525,1.0,1.0,0.0048,1
123,27,0.0012274,0.0,1.0,0.0048,0
125,27,0.0005850499999999999,0.0,1.0,0.0048,0
130,27,0.00097805,0.3571,1.0,0.0048,0
132,27,6.8367764499999994,0.0,1.0,0.0048,1
141,27,0.00063615,0.0,1.0,0.0048,0
143,27,0.0007889499999999999,0.0,1.0,0.0048,0
152,27,0.00035725000000000004,0.0,1.0,0.0048,1
154,27,7.865599499999999,0.0,1.0,0.0048,1
155,27,0.0008263499999999998,0.0,1.0,0.0048,0
159,27,0.0006573,0.0,1.0,0.0048,0
183,27,0.0005182500000000002,0.0,1.0,0.0048,1
188,27,0.0006832499999999999,0.0,1.0,0.0048,0
189,27,0.00061655,0.3333,1.0,0.0048,0
193,27,6.8811948,0.0,1.0,0.0048,1
194,27,0.0011624500000000002,0.0,1.0,0.0048,0
198,27,0.00130545,0.0,1.0,0.0048,0
239,27,0.0001,0.0,1.0,0.0048,0
240,27,0.0001,0.0,1.0,0.0048,0
247,27,0.0001,0.3214,1.0,0.0048,0
250,27,0.0001,0.5217,1.0,0.0048,0
251,27,0.0001,0.8,1.0,0.0048,0
252,27,0.0001,0.0,1.0,0.0048,0
258,27,0.0001,0.2182,1.0,0.0048,0
259,27,0.0001,0.2895,1.0,0.0048,0
260,27,0.0001,0.4091,1.0,0.0048,0
261,27,0.0001,0.2431,1.0,0.0048,0
262,27,0.0001,0.625,1.0,0.0048,1
263,27,0.0001,0.04,1.0,0.0048,0
273,27,0.0001,0.9,1.0,0.0048,0
274,27,0.0001,0.88,1.0,0.0048,1
285,27,0.0001,0.0,1.0,0.0048,0
296,27,0.0001,0.0,1.0,0.0048,1
