node_id,cycle_id,FFc,dFF,DelayInfl,tau,lambda_t_norm,is_attacker,rho_recv
1,1,1.0,0.0,0.349544774130047,1.0,0.8528,0,0.375
3,1,1.0,0.75,0.38222568540201374,1.0,0.8528,1,1.0
16,1,1.0,0.127,0.428659635500327,1.0,0.8528,0,0.7778
23,1,1.0,0.0,0.463633194578301,1.0,0.8528,0,0.6667
24,1,1.0,0.0,0.2786720528226055,1.0,0.8528,1,1.0
29,1,0.125,0.875,0.49377652921032666,1.0,0.8528,1,0.5
30,1,1.0,0.0,0.43328480324809815,1.0,0.8528,0,1.0
33,1,1.0,0.0,0.5557036520597946,1.0,0.8528,1,1.0
35,1,1.0,0.0,0.3342424180285849,1.0,0.8528,0,1.0
38,1,1.0,0.0,0.6428527487850391,1.0,0.8528,0,1.0
42,1,1.0,0.0,0.3051243668874444,1.0,0.8528,0,1.0
44,1,1.0,0.0,0.33526770151947016,1.0,0.8528,0,1.0
46,1,1.0,0.0,0.3227592429306704,1.0,0.8528,0,1.0
48,1,1.0,0.0,1.1770254475362438,1.0,0.8528,1,0.75
51,1,1.0,0.0,0.2975372690548937,1.0,0.8528,0,1.0
55,1,1.0,0.0,0.726228802263826,1.0,0.8528,1,0.4
67,1,1.0,0.0,0.34223962925748974,1.0,0.8528,0,1.0
75,1,1.0,0.2521,0.41614447571224034,1.0,0.8528,0,0.4118
77,1,1.0,1.0,0.4368049432334707,1.0,0.8528,1,1.0
78,1,1.0,0.0,0.2940513051858839,1.0,0.8528,0,1.0
79,1,1.0,0.3333,0.3160949002399164,1.0,0.8528,0,1.0
93,1,1.0,0.0,0.419340947772059,1.0,0.8528,0,1.0
97,1,1.0,0.0,0.2930260216949987,1.0,0.8528,0,1.0
108,1,1.0,0.0,0.5006801047156205,1.0,0.8528,0,1.0
109,1,1.0,0.0,0.3571062398753256,1.0,0.8528,0,0.25
110,1,1.0,0.0,0.3494166136936863,1.0,0.8528,1,1.0
111,1,1.0,0.0,0.35403038940266984,1.0,0.8528,0,1.0
115,1,1.0,1.0,0.4172903807902886,1.0,0.8528,1,1.0
118,1,1.0,0.0,0.34470030963561427,1.0,0.8528,0,1.0
122,1,1.0,1.0,0.40785777267414447,1.0,0.8528,1,1.0
123,1,1.0,0.0,0.36226683344611454,1.0,0.8528,0,0.6667
124,1,1.0,0.0,0.3766891545512335,1.0,0.8528,0,1.0
128,1,1.0,0.0,0.47798716345069414,1.0,0.8528,0,1.0
129,1,1.0,0.5714,0.3557733713371748,1.0,0.8528,1,1.0
130,1,1.0,0.0,0.4064223757869051,1.0,0.8528,0,1.0
132,1,1.0,0.0,0.32357946972337853,1.0,0.8528,1,1.0
134,1,1.0,0.1905,0.507925441384543,1.0,0.8528,0,1.0
140,1,1.0,0.0,0.4822933541124121,1.0,0.8528,0,1.0
141,1,1.0,0.1716,0.5849664491055306,1.0,0.8528,0,0.7059
143,1,1.0,0.0,0.3360879283121784,1.0,0.8528,0,1.0
153,1,1.0,0.0,0.42487747862283926,1.0,0.8528,0,1.0
154,1,1.0,0.0,0.4240572518301311,1.0,0.8528,1,1.0
155,1,1.0,0.8333,0.4064223757869051,1.0,0.8528,0,1.0
159,1,1.0,0.0,0.42239116615744254,1.0,0.8528,0,0.375
162,1,1.0,0.625,0.5279124383774467,1.0,0.8528,0,1.0
165,1,1.0,0.0833,0.40601226239055105,1.0,0.8528,0,1.0
168,1,1.0,1.0,0.32850083047962764,1.0,0.8528,1,1.0
180,1,1.0,0.8571,0.2858490372588021,1.0,0.8528,1,1.0
182,1,1.0,1.0,0.45194496278220936,1.0,0.8528,1,1.0
187,1,1.0,0.0,0.5602148994196896,1.0,0.8528,1,1.0
188,1,1.0,0.0,0.4355404269280457,1.0,0.8528,0,1.0
191,1,1.0,0.0,0.4053560809563845,1.0,0.8528,0,0.2
194,1,1.0,0.8333,0.39384556496537965,1.0,0.8528,0,1.0
195,1,1.0,0.0,0.4537904730658027,1.0,0.8528,1,1.0
197,1,0.25,0.5,0.43328480324809815,1.0,0.8528,1,1.0
198,1,1.0,0.3333,0.38355855394016447,1.0,0.8528,0,1.0
238,1,1.0,0.0,0.3340373613304079,1.0,0.8528,0,1.0
239,1,1.0,0.8333,0.40314146861607236,1.0,0.8528,0,1.0
240,1,1.0,0.75,0.3542354461008469,1.0,0.8528,0,1.0
241,1,1.0,0.0,0.39678471097258394,1.0,0.8528,0,1.0
248,1,1.0,0.8,0.4514323210367667,1.0,0.8528,1,1.0
250,1,1.0,0.0495,0.4501726870336792,1.0,0.8528,0,0.9286
251,1,1.0,0.5333,0.3929179275212454,1.0,0.8528,0,1.0
252,1,1.0,0.5714,0.29958783603666417,1.0,0.8528,0,1.0
258,1,1.0,0.303,0.3916241174017949,1.0,0.8528,0,1.0
259,1,1.0,0.7778,0.4562921647835627,1.0,0.8528,0,1.0
260,1,1.0,0.0,0.5782598888592696,1.0,0.8528,0,1.0
261,1,1.0,0.2333,0.5876924969754138,1.0,0.8528,0,1.0
262,1,1.0,0.7,0.6428527487850392,1.0,0.8528,1,1.0
263,1,1.0,0.75,0.33875366538847995,1.0,0.8528,0,1.0
268,1,0.16665,0.6667,0.3088153874546312,1.0,0.8528,1,1.0
269,1,1.0,0.1429,0.5076831016503337,1.0,0.8528,0,1.0
270,1,1.0,0.0,0.6026206246027026,1.0,0.8528,0,1.0
271,1,1.0,0.0,1.011749748805545,1.0,0.8528,0,0.875
272,1,1.0,0.0,0.5178450591588575,1.0,0.8528,0,0.75
273,1,1.0,0.0,0.5111770547413503,1.0,0.8528,0,0.7143
279,1,1.0,0.4444,0.47625557355497683,1.0,0.8528,1,1.0
280,1,1.0,0.8333,0.5881026103717678,1.0,0.8528,0,1.0
290,1,1.0,0.0,0.3521051348475632,1.0,0.8528,0,1.0
1,2,1.0,0.2,1.0330197208619094,1.0,0.0004,0,0.63335
3,2,1.0,0.1667,1.1417184124137598,1.0,0.0004,1,0.5
6,2,1.0,0.0,0.4684520269854615,1.0,0.0004,0,1.0
30,2,1.0,0.0,1.0464863534767364,1.0,0.0004,0,1.0
38,2,1.0,0.0,0.3028687432074969,1.0,0.0004,0,1.0
42,2,1.0,0.0,0.5499620645108373,1.0,0.0004,0,1.0
44,2,1.0,0.0,0.6234748908073082,1.0,0.0004,0,1.0
57,2,1.0,0.0,0.5614999213949325,1.0,0.0004,0,0.2667
62,2,1.0,0.2676,0.8934587804832385,1.0,0.0004,0,0.5652
70,2,1.0,0.0,0.7242602579613264,1.0,0.0004,0,1.0
75,2,1.0,0.1978,0.7219021059322903,1.0,0.0004,0,1.0
79,2,1.0,0.8333,0.905530379149835,1.0,0.0004,0,1.0
84,2,1.0,1.0,0.8976015201536559,1.0,0.0004,1,1.0
110,2,1.0,0.0,1.6341480919474236,1.0,0.0004,1,1.0
111,2,1.0,0.35,0.6751377867091362,1.0,0.0004,0,1.0
112,2,1.0,0.0,1.4391562600392342,1.0,0.0004,0,1.0
118,2,1.0,0.0,0.5708778477248959,1.0,0.0004,0,1.0
121,2,1.0,0.0,0.42877355588820315,1.0,0.0004,0,1.0
122,2,1.0,1.0,0.8561995963312428,1.0,0.0004,1,1.0
123,2,1.0,0.0,1.2185933696381337,1.0,0.0004,0,1.0
126,2,1.0,0.0,0.8008147586140901,1.0,0.0004,0,0.3333
130,2,1.0,0.0,1.4001271351528697,1.0,0.0004,0,1.0
132,2,1.0,0.25,0.5944251918988935,1.0,0.0004,1,1.0
134,2,1.0,0.8571,0.2940513051858839,1.0,0.0004,0,1.0
140,2,1.0,0.0,0.7388192835318966,1.0,0.0004,0,1.0
141,2,1.0,0.0,0.8187913958209445,1.0,0.0004,0,1.0
143,2,1.0,0.0,1.453471170492927,1.0,0.0004,0,1.0
148,2,1.0,0.0,0.678327557569668,1.0,0.0004,1,1.0
152,2,0.1875,0.4375,0.3721779071913385,1.0,0.0004,1,1.0
154,2,1.0,0.1667,0.8461078773995296,1.0,0.0004,1,0.83335
155,2,1.0,0.8333,0.5157175959152706,1.0,0.0004,0,1.0
168,2,1.0,0.8333,0.8441090628225372,1.0,0.0004,1,1.0
188,2,1.0,0.0,0.2999979494330183,1.0,0.0004,0,1.0
193,2,1.0,0.2647,0.6606564950502932,1.0,0.0004,1,0.4706
195,2,1.0,1.0,1.3231283449873892,1.0,0.0004,1,1.0
198,2,1.0,0.8333,0.8112667065487087,1.0,0.0004,0,1.0
238,2,1.0,0.0,1.2033137162425411,1.0,0.0004,0,0.6
239,2,1.0,0.0714,0.9864691873017174,1.0,0.0004,0,0.8571
240,2,1.0,0.75,1.3414809194742348,1.0,0.0004,0,1.0
241,2,1.0,0.0,1.056862222404495,1.0,0.0004,0,1.0
248,2,1.0,0.8333,0.9750445998318535,1.0,0.0004,1,1.0
249,2,0.0667,0.4333,0.26841921791375317,1.0,0.0004,1,0.5333
250,2,1.0,0.4848,2.2098276840212985,1.0,0.0004,0,1.0
251,2,1.0,0.4083,0.6471735863537698,1.0,0.0004,0,1.0
252,2,1.0,0.6667,0.31025078434187053,1.0,0.0004,0,1.0
258,2,1.0,0.7857,0.5911784608444235,1.0,0.0004,0,1.0
261,2,1.0,0.8571,1.2318439381822406,1.0,0.0004,0,1.0
262,2,1.0,0.6667,0.5241542143545548,1.0,0.0004,1,1.0
263,2,1.0,0.6667,0.3533126909590502,1.0,0.0004,0,1.0
272,2,1.0,0.6667,0.534548636031196,1.0,0.0004,0,1.0
273,2,1.0,0.5263,1.1231586302843506,1.0,0.0004,0,1.0
283,2,1.0,0.0,0.3539278610535813,1.0,0.0004,0,1.0
284,2,1.0,0.0,0.847909446962085,1.0,0.0004,0,1.0
1,3,1.0,0.0,0.3884457385800507,1.0,0.0004,0,1.0
2,3,1.0,0.0,0.8181078734936877,1.0,0.0004,1,1.0
3,3,1.0,0.0,0.3935448151413866,1.0,0.0004,1,0.3333
6,3,1.0,0.0455,0.4314539398715174,1.0,0.0004,0,1.0
14,3,1.0,0.8571,0.45953206061476004,1.0,0.0004,0,1.0
21,3,1.0,0.0,0.38735210285643984,1.0,0.0004,0,1.0
23,3,1.0,0.0,1.071421247975065,1.0,0.0004,0,1.0
30,3,1.0,0.0,0.6092234502840036,1.0,0.0004,0,1.0
31,3,1.0,1.0,0.6180408883056165,1.0,0.0004,1,1.0
36,3,1.0,0.0,0.3472635183628274,1.0,0.0004,0,1.0
38,3,1.0,0.0,1.0732667582586586,1.0,0.0004,0,1.0
42,3,1.0,0.0,3.1043533537022987,1.0,0.0004,0,1.0
44,3,1.0,0.0556,0.5031066089773822,1.0,0.0004,0,0.94445
51,3,1.0,0.0,0.5526278015871389,1.0,0.0004,0,1.0
57,3,1.0,0.0,0.2530399655504747,1.0,0.0004,0,1.0
62,3,1.0,0.6667,1.4685648081694591,1.0,0.0004,0,1.0
64,3,1.0,0.0,0.5845482942700324,1.0,0.0004,0,0.6667
67,3,1.0,0.3333,0.7421001907027294,1.0,0.0004,0,1.0
70,3,1.0,0.0,0.7570693296696538,1.0,0.0004,0,1.0
73,3,1.0,0.1,1.1081674082883919,1.0,0.0004,0,1.0
75,3,1.0,0.1071,0.36686352109691667,1.0,0.0004,0,0.7857000000000001
79,3,1.0,0.0,0.43431008673898336,1.0,0.0004,0,1.0
94,3,1.0,0.0,0.38290920772927056,1.0,0.0004,0,0.6667
108,3,1.0,0.0,0.4656837615600714,1.0,0.0004,0,1.0
111,3,1.0,0.0,0.5739536981975517,1.0,0.0004,0,1.0
112,3,1.0,0.1389,0.40598813807311845,1.0,0.0004,0,0.6667
118,3,1.0,0.0,2.2476264687186007,1.0,0.0004,0,1.0
121,3,1.0,0.381,0.9137839112514613,1.0,0.0004,0,1.0
123,3,1.0,0.0952,0.37511705319854277,1.0,0.0004,0,0.7778
126,3,1.0,0.0,0.3663850554678369,1.0,0.0004,0,1.0
129,3,1.0,0.8889,0.39678471097258394,1.0,0.0004,1,1.0
130,3,1.0,0.0,0.37689421124941047,1.0,0.0004,0,1.0
132,3,1.0,0.0,0.5794902290483319,1.0,0.0004,1,1.0
139,3,1.0,0.0,0.6041995611786659,1.0,0.0004,0,1.0
140,3,1.0,0.0,0.8908175610556319,1.0,0.0004,0,1.0
141,3,1.0,0.8571,0.3555683146389977,1.0,0.0004,0,1.0
143,3,1.0,0.0,0.39816884368527905,1.0,0.0004,0,1.0
152,3,0.07690000000000001,0.4231,0.3088153874546312,1.0,0.0004,1,0.7692
154,3,1.0,0.0,0.4377960506079931,1.0,0.0004,1,1.0
155,3,1.0,0.2667,0.4223757869050793,1.0,0.0004,0,1.0
159,3,1.0,0.0,0.8592900937109111,1.0,0.0004,0,1.0
168,3,1.0,0.8462,0.511801012980089,1.0,0.0004,1,1.0
184,3,1.0,0.0,0.8785654233395536,1.0,0.0004,0,1.0
188,3,1.0,0.0,0.5005434002501692,1.0,0.0004,0,1.0
193,3,1.0,0.8333,0.27723665593536617,1.0,0.0004,1,1.0
195,3,1.0,1.0,1.2820144770028914,1.0,0.0004,1,1.0
198,3,1.0,0.25,1.5221358705682122,1.0,0.0004,0,1.0
240,3,1.0,0.0,0.9645183559920986,1.0,0.0004,0,1.0
241,3,1.0,0.0,0.4884450550577235,1.0,0.0004,0,1.0
247,3,1.0,0.0,0.30225357311296575,1.0,0.0004,0,1.0
249,3,0.125,0.3036,0.3764840978530564,1.0,0.0004,1,0.875
250,3,1.0,0.2597,0.3843934276398853,1.0,0.0004,0,1.0
251,3,1.0,0.1333,0.5274673447208154,1.0,0.0004,0,1.0
252,3,1.0,0.0,0.3410092890684275,1.0,0.0004,0,1.0
258,3,1.0,0.3333,0.465991346607337,1.0,0.0004,0,1.0
260,3,1.0,0.0,0.34326491274837495,1.0,0.0004,0,1.0
261,3,1.0,0.075,1.0025449814651528,1.0,0.0004,0,1.0
262,3,1.0,1.0,0.7721409969856665,1.0,0.0004,1,1.0
269,3,1.0,0.8333,0.4039616954087806,1.0,0.0004,0,1.0
272,3,1.0,0.0,0.7467652305862572,1.0,0.0004,0,1.0
273,3,1.0,0.0375,0.4325577840454704,1.0,0.0004,0,0.9375
284,3,1.0,0.2667,0.3170860076144388,1.0,0.0004,0,1.0
1,4,1.0,0.0833,0.38680528499463435,1.0,0.0,0,0.75
3,4,1.0,0.0,0.42262185494289173,1.0,0.0,1,0.6667
5,4,0.16670000000000001,0.8333,0.37627904115487937,1.0,0.0,1,0.1667
6,4,1.0,0.0,0.46301802448376983,1.0,0.0,0,0.75
7,4,1.0,0.1778,0.3479128645737213,1.0,0.0,0,0.5556
10,4,1.0,0.0,0.3936405082672026,1.0,0.0,0,0.2222
15,4,1.0,0.0,0.3381384952939488,1.0,0.0,1,1.0
17,4,1.0,0.0,0.41802858490372585,1.0,0.0,0,0.8
23,4,1.0,0.1667,0.5094975427372336,1.0,0.0,0,1.0
30,4,1.0,0.0,0.7859823241126173,1.0,0.0,0,1.0
35,4,1.0,0.0,0.35869542928619763,1.0,0.0,0,0.75
36,4,1.0,0.0,0.5148973691225625,1.0,0.0,0,1.0
38,4,1.0,0.0,0.4892652818504317,1.0,0.0,0,1.0
42,4,1.0,0.0,0.276621485840835,1.0,0.0,0,1.0
44,4,1.0,0.0,0.3565935981298829,1.0,0.0,0,0.5
46,4,1.0,0.8,0.47696187995980893,1.0,0.0,0,1.0
47,4,1.0,0.0,0.3678033642968948,1.0,0.0,0,0.6667
55,4,1.0,0.0,0.3721779071913384,1.0,0.0,1,1.0
62,4,1.0,0.0,0.38847991469641363,1.0,0.0,0,1.0
67,4,1.0,0.0,0.34500789468287985,1.0,0.0,0,1.0
73,4,1.0,0.25,0.7261057682449198,1.0,0.0,0,1.0
74,4,1.0,0.0,0.3139418049090574,1.0,0.0,1,1.0
75,4,1.0,0.1143,0.39688723932167247,1.0,0.0,0,0.7143
77,4,1.0,0.5,0.35153553290818246,1.0,0.0,1,1.0
82,4,1.0,0.2007,0.5097263741250543,1.0,0.0,0,0.5652
85,4,1.0,0.0,0.3403941189738963,1.0,0.0,0,1.0
88,4,1.0,0.0,0.3846863657801382,1.0,0.0,1,1.0
93,4,1.0,0.75,0.7564541595751226,1.0,0.0,0,1.0
94,4,1.0,0.9,0.39288863370722005,1.0,0.0,0,1.0
95,4,1.0,0.0,0.47955926480338484,1.0,0.0,1,1.0
97,4,1.0,0.0,0.27805688272807433,1.0,0.0,0,1.0
99,4,1.0,0.0,0.4349252568335145,1.0,0.0,0,1.0
102,4,1.0,0.7778,0.31291652141817217,1.0,0.0,1,1.0
108,4,1.0,0.25,0.35536325794082063,1.0,0.0,0,1.0
110,4,1.0,0.0,0.46158262759653046,1.0,0.0,1,1.0
111,4,1.0,0.2597,0.28841224598601517,1.0,0.0,0,1.0
115,4,1.0,1.0,0.39186335021633484,1.0,0.0,1,1.0
118,4,1.0,0.0,0.4398466175897636,1.0,0.0,0,1.0
119,4,1.0,0.0,0.39815175562709765,1.0,0.0,0,0.1111
121,4,1.0,0.7143,0.42344208173559994,1.0,0.0,0,1.0
122,4,1.0,1.0,0.45809666372752067,1.0,0.0,1,1.0
123,4,1.0,0.0,0.3896077265363873,1.0,0.0,0,1.0
124,4,1.0,0.0,0.4047819222014888,1.0,0.0,0,1.0
126,4,1.0,0.0,0.3330120778395227,1.0,0.0,0,1.0
127,4,0.07145,0.2571,0.36643631964238116,1.0,0.0,1,0.9643
128,4,1.0,0.0,0.48010608266519034,1.0,0.0,0,1.0
129,4,1.0,0.0,0.5210490700678739,1.0,0.0,1,1.0
130,4,1.0,0.0,0.39760493776529215,1.0,0.0,0,1.0
132,4,1.0,0.0,0.3384460803412144,1.0,0.0,1,1.0
137,4,1.0,0.0,0.47511636967621557,1.0,0.0,0,1.0
140,4,1.0,0.0,0.289950171222343,1.0,0.0,0,1.0
141,4,1.0,0.8333,0.34736604671191584,1.0,0.0,0,1.0
143,4,1.0,0.0,0.4624028543892386,1.0,0.0,0,1.0
149,4,1.0,0.0,0.3582340517152993,1.0,0.0,0,1.0
153,4,1.0,0.8333,0.5058748744027725,1.0,0.0,0,1.0
155,4,1.0,0.1667,0.43010642442635394,1.0,0.0,0,1.0
163,4,1.0,0.0,0.5331474152603195,1.0,0.0,0,1.0
165,4,1.0,0.8333,0.28625915065515617,1.0,0.0,0,1.0
168,4,1.0,0.9167,0.3202985625525458,1.0,0.0,1,1.0
171,4,1.0,0.0,0.4328746898517441,1.0,0.0,0,1.0
184,4,1.0,0.0,0.36582114954785,1.0,0.0,0,1.0
187,4,1.0,0.0,0.4359505403243997,1.0,0.0,1,1.0
191,4,1.0,0.0,0.5384788894129227,1.0,0.0,0,1.0
192,4,1.0,0.4773,0.5801053991428631,1.0,0.0,0,1.0
194,4,1.0,0.8571,0.24155679045256015,1.0,0.0,0,1.0
195,4,1.0,1.0,0.46035228740746825,1.0,0.0,1,1.0
198,4,1.0,0.4167,0.3788764259984553,1.0,0.0,0,1.0
240,4,1.0,0.0,0.32480980991244085,1.0,0.0,0,1.0
241,4,1.0,0.0,0.40273135521971826,1.0,0.0,0,1.0
247,4,1.0,0.6667,0.7455861545717392,1.0,0.0,0,1.0
250,4,1.0,0.2667,0.39439238282718503,1.0,0.0,0,1.0
251,4,1.0,0.2735,0.4534145357858115,1.0,0.0,0,1.0
252,4,1.0,0.0,0.3809953452129514,1.0,0.0,0,1.0
258,4,1.0,0.375,0.5426825517255521,1.0,0.0,0,1.0
261,4,1.0,0.1,0.4022187134742757,1.0,0.0,0,1.0
262,4,1.0,1.0,0.3313716242541063,1.0,0.0,1,1.0
269,4,1.0,0.9,0.6088133368876496,1.0,0.0,0,1.0
270,4,1.0,0.8182,0.9038899255644187,1.0,0.0,0,1.0
272,4,1.0,0.0,0.31947833575983764,1.0,0.0,0,1.0
279,4,1.0,0.0,0.41954600447023604,1.0,0.0,1,1.0
280,4,1.0,0.0,0.44927922570590767,1.0,0.0,0,1.0
281,4,1.0,0.0,0.6054504070375459,1.0,0.0,0,1.0
290,4,1.0,0.8571,0.3270654335923883,1.0,0.0,0,1.0
291,4,1.0,0.3667,0.39248877314577485,1.0,0.0,0,0.45
1,5,1.0,0.0,2.0177579100621323,1.0,0.004,0,1.0
3,5,1.0,0.0,0.3714602087477188,1.0,0.004,1,1.0
6,5,1.0,0.0,0.6738504863261359,1.0,0.004,0,0.6875
7,5,1.0,0.0,0.3693071134168598,1.0,0.004,0,1.0
10,5,1.0,0.1709,1.0627063383025408,1.0,0.004,0,1.0
17,5,1.0,0.0,0.5858469866918203,1.0,0.004,0,1.0
23,5,1.0,0.0,1.324256156827363,1.0,0.004,0,0.6
29,5,1.0,0.0,0.8113580905120267,1.0,0.004,0,0.75
30,5,0.875,0.125,0.4687010244046765,1.0,0.004,0,0.25
31,5,1.0,1.0,1.0316402485287182,1.0,0.004,1,1.0
36,5,1.0,0.0889,0.35152576830350735,1.0,0.004,0,1.0
37,5,1.0,0.1984,0.4026434737776424,1.0,0.004,1,0.6429
42,5,1.0,0.0,0.5407345130928702,1.0,0.004,0,1.0
57,5,1.0,0.1333,1.263231283449874,1.0,0.004,0,0.6667
62,5,1.0,0.1333,1.303135316915127,1.0,0.004,0,1.0
64,5,1.0,0.0,0.35249246416634206,1.0,0.004,0,1.0
67,5,1.0,0.0,0.42590276211372446,1.0,0.004,0,1.0
73,5,1.0,0.3333,0.8974648156882044,1.0,0.004,0,1.0
75,5,1.0,0.0,0.5265035782393832,1.0,0.004,0,0.25
77,5,1.0,0.5,0.5756197838702402,1.0,0.004,1,1.0
78,5,1.0,0.0536,1.0464299628847378,1.0,0.004,0,0.875
79,5,1.0,0.3,0.3294235856214244,1.0,0.004,0,1.0
80,5,1.0,0.0,0.6808565901805184,1.0,0.004,0,1.0
84,5,1.0,1.0,1.6613693686304265,1.0,0.004,1,1.0
85,5,1.0,0.0,0.33247893042426235,1.0,0.004,0,1.0
88,5,1.0,0.0,1.2982139561588781,1.0,0.004,1,1.0
89,5,0.07690000000000001,0.3675,0.2889248877314578,1.0,0.004,1,0.6923
94,5,1.0,0.1961,0.9629206225521357,1.0,0.004,0,0.7059
98,5,1.0,0.0,0.3276806036869195,1.0,0.004,0,1.0
110,5,1.0,0.0,0.5734410564521091,1.0,0.004,1,1.0
111,5,1.0,0.5833,0.3152746734472082,1.0,0.004,0,1.0
112,5,1.0,0.0,1.1113389518868635,1.0,0.004,0,1.0
118,5,1.0,0.0,0.33588287161400127,1.0,0.004,0,1.0
119,5,1.0,0.0,0.42925202151728287,1.0,0.004,0,1.0
121,5,1.0,0.0,1.414260857942036,1.0,0.004,0,0.6299
122,5,1.0,1.0,0.3127114647199951,1.0,0.004,1,1.0
123,5,1.0,0.0,0.553037914983493,1.0,0.004,0,1.0
124,5,1.0,0.0,0.31742776877806717,1.0,0.004,0,1.0
126,5,1.0,0.0,0.5347878688457359,1.0,0.004,0,1.0
130,5,1.0,0.0,0.3494166136936863,1.0,0.004,0,1.0
132,5,1.0,0.0,0.5198187298788116,1.0,0.004,1,1.0
139,5,1.0,0.0,2.3399840055775423,1.0,0.004,0,1.0
140,5,1.0,0.0,0.28441364037156275,1.0,0.004,0,1.0
143,5,1.0,0.0,0.28584903725880206,1.0,0.004,0,1.0
154,5,1.0,0.0,0.5255603174277689,1.0,0.004,1,1.0
155,5,1.0,0.0,0.3850964791764923,1.0,0.004,0,1.0
159,5,1.0,0.0,0.3847888941292268,1.0,0.004,0,1.0
168,5,1.0,0.76,1.1172807138316603,1.0,0.004,1,1.0
184,5,1.0,0.0714,1.307946262526204,1.0,0.004,0,1.0
188,5,1.0,0.0,0.6067627699058791,1.0,0.004,0,1.0
194,5,1.0,0.5833,1.1320496784027452,1.0,0.004,0,1.0
195,5,1.0,0.8,0.5298665080894868,1.0,0.004,1,1.0
198,5,1.0,0.0,0.9338468450162833,1.0,0.004,0,1.0
240,5,1.0,0.0,0.3326019644431686,1.0,0.004,0,1.0
241,5,1.0,0.1714,0.463633194578301,1.0,0.004,0,1.0
250,5,1.0,0.0,0.7694899068163776,1.0,0.004,0,0.5625
251,5,1.0,0.1667,1.4628158971669953,1.0,0.004,0,1.0
260,5,1.0,0.1,0.7652423037827103,1.0,0.004,0,1.0
261,5,1.0,0.1399,1.049468119111405,1.0,0.004,0,1.0
262,5,1.0,1.0,0.31476203170176553,1.0,0.004,1,1.0
270,5,1.0,0.0,0.30225357311296575,1.0,0.004,0,1.0
271,5,1.0,0.1071,0.5926651219062071,1.0,0.004,0,1.0
272,5,1.0,0.125,1.2993417679988517,1.0,0.004,0,1.0
273,5,1.0,0.0,0.6523878852502717,1.0,0.004,0,1.0
282,5,1.0,0.3,1.3596079315930856,1.0,0.004,0,1.0
283,5,1.0,0.0,0.5770295486702074,1.0,0.004,0,1.0
291,5,1.0,0.5,0.3668464330387352,1.0,0.004,0,1.0
1,6,1.0,0.0,0.4323474011992888,1.0,0.008,0,1.0
3,6,1.0,0.0,0.36125863801341074,1.0,0.008,1,0.25
26,6,1.0,0.0,0.3332171345376997,1.0,0.008,0,1.0
27,6,0.0625,0.075,0.4172903807902886,1.0,0.008,1,0.8125
28,6,1.0,0.0,0.4203662312629442,1.0,0.008,0,1.0
30,6,1.0,0.0,0.38793309683460814,1.0,0.008,0,1.0
36,6,1.0,0.125,0.3636167900424468,1.0,0.008,0,1.0
38,6,1.0,0.0,0.368223242297924,1.0,0.008,0,0.58335
41,6,0.0625,0.5417,0.48290852420694325,1.0,0.008,1,0.54165
42,6,1.0,0.0,0.3305513974613981,1.0,0.008,0,1.0
44,6,1.0,0.0,0.36588950178057567,1.0,0.008,0,1.0
51,6,1.0,0.0,0.47778210675251714,1.0,0.008,0,1.0
62,6,1.0,0.0,0.3665625083797209,1.0,0.008,0,0.7143
110,6,1.0,0.0,0.347981216806447,1.0,0.008,1,1.0
111,6,1.0,0.0,0.3892104291836693,1.0,0.008,0,1.0
118,6,1.0,0.0,0.5483216109254209,1.0,0.008,0,1.0
121,6,1.0,0.0,0.34193204421022416,1.0,0.008,0,0.9167
122,6,1.0,1.0,0.4732708593926221,1.0,0.008,1,1.0
123,6,1.0,0.0,0.32398958311973264,1.0,0.008,0,1.0
125,6,1.0,0.0,0.3826065049843425,1.0,0.008,0,1.0
130,6,1.0,0.0,0.3330120778395227,1.0,0.008,0,1.0
132,6,1.0,0.0,0.3423626632763959,1.0,0.008,1,1.0
140,6,1.0,0.0,0.4115487932413313,1.0,0.008,0,1.0
143,6,1.0,0.0417,0.3751626213536932,1.0,0.008,0,1.0
151,6,1.0,0.0,0.2823630733897923,1.0,0.008,1,1.0
154,6,1.0,0.0,0.5768244919720303,1.0,0.008,1,1.0
155,6,1.0,0.0,0.40978017921955423,1.0,0.008,0,1.0
168,6,1.0,0.7692,0.38662900818392076,1.0,0.008,1,1.0
184,6,1.0,0.1,0.37617651280579084,1.0,0.008,0,1.0
188,6,1.0,0.8,0.47532142637439256,1.0,0.008,0,1.0
194,6,1.0,0.5833,0.5667767137613551,1.0,0.008,0,1.0
195,6,1.0,1.0,0.39142760473270866,1.0,0.008,1,0.92855
198,6,1.0,0.0,0.3770992679475875,1.0,0.008,0,1.0
207,6,1.0,0.0,0.3738593721163902,1.0,0.008,0,1.0
208,6,1.0,0.0,0.386162774007013,1.0,0.008,1,1.0
218,6,1.0,0.0718,0.3496532175761983,1.0,0.008,0,1.0
220,6,1.0,0.0,0.3952467857362561,1.0,0.008,0,1.0
226,6,1.0,1.0,0.40273135521971826,1.0,0.008,1,1.0
229,6,1.0,0.0606,0.36966130225916555,1.0,0.008,0,1.0
230,6,1.0,0.0549,0.369673286092176,1.0,0.008,0,0.9286
231,6,1.0,0.0714,0.3672907225514522,1.0,0.008,0,1.0
237,6,1.0,0.0,0.3693071134168598,1.0,0.008,0,1.0
239,6,1.0,0.0,0.32347694137429,1.0,0.008,0,1.0
240,6,1.0,0.2667,0.35987450530071563,1.0,0.008,0,1.0
241,6,1.0,0.0,0.4049414107445154,1.0,0.008,0,1.0
242,6,1.0,0.0,0.4486640556113766,1.0,0.008,0,1.0
247,6,1.0,0.0,0.31209629462546395,1.0,0.008,0,1.0
251,6,1.0,0.303,0.37759482163484875,1.0,0.008,0,1.0
252,6,1.0,0.0,0.3608997887916009,1.0,0.008,0,1.0
258,6,1.0,0.5217,0.42733815900096384,1.0,0.008,0,1.0
260,6,1.0,0.3889,0.39863022125617736,1.0,0.008,0,1.0
261,6,1.0,0.1667,0.3133266348145263,1.0,0.008,0,1.0
1,7,1.0,0.0,0.35737281358295575,1.0,0.002,0,0.3333
3,7,1.0,0.0,0.3273730186396539,1.0,0.002,1,1.0
6,7,1.0,0.3333,0.4179055508848197,1.0,0.002,0,1.0
13,7,1.0,0.0,0.4316443496626818,1.0,0.002,0,1.0
23,7,1.0,0.0,0.42733815900096384,1.0,0.002,0,1.0
28,7,1.0,0.0,0.4706051223163205,1.0,0.002,0,1.0
30,7,1.0,0.0,0.42241679824471473,1.0,0.002,0,1.0
31,7,0.9523999999999999,0.5357,0.41428630016199475,1.0,0.002,1,0.5714
37,7,1.0,0.0,0.24504275432156994,1.0,0.002,1,1.0
38,7,1.0,0.0,0.4528164537494618,1.0,0.002,0,1.0
41,7,0.0635,0.9444,0.36182254393339763,1.0,0.002,1,0.7659
42,7,1.0,0.0,0.3563885414317059,1.0,0.002,0,1.0
44,7,1.0,0.0,0.4100621321795477,1.0,0.002,0,0.5
56,7,1.0,0.0,0.31906822236348353,1.0,0.002,0,1.0
57,7,1.0,0.0,0.3637705825660796,1.0,0.002,0,1.0
60,7,1.0,0.0,0.34736604671191584,1.0,0.002,0,1.0
62,7,1.0,0.14,0.37827102050859923,1.0,0.002,0,0.8
64,7,1.0,0.0,0.36625586974798535,1.0,0.002,0,0.52
70,7,1.0,0.8571,0.4884450550577235,1.0,0.002,0,1.0
73,7,1.0,0.1,0.37566387106034826,1.0,0.002,0,1.0
75,7,1.0,0.25,0.32901347222507027,1.0,0.002,0,1.0
77,7,1.0,0.375,0.41852072097935084,1.0,0.002,1,1.0
108,7,1.0,0.3333,0.4084729427686756,1.0,0.002,0,1.0
110,7,1.0,0.0,0.42098140135747536,1.0,0.002,1,1.0
112,7,1.0,0.1333,0.568314638997683,1.0,0.002,0,1.0
118,7,1.0,0.0,0.6592572846392027,1.0,0.002,0,1.0
121,7,1.0,0.5455,0.38745463120552837,1.0,0.002,0,1.0
122,7,1.0,1.0,0.41708532409211146,1.0,0.002,1,1.0
123,7,1.0,0.0,0.3732031906822237,1.0,0.002,0,1.0
126,7,1.0,0.0,0.29056534131687417,1.0,0.002,0,1.0
130,7,1.0,0.0,0.2663686509319827,1.0,0.002,0,1.0
132,7,1.0,0.0,0.9420304714253492,1.0,0.002,1,1.0
134,7,1.0,0.0,0.4425123546660652,1.0,0.002,0,1.0
136,7,1.0,0.0,0.3518772940718109,1.0,0.002,1,1.0
137,7,1.0,0.75,0.5310968482785491,1.0,0.002,0,1.0
139,7,1.0,0.0,0.43472020013533746,1.0,0.002,0,1.0
140,7,1.0,0.6667,0.3160949002399164,1.0,0.002,0,1.0
143,7,1.0,0.0,0.3049193101892674,1.0,0.002,0,1.0
152,7,0.5,0.625,0.47511636967621557,1.0,0.002,1,1.0
154,7,1.0,0.0,0.7205692373941395,1.0,0.002,1,1.0
155,7,1.0,0.1667,0.49859536161748724,1.0,0.002,0,1.0
156,7,1.0,0.0,0.3010232329239035,1.0,0.002,0,1.0
158,7,1.0,0.6667,0.40068078823794784,1.0,0.002,0,1.0
168,7,1.0,0.7,0.47614165316710066,1.0,0.002,1,1.0
171,7,1.0,0.3,0.44487050669510125,1.0,0.002,0,1.0
182,7,1.0,0.0,0.32439969651608674,1.0,0.002,1,1.0
184,7,1.0,0.0,0.4267229889064327,1.0,0.002,0,1.0
188,7,1.0,0.0,0.4213915147538295,1.0,0.002,0,1.0
193,7,1.0,0.1667,0.3800213258966105,1.0,0.002,1,1.0
194,7,1.0,0.5556,0.37586892775852526,1.0,0.002,0,1.0
195,7,1.0,1.0,0.3412143457666045,1.0,0.002,1,1.0
196,7,1.0,0.0,0.3455205364283225,1.0,0.002,0,1.0
198,7,1.0,0.0,0.3381384952939488,1.0,0.002,0,1.0
230,7,1.0,0.0,0.3371132118030636,1.0,0.002,0,1.0
237,7,1.0,0.0,0.4734759160907992,1.0,0.002,0,1.0
238,7,1.0,0.0,0.33075645415957516,1.0,0.002,0,1.0
239,7,1.0,0.1667,0.39275192924176866,1.0,0.002,0,1.0
240,7,1.0,0.0,0.3697172268132139,1.0,0.002,0,1.0
241,7,1.0,0.0,0.3558417235699004,1.0,0.002,0,1.0
250,7,1.0,0.8,0.40878052781594115,1.0,0.002,0,1.0
251,7,1.0,0.9167,0.4131892468267477,1.0,0.002,0,1.0
252,7,1.0,0.3889,0.5176998106643154,1.0,0.002,0,1.0
258,7,1.0,0.0,0.41964853281932457,1.0,0.002,0,1.0
259,7,1.0,0.0,0.34326491274837495,1.0,0.002,0,1.0
261,7,1.0,0.6842,0.43123423626632773,1.0,0.002,0,1.0
262,7,1.0,0.75,0.40755018762687883,1.0,0.002,1,0.6667
263,7,1.0,0.0,0.48526667623597924,1.0,0.002,0,1.0
271,7,1.0,0.0,0.48577931798142193,1.0,0.002,0,1.0
272,7,1.0,0.0,0.2940513051858839,1.0,0.002,0,1.0
282,7,1.0,0.0,0.27908216621895954,1.0,0.002,0,1.0
283,7,1.0,0.2667,0.4196827089356874,1.0,0.002,0,1.0
1,8,1.0,0.0,0.4061352964094573,1.0,0.0052,0,0.4386
6,8,1.0,0.3571,0.7854696823671745,1.0,0.0052,0,1.0
26,8,1.0,0.6923,0.42180162815018357,1.0,0.0052,0,1.0
27,8,0.0263,0.9474,0.3014333463202576,1.0,0.0052,1,0.45395
28,8,0.75,0.5,0.6512088092357537,1.0,0.0052,0,1.0
30,8,1.0,0.1,0.6270926768394319,1.0,0.0052,0,1.0
36,8,1.0,0.8333,1.1040252629852156,1.0,0.0052,0,1.0
38,8,1.0,0.0,0.40970328295773784,1.0,0.0052,0,1.0
42,8,1.0,0.6667,0.3830459121947219,1.0,0.0052,0,1.0
56,8,1.0,0.0,0.851010929522013,1.0,0.0052,0,1.0
59,8,1.0,0.0,0.3571062398753256,1.0,0.0052,1,1.0
60,8,1.0,0.0,0.6604876248282651,1.0,0.0052,0,0.3333
67,8,1.0,0.0,0.756146574527857,1.0,0.0052,0,1.0
70,8,1.0,0.0,0.5162302376607133,1.0,0.0052,0,1.0
73,8,1.0,0.2667,0.4213915147538295,1.0,0.0052,0,1.0
75,8,1.0,0.75,0.3110710111345787,1.0,0.0052,0,1.0
87,8,1.0,0.0,0.5392991162056309,1.0,0.0052,0,1.0
110,8,1.0,0.0,0.37392088912584337,1.0,0.0052,1,1.0
111,8,1.0,0.0,0.581848381077368,1.0,0.0052,0,1.0
112,8,1.0,0.0,0.35987450530071563,1.0,0.0052,0,1.0
121,8,1.0,0.0,0.4555334550003077,1.0,0.0052,0,1.0
122,8,1.0,1.0,0.4574302294584453,1.0,0.0052,1,1.0
123,8,1.0,0.0,0.49644226628662824,1.0,0.0052,0,1.0
130,8,1.0,0.0,0.36438575266061074,1.0,0.0052,0,1.0
132,8,1.0,0.0,0.6617863172500531,1.0,0.0052,1,1.0
134,8,1.0,0.0,0.35474808784628953,1.0,0.0052,0,1.0
139,8,1.0,0.875,0.36418069596243363,1.0,0.0052,0,1.0
140,8,1.0,0.0,0.42236553407017047,1.0,0.0052,0,1.0
143,8,1.0,0.3333,0.5032547054816212,1.0,0.0052,0,1.0
152,8,0.5,0.0556,0.42877355588820315,1.0,0.0052,1,1.0
154,8,1.0,0.0,0.4685545553345501,1.0,0.0052,1,1.0
155,8,1.0,0.0,0.6854020136567762,1.0,0.0052,0,1.0
164,8,1.0,0.0,0.32439969651608674,1.0,0.0052,0,1.0
168,8,1.0,0.7143,0.3626867114471437,1.0,0.0052,1,0.875
184,8,1.0,0.0833,0.44189718457153404,1.0,0.0052,0,1.0
188,8,1.0,0.1,0.517358049500687,1.0,0.0052,0,1.0
195,8,1.0,1.0,0.3009548806911779,1.0,0.0052,1,1.0
198,8,1.0,0.0,0.4024237701724527,1.0,0.0052,0,1.0
230,8,1.0,0.6667,0.27416080546271043,1.0,0.0052,0,1.0
238,8,1.0,0.0,0.361514958886132,1.0,0.0052,0,1.0
239,8,1.0,0.332,0.5327665956779908,1.0,0.0052,0,1.0
240,8,1.0,0.0,0.3453154797301454,1.0,0.0052,0,1.0
241,8,1.0,0.0,0.5653413168741158,1.0,0.0052,0,1.0
242,8,1.0,0.0,0.5872823835790596,1.0,0.0052,0,1.0
250,8,1.0,0.3,0.5829761929173417,1.0,0.0052,0,1.0
251,8,1.0,0.2083,0.6416596916320091,1.0,0.0052,0,0.6667
252,8,1.0,0.0,0.3820206287038367,1.0,0.0052,0,1.0
258,8,1.0,0.6818,0.4213915147538295,1.0,0.0052,0,1.0
259,8,1.0,0.0,0.32091373264707695,1.0,0.0052,0,1.0
261,8,1.0,0.3361,0.3859508820855634,1.0,0.0052,0,1.0
262,8,1.0,1.0,0.7084708922016938,1.0,0.0052,1,1.0
271,8,1.0,0.0,0.683727383954997,1.0,0.0052,0,1.0
1,9,1.0,0.0,0.36341173334426974,1.0,0.0024,0,0.6
3,9,1.0,0.2222,0.38644985338446086,1.0,0.0024,1,1.0
6,9,1.0,0.2521,0.46398738342060675,1.0,0.0024,0,0.5059
29,9,1.0,0.0,0.9783938592354121,1.0,0.0024,0,1.0
30,9,1.0,0.25,0.3719728504931614,1.0,0.0024,0,1.0
36,9,1.0,0.0,0.42098140135747547,1.0,0.0024,0,0.5
38,9,1.0,0.0,0.30614965037832964,1.0,0.0024,0,1.0
42,9,1.0,0.0,0.26062706338302544,1.0,0.0024,0,1.0
44,9,1.0,0.0,0.7818811901490763,1.0,0.0024,0,0.5
46,9,1.0,0.0,0.3786713693002782,1.0,0.0024,0,1.0
48,9,1.0,1.0,0.37593727999125093,1.0,0.0024,1,0.8333
57,9,1.0,0.0,0.6601595341111819,1.0,0.0024,0,1.0
62,9,1.0,0.0,0.4453575163532717,1.0,0.0024,0,0.25
67,9,1.0,0.0,0.39822010785982326,1.0,0.0024,0,1.0
75,9,1.0,0.25,0.5616689378249451,1.0,0.0024,0,0.5
78,9,1.0,0.0,0.4611725142001764,1.0,0.0024,0,0.6667
79,9,1.0,0.0,0.48762482826501535,1.0,0.0024,0,0.6667
80,9,1.0,0.1667,0.2913855681095823,1.0,0.0024,0,1.0
84,9,1.0,0.6667,0.7184307889702932,1.0,0.0024,1,0.4286
108,9,1.0,0.0,0.3570720637589627,1.0,0.0024,0,0.6667
110,9,1.0,0.0,0.5138720856316772,1.0,0.0024,1,1.0
111,9,1.0,0.0,0.41216396333586236,1.0,0.0024,0,1.0
112,9,1.0,0.3421,0.4839769775290237,1.0,0.0024,0,0.3158
118,9,1.0,0.0,0.5181782762933952,1.0,0.0024,0,1.0
121,9,1.0,0.1071,0.43337268469017404,1.0,0.0024,0,1.0
122,9,1.0,1.0,0.3004080628293724,1.0,0.0024,1,1.0
123,9,1.0,0.0,0.4996548212247353,1.0,0.0024,0,0.3333
130,9,1.0,0.0,1.1679004244673654,1.0,0.0024,0,1.0
132,9,1.0,0.0,0.3305513974613981,1.0,0.0024,1,1.0
134,9,1.0,0.0,0.4763467098652778,1.0,0.0024,0,0.4
140,9,1.0,0.0,0.2688293313101073,1.0,0.0024,0,1.0
141,9,1.0,0.0,0.33752332519941763,1.0,0.0024,0,1.0
143,9,1.0,0.0,0.3367030984067095,1.0,0.0024,0,1.0
152,9,0.052649999999999995,0.3947,0.4222117415465377,1.0,0.0024,1,1.0
154,9,1.0,0.0,0.4855742612832448,1.0,0.0024,1,1.0
155,9,1.0,0.8,0.4109336231468001,1.0,0.0024,0,1.0
161,9,1.0,0.0,0.31066089773822464,1.0,0.0024,1,1.0
162,9,1.0,0.5,0.45173990608403225,1.0,0.0024,0,1.0
165,9,1.0,0.0,0.34353832167927767,1.0,0.0024,0,1.0
168,9,1.0,0.75,0.3531930745517803,1.0,0.0024,1,1.0
184,9,1.0,0.0,0.5787930362745299,1.0,0.0024,0,1.0
188,9,1.0,0.0,0.4656837615600714,1.0,0.0024,0,0.6667
195,9,1.0,1.0,0.9625361412430538,1.0,0.0024,1,1.0
196,9,1.0,0.0,0.6604876248282651,1.0,0.0024,0,1.0
198,9,1.0,0.0,0.5877335083150492,1.0,0.0024,0,1.0
239,9,1.0,0.7273,0.33615628054490404,1.0,0.0024,0,1.0
240,9,1.0,0.0952,0.4323620481063014,1.0,0.0024,0,1.0
241,9,1.0,0.0,0.3867369327619087,1.0,0.0024,0,1.0
250,9,1.0,0.3556,0.5350515131719635,1.0,0.0024,0,1.0
251,9,1.0,0.0833,0.5141027744171265,1.0,0.0024,0,1.0
252,9,1.0,0.75,0.5731334714048435,1.0,0.0024,0,1.0
258,9,1.0,0.0,0.4523550761785634,1.0,0.0024,0,1.0
259,9,1.0,0.0,0.4745011995816844,1.0,0.0024,0,1.0
260,9,1.0,0.0,0.4407488670617426,1.0,0.0024,0,1.0
261,9,1.0,0.0,0.5960656454843097,1.0,0.0024,0,0.8125
262,9,1.0,1.0,0.7225825213398778,1.0,0.0024,1,1.0
263,9,1.0,0.0,3.0658026944450145,1.0,0.0024,0,1.0
269,9,1.0,0.0714,0.4597029411965742,1.0,0.0024,0,1.0
270,9,1.0,0.0,0.4139069452703673,1.0,0.0024,0,1.0
271,9,1.0,0.1333,0.5360865612675239,1.0,0.0024,0,1.0
272,9,1.0,0.2667,0.5181099240606695,1.0,0.0024,0,1.0
1,10,1.0,0.0,0.34675087661738474,1.0,0.0048,0,1.0
6,10,1.0,0.0,0.5703993820958162,1.0,0.0048,0,1.0
12,10,0.25,0.75,0.3792865393948094,1.0,0.0048,1,0.4167
26,10,1.0,0.0,0.338958722086657,1.0,0.0048,0,1.0
31,10,1.0,1.0,0.34080423237025037,1.0,0.0048,1,1.0
36,10,1.0,0.0,0.30717493386921485,1.0,0.0048,0,0.6
37,10,1.0,0.0,0.3617200155843091,1.0,0.0048,1,1.0
38,10,1.0,0.0,0.5033629298501037,1.0,0.0048,0,0.25
42,10,1.0,0.0,0.3305513974613981,1.0,0.0048,0,1.0
44,10,1.0,0.0,0.263292800459327,1.0,0.0048,0,1.0
48,10,1.0,1.0,0.4442040724260258,1.0,0.0048,1,1.0
51,10,1.0,0.0,0.28174790329526117,1.0,0.0048,0,1.0
57,10,0.9666499999999999,0.0667,0.45360118995979315,1.0,0.0048,0,0.425
59,10,1.0,1.0,0.32952611397051285,1.0,0.0048,1,1.0
64,10,1.0,0.0,0.43108044374269494,1.0,0.0048,0,1.0
67,10,1.0,0.0,0.40293641191789537,1.0,0.0048,0,1.0
73,10,1.0,0.0,0.30655976377468375,1.0,0.0048,0,1.0
75,10,1.0,0.0,0.38755715955461684,1.0,0.0048,0,1.0
79,10,1.0,0.0,0.41216396333586236,1.0,0.0048,0,0.8
80,10,1.0,0.25,0.4486640556113766,1.0,0.0048,0,1.0
84,10,1.0,1.0,0.3305513974613981,1.0,0.0048,1,1.0
87,10,1.0,0.0,0.3309615108577522,1.0,0.0048,0,1.0
88,10,1.0,0.0,0.41482970041216405,1.0,0.0048,1,1.0
94,10,1.0,0.0,0.4933664158139726,1.0,0.0048,0,1.0
95,10,1.0,1.0,0.3949392006889905,1.0,0.0048,1,0.5
108,10,1.0,0.0,0.37894477823118095,1.0,0.0048,0,0.6
110,10,1.0,0.0,0.40170607172883305,1.0,0.0048,1,1.0
111,10,1.0,0.1714,0.38678819693645294,1.0,0.0048,0,1.0
114,10,1.0,0.0,0.41852072097935084,1.0,0.0048,0,1.0
118,10,1.0,0.0,0.4765517665634548,1.0,0.0048,0,1.0
121,10,1.0,0.0952,0.3391125146102898,1.0,0.0048,0,1.0
122,10,1.0,1.0,0.34326491274837495,1.0,0.0048,1,1.0
123,10,1.0,0.0,0.3543379744499354,1.0,0.0048,0,1.0
130,10,1.0,0.0,0.44312752476059636,1.0,0.0048,0,1.0
132,10,1.0,0.0,0.29282096499682164,1.0,0.0048,1,1.0
139,10,1.0,0.8,0.3246047532142638,1.0,0.0048,0,1.0
140,10,1.0,0.0,0.5066951011954806,1.0,0.0048,0,1.0
143,10,1.0,0.0,0.3912481801218037,1.0,0.0048,0,1.0
152,10,0.06665,0.8667,0.3042016117456477,1.0,0.0048,1,0.91665
154,10,1.0,0.0,0.4464084319314291,1.0,0.0048,1,1.0
155,10,1.0,0.0,0.27744171263354317,1.0,0.0048,0,1.0
162,10,1.0,0.0,0.3732031906822237,1.0,0.0048,0,1.0
164,10,1.0,0.0,0.4131892468267477,1.0,0.0048,0,1.0
168,10,1.0,0.75,0.4173131648678638,1.0,0.0048,1,1.0
182,10,1.0,0.0,0.3393688354830111,1.0,0.0048,1,1.0
184,10,1.0,0.0,0.35584172356990046,1.0,0.0048,0,1.0
188,10,1.0,0.0,0.42098140135747536,1.0,0.0048,0,1.0
195,10,1.0,1.0,0.45850677712387483,1.0,0.0048,1,1.0
196,10,1.0,0.0,0.37084503865318763,1.0,0.0048,0,1.0
198,10,1.0,0.0,0.44620337523325204,1.0,0.0048,0,1.0
228,10,1.0,0.0,0.3360879283121784,1.0,0.0048,1,1.0
238,10,1.0,0.0,0.35741382492259116,1.0,0.0048,0,1.0
239,10,1.0,0.25,0.40021941066704947,1.0,0.0048,0,1.0
240,10,1.0,0.0,0.42241679824471473,1.0,0.0048,0,1.0
241,10,1.0,0.0,0.432669633153567,1.0,0.0048,0,1.0
247,10,1.0,0.8,0.3207086759488999,1.0,0.0048,0,1.0
250,10,1.0,0.5714,0.5304816781840179,1.0,0.0048,0,1.0
251,10,1.0,0.2182,0.3583707561807507,1.0,0.0048,0,1.0
252,10,1.0,0.8333,0.3711526237004532,1.0,0.0048,0,1.0
258,10,1.0,0.0,0.42621034716099004,1.0,0.0048,0,1.0
261,10,1.0,0.4848,0.3698402608321201,1.0,0.0048,0,1.0
262,10,1.0,1.0,0.5945618963643448,1.0,0.0048,1,1.0
270,10,1.0,0.125,0.2649332540447434,1.0,0.0048,0,1.0
271,10,1.0,0.3333,0.37718129062685835,1.0,0.0048,0,1.0
273,10,1.0,0.0,0.3809953452129514,1.0,0.0048,0,1.0
283,10,1.0,0.0,0.4359505403243997,1.0,0.0048,0,1.0
1,11,1.0,0.0,0.44087190108064883,1.0,0.0044,0,0.8
3,11,1.0,0.1667,0.47333921162534776,1.0,0.0044,1,1.0
21,11,1.0,0.0,0.3849939508274038,1.0,0.0044,0,1.0
24,11,1.0,0.0,0.27846699612442843,1.0,0.0044,1,1.0
29,11,1.0,0.0,0.35679865482806,1.0,0.0044,0,1.0
30,11,1.0,0.3111,0.544787398421546,1.0,0.0044,0,1.0
36,11,1.0,0.3,0.3182479955707754,1.0,0.0044,0,1.0
38,11,1.0,0.0,0.3644882810096992,1.0,0.0044,0,1.0
42,11,1.0,0.0,0.6682797793589927,1.0,0.0044,0,1.0
44,11,1.0,0.0,0.3788764259984552,1.0,0.0044,0,1.0
46,11,1.0,0.0,0.3885824430455021,1.0,0.0044,0,1.0
48,11,1.0,1.0,0.4502019808477044,1.0,0.0044,1,1.0
51,11,1.0,0.0,0.37402341747493184,1.0,0.0044,0,1.0
56,11,1.0,0.0,0.2778518260298973,1.0,0.0044,0,1.0
63,11,1.0,0.3,0.4008858449361249,1.0,0.0044,1,1.0
70,11,1.0,0.0,0.3332171345376997,1.0,0.0044,0,1.0
72,11,0.5,0.5,0.44230729796788815,1.0,0.0044,1,0.5
75,11,1.0,0.8333,0.330141284065044,1.0,0.0044,0,1.0
79,11,1.0,0.0,0.4025673098611766,1.0,0.0044,0,1.0
80,11,1.0,0.0,0.4933664158139726,1.0,0.0044,0,1.0
95,11,1.0,1.0,0.4572764369348125,1.0,0.0044,1,0.5
108,11,1.0,0.0,0.3686919433223287,1.0,0.0044,0,1.0
110,11,1.0,0.0,0.3484596824355268,1.0,0.0044,1,1.0
111,11,1.0,0.0,1.0128775606455187,1.0,0.0044,0,1.0
118,11,1.0,0.0,0.5978428035351775,1.0,0.0044,0,1.0
121,11,1.0,0.0,0.3340373613304079,1.0,0.0044,0,1.0
122,11,1.0,1.0,0.6622647828791328,1.0,0.0044,1,1.0
123,11,1.0,0.0,0.628908893309,1.0,0.0044,0,1.0
129,11,1.0,0.3,0.4981852482211332,1.0,0.0044,1,1.0
130,11,1.0,0.0,0.34859638690097816,1.0,0.0044,0,1.0
132,11,1.0,0.0,0.3839686673365186,1.0,0.0044,1,1.0
134,11,1.0,0.0,0.3270654335923883,1.0,0.0044,0,1.0
139,11,1.0,0.1,0.5781060963356369,1.0,0.0044,0,1.0
140,11,1.0,0.0,0.4064223757869051,1.0,0.0044,0,1.0
141,11,1.0,0.0,0.4377960506079931,1.0,0.0044,0,1.0
143,11,1.0,0.0,0.7247728997067691,1.0,0.0044,0,1.0
154,11,1.0,0.0,0.30266368650931985,1.0,0.0044,1,1.0
155,11,1.0,0.0714,0.5754118791623662,1.0,0.0044,0,1.0
161,11,1.0,0.0,0.38776221625279395,1.0,0.0044,1,1.0
162,11,1.0,0.6,0.38263579879836784,1.0,0.0044,0,1.0
165,11,1.0,0.2667,0.30683317270558647,1.0,0.0044,0,1.0
168,11,1.0,0.4167,0.6403920684069146,1.0,0.0044,1,1.0
181,11,1.0,0.0,0.419340947772059,1.0,0.0044,0,1.0
188,11,1.0,0.0,0.4575840219820781,1.0,0.0044,0,1.0
192,11,1.0,0.0,0.5120265753480837,1.0,0.0044,0,1.0
194,11,1.0,0.0,0.36007956199889274,1.0,0.0044,0,1.0
195,11,1.0,1.0,0.4375909939098161,1.0,0.0044,1,1.0
196,11,1.0,0.0,0.40908811286320673,1.0,0.0044,0,1.0
198,11,1.0,0.0,0.3666413763405582,1.0,0.0044,0,1.0
230,11,1.0,0.0,0.3861217626673776,1.0,0.0044,0,1.0
237,11,1.0,0.0,0.3998605614452396,1.0,0.0044,0,1.0
238,11,1.0,0.1,0.3837123464637973,1.0,0.0044,0,1.0
239,11,1.0,0.1,0.42733815900096384,1.0,0.0044,0,1.0
240,11,1.0,0.8,0.4146246437139869,1.0,0.0044,0,1.0
241,11,1.0,0.0,0.4068324891832592,1.0,0.0044,0,1.0
248,11,1.0,0.8333,0.3340373613304079,1.0,0.0044,1,1.0
249,11,0.75,0.1591,0.3302096362977697,1.0,0.0044,1,1.0
250,11,1.0,0.3111,0.40412574076732216,1.0,0.0044,0,1.0
251,11,1.0,0.1944,0.45455477530446264,1.0,0.0044,0,1.0
252,11,1.0,0.75,0.32501486661061785,1.0,0.0044,0,1.0
258,11,1.0,0.0,0.44148707117518,1.0,0.0044,0,1.0
259,11,1.0,0.25,0.33685689093034227,1.0,0.0044,0,1.0
260,11,1.0,0.0,0.37069124612955484,1.0,0.0044,0,1.0
261,11,1.0,0.2571,0.7503024586298112,1.0,0.0044,0,1.0
269,11,1.0,0.6,0.48762482826501535,1.0,0.0044,0,1.0
270,11,1.0,0.1667,0.36505218692968605,1.0,0.0044,0,1.0
271,11,1.0,0.2667,0.4010225494015763,1.0,0.0044,0,1.0
272,11,1.0,0.1667,0.6686898927553468,1.0,0.0044,0,1.0
1,12,1.0,0.0,0.2976397974039822,1.0,0.0004,0,1.0
3,12,1.0,0.1667,0.5395554370783522,1.0,0.0004,1,1.0
6,12,1.0,0.15,0.3637449504788074,1.0,0.0004,0,1.0
21,12,1.0,0.0,0.396989767670761,1.0,0.0004,0,1.0
25,12,1.0,0.2667,0.40621731908872805,1.0,0.0004,0,1.0
26,12,1.0,0.0,0.35126212397727974,1.0,0.0004,0,0.5
28,12,1.0,0.0,0.3652840962907196,1.0,0.0004,0,1.0
30,12,1.0,0.2778,0.3942034090072964,1.0,0.0004,0,1.0
36,12,1.0,0.0,1.162158836918408,1.0,0.0004,0,1.0
38,12,1.0,0.0,0.3492115569955093,1.0,0.0004,0,1.0
42,12,1.0,0.0,0.43123423626632773,1.0,0.0004,0,1.0
44,12,1.0,0.0,0.3805852318165973,1.0,0.0004,0,1.0
48,12,1.0,0.75,0.3823282137511022,1.0,0.0004,1,1.0
50,12,1.0,0.0,0.4777308425779729,1.0,0.0004,0,0.5
51,12,1.0,0.0,0.3770992679475875,1.0,0.0004,0,1.0
57,12,1.0,0.35,0.36988127217175554,1.0,0.0004,0,1.0
60,12,1.0,0.1333,0.4015420263702914,1.0,0.0004,0,0.6
64,12,1.0,0.0,0.31958086410892617,1.0,0.0004,0,1.0
67,12,1.0,0.0,1.097668505341727,1.0,0.0004,0,1.0
73,12,1.0,0.5833,0.34675087661738474,1.0,0.0004,0,1.0
75,12,1.0,0.1905,0.4432642292260477,1.0,0.0004,0,1.0
76,12,1.0,0.1667,0.3917949979836092,1.0,0.0004,0,1.0
78,12,1.0,0.0,0.3309615108577522,1.0,0.0004,0,1.0
79,12,1.0,0.25,0.4667090450509567,1.0,0.0004,0,1.0
80,12,1.0,0.0,0.657719359402875,1.0,0.0004,0,1.0
84,12,1.0,0.0,0.3244680487488124,1.0,0.0004,1,1.0
94,12,1.0,0.0,0.5192035597842805,1.0,0.0004,0,1.0
105,12,1.0,0.0,0.46134339478199055,1.0,0.0004,0,1.0
110,12,1.0,0.0,0.4337974449935407,1.0,0.0004,1,1.0
111,12,1.0,0.0,1.2153710500953514,1.0,0.0004,0,1.0
114,12,1.0,0.0,0.43738593721163904,1.0,0.0004,0,1.0
118,12,1.0,0.0,0.3453154797301454,1.0,0.0004,0,1.0
121,12,1.0,0.375,0.39022289663091847,1.0,0.0004,0,1.0
122,12,1.0,1.0,0.4503045091967929,1.0,0.0004,1,1.0
123,12,1.0,0.0,0.3133266348145263,1.0,0.0004,0,1.0
124,12,1.0,0.0,0.35208235076998795,1.0,0.0004,0,1.0
127,12,1.0,0.0,0.32439969651608674,1.0,0.0004,1,1.0
130,12,1.0,0.0,0.3498267270900404,1.0,0.0004,0,1.0
132,12,1.0,0.0,0.2885147743351037,1.0,0.0004,1,1.0
134,12,1.0,0.0,0.3172227120798901,1.0,0.0004,0,1.0
139,12,1.0,0.1,0.42728689482641957,1.0,0.0004,0,1.0
143,12,1.0,0.3333,0.27405827711362196,1.0,0.0004,0,1.0
148,12,1.0,0.0,0.4079944771395958,1.0,0.0004,1,1.0
153,12,1.0,0.0,0.4708101790144975,1.0,0.0004,0,1.0
154,12,1.0,0.0,0.3416244591629586,1.0,0.0004,1,1.0
155,12,1.0,0.0,0.45932700391658304,1.0,0.0004,0,1.0
162,12,1.0,0.0,0.32583509340332606,1.0,0.0004,0,1.0
163,12,1.0,0.0833,0.46855455533455,1.0,0.0004,0,1.0
164,12,1.0,0.1667,0.39958715251433696,1.0,0.0004,0,1.0
165,12,1.0,0.8333,0.4734759160907992,1.0,0.0004,0,1.0
184,12,1.0,0.3,0.4957245678430086,1.0,0.0004,0,1.0
188,12,1.0,0.0,1.2742223224721638,1.0,0.0004,0,1.0
194,12,1.0,0.0,0.597740275186089,1.0,0.0004,0,1.0
195,12,1.0,1.0,0.38140545860930547,1.0,0.0004,1,1.0
196,12,1.0,0.0,0.34634076322103063,1.0,0.0004,0,1.0
198,12,1.0,0.625,0.3962378931107785,1.0,0.0004,0,1.0
215,12,1.0,0.1667,0.4747062562798614,1.0,0.0004,0,1.0
216,12,1.0,0.0,0.4024237701724527,1.0,0.0004,0,1.0
226,12,1.0,0.0,0.4144195870158099,1.0,0.0004,1,1.0
227,12,1.0,0.1071,0.4094469620850165,1.0,0.0004,0,1.0
228,12,0.1,0.15,0.31209629462546395,1.0,0.0004,1,1.0
237,12,1.0,0.0,0.4427174113642422,1.0,0.0004,0,0.375
238,12,1.0,0.0865,0.47885865441794667,1.0,0.0004,0,0.8125
239,12,1.0,0.25,0.386606442135796,1.0,0.0004,0,1.0
240,12,1.0,0.1905,0.3548164400790152,1.0,0.0004,0,1.0
241,12,1.0,0.0,0.8889207865974943,1.0,0.0004,0,1.0
248,12,1.0,0.4286,0.29774232575307075,1.0,0.0004,1,1.0
250,12,1.0,0.0764,0.4089568765763734,1.0,0.0004,0,1.0
251,12,1.0,0.0,0.3736133040785778,1.0,0.0004,0,1.0
258,12,1.0,0.8333,0.29015522792052006,1.0,0.0004,0,1.0
259,12,1.0,0.375,0.4945967560030349,1.0,0.0004,0,1.0
260,12,1.0,0.2083,0.3621984812133888,1.0,0.0004,0,1.0
261,12,1.0,0.2571,0.3746228139772955,1.0,0.0004,0,1.0
269,12,1.0,0.25,0.34264974265384385,1.0,0.0004,0,1.0
270,12,1.0,0.0667,0.3562347489080731,1.0,0.0004,0,1.0
271,12,1.0,0.1333,0.38212315705292516,1.0,0.0004,0,1.0
272,12,1.0,0.1667,0.30806351289464873,1.0,0.0004,0,1.0
1,13,1.0,0.0,0.4302089527754424,1.0,0.0072,0,1.0
2,13,1.0,0.0,0.38950519818729884,1.0,0.0072,1,1.0
3,13,1.0,0.0,0.3882235938236923,1.0,0.0072,1,1.0
4,13,1.0,0.0,0.3961766117986796,1.0,0.0072,1,0.4483
6,13,1.0,0.1709,0.4104551575177204,1.0,0.0072,0,1.0
8,13,1.0,0.0,0.3669489613878238,1.0,0.0072,0,0.1667
14,13,1.0,0.25,0.2996903643857527,1.0,0.0072,0,1.0
21,13,1.0,0.0,0.349785715750405,1.0,0.0072,0,1.0
22,13,1.0,0.0,0.35679865482806,1.0,0.0072,1,1.0
30,13,1.0,0.125,0.406986281706892,1.0,0.0072,0,1.0
31,13,1.0,1.0,0.5055672893555069,1.0,0.0072,1,0.25
36,13,1.0,0.0,0.37504870096581705,1.0,0.0072,0,1.0
38,13,1.0,0.0,0.30047641506209805,1.0,0.0072,0,1.0
42,13,1.0,0.0,0.3984837521860509,1.0,0.0072,0,0.4286
44,13,1.0,0.0,0.3160949002399164,1.0,0.0072,0,1.0
45,13,1.0,0.0,0.3846863657801382,1.0,0.0072,0,1.0
67,13,1.0,0.0,0.539709229601985,1.0,0.0072,0,1.0
69,13,1.0,0.0,0.45840424877478625,1.0,0.0072,0,1.0
73,13,1.0,0.0,0.5729284147066664,1.0,0.0072,0,0.125
75,13,1.0,0.0667,0.7082248241638814,1.0,0.0072,0,0.8333
77,13,1.0,0.7778,0.3901716324563742,1.0,0.0072,1,1.0
84,13,1.0,0.0,0.27395574876453344,1.0,0.0072,1,1.0
90,13,1.0,0.0,0.40211618512518715,1.0,0.0072,0,1.0
92,13,1.0,0.1952,0.41439974281921216,1.0,0.0072,0,0.6452
108,13,1.0,0.35,0.37201386183279683,1.0,0.0072,0,1.0
110,13,1.0,0.0,0.3697172268132139,1.0,0.0072,1,1.0
111,13,1.0,0.4167,0.38947102207093603,1.0,0.0072,0,1.0
118,13,1.0,0.25,0.3457255931264995,1.0,0.0072,0,1.0
121,13,1.0,0.0,0.4818695702695128,1.0,0.0072,0,0.1765
122,13,1.0,1.0,0.3734082473804007,1.0,0.0072,1,1.0
123,13,1.0,0.0,0.5007484569483462,1.0,0.0072,0,1.0
124,13,1.0,0.0,0.42313449668833436,1.0,0.0072,0,1.0
129,13,1.0,0.0,0.3262452067996801,1.0,0.0072,1,1.0
130,13,1.0,0.0,0.30779010396374595,1.0,0.0072,0,1.0
132,13,1.0,0.0,0.40662743248508215,1.0,0.0072,1,1.0
133,13,1.0,0.75,0.3739687356887513,1.0,0.0072,1,0.5333
134,13,1.0,0.0606,0.45506963627824043,1.0,0.0072,0,1.0
141,13,1.0,0.0784,0.45091967929132404,1.0,0.0072,0,1.0
143,13,1.0,0.0,0.4658888182582484,1.0,0.0072,0,1.0
147,13,1.0,0.1667,0.405807205692374,1.0,0.0072,0,1.0
154,13,1.0,0.0,0.6980130005946644,1.0,0.0072,1,1.0
155,13,1.0,0.0,0.5151024258207395,1.0,0.0072,0,1.0
160,13,1.0,0.0,0.42597111434645013,1.0,0.0072,0,1.0
162,13,1.0,0.0,0.47286074599626804,1.0,0.0072,0,1.0
165,13,1.0,0.0,0.4909057354358481,1.0,0.0072,0,1.0
171,13,1.0,0.0,0.44128201447700294,1.0,0.0072,0,1.0
172,13,1.0,0.75,0.46445342137100915,1.0,0.0072,0,1.0
179,13,1.0,0.3,0.3921196710890561,1.0,0.0072,0,0.5
180,13,1.0,0.0595,0.460322993593443,1.0,0.0072,1,0.8571
186,13,1.0,0.0,0.3739550652422062,1.0,0.0072,0,1.0
188,13,1.0,0.2667,0.2971955078912653,1.0,0.0072,0,1.0
189,13,1.0,0.0,0.44584452601144214,1.0,0.0072,0,0.75
193,13,0.67645,0.6471,0.3851682490208542,1.0,0.0072,1,0.5944999999999999
194,13,1.0,0.0292,0.4460940116608909,1.0,0.0072,0,1.0
195,13,1.0,1.0,0.6953472635183628,1.0,0.0072,1,1.0
198,13,1.0,0.0,0.37724840009171634,1.0,0.0072,0,1.0
239,13,1.0,0.0,0.30235610146205427,1.0,0.0072,0,1.0
240,13,1.0,0.0,0.3229642996288474,1.0,0.0072,0,1.0
250,13,1.0,0.3333,0.35659359812988295,1.0,0.0072,0,1.0
251,13,1.0,0.0,0.29712715565853964,1.0,0.0072,0,1.0
252,13,1.0,0.8,0.8753870445178092,1.0,0.0072,0,1.0
258,13,1.0,0.1,0.37500768962618164,1.0,0.0072,0,1.0
261,13,1.0,0.0,0.46629893165460257,1.0,0.0072,0,1.0
263,13,1.0,0.0,0.8825640289540059,1.0,0.0072,0,1.0
269,13,1.0,0.0,0.34736604671191584,1.0,0.0072,0,1.0
273,13,1.0,0.0,0.3678717165296205,1.0,0.0072,0,1.0
274,13,0.11109999999999999,0.3099,0.31496708839994264,1.0,0.0072,1,1.0
284,13,1.0,0.3571,0.36366805421699105,1.0,0.0072,0,0.2857
285,13,1.0,0.0,0.35249246416634206,1.0,0.0072,0,1.0
296,13,1.0,1.0,0.3988352779543544,1.0,0.0072,1,1.0
307,13,1.0,0.0,0.4291836692845572,1.0,0.0072,0,1.0
308,13,1.0,0.0,0.3865318760637317,1.0,0.0072,0,1.0
309,13,1.0,0.0,0.38418837094170827,1.0,0.0072,0,0.7143
318,13,1.0,0.0,0.4250825353210163,1.0,0.0072,0,1.0
319,13,1.0,0.15,0.42974757520454404,1.0,0.0072,0,1.0
320,13,1.0,0.0833,0.3768258590166848,1.0,0.0072,0,1.0
1,14,1.0,0.34,0.529486773463233,1.0,0.004,0,0.41000000000000003
3,14,1.0,0.0,0.3773043246457646,1.0,0.004,1,1.0
6,14,1.0,0.0,0.7222096909795559,1.0,0.004,0,1.0
12,14,0.1,0.8,0.2866692640515103,1.0,0.004,1,1.0
14,14,1.0,0.4444,0.3462382348719421,1.0,0.004,0,1.0
21,14,1.0,0.0,0.3626427707261058,1.0,0.004,0,1.0
25,14,1.0,0.3571,0.47778210675251714,1.0,0.004,0,1.0
28,14,1.0,0.0,0.3227592429306704,1.0,0.004,0,1.0
30,14,0.3333,0.2083,0.2999979494330183,1.0,0.004,0,1.0
36,14,1.0,0.0,0.6121967724075708,1.0,0.004,0,1.0
38,14,1.0,0.0,0.41616256895031484,1.0,0.004,0,1.0
42,14,1.0,0.0,0.5911784608444235,1.0,0.004,0,1.0
44,14,1.0,0.0,0.3402915906248078,1.0,0.004,0,1.0
60,14,1.0,0.0,1.035618348473353,1.0,0.004,0,0.9333
67,14,1.0,0.0,0.9505608300695143,1.0,0.004,0,1.0
70,14,1.0,0.0,0.2999979494330183,1.0,0.004,0,1.0
75,14,1.0,0.1143,0.5304816781840179,1.0,0.004,0,0.7143
76,14,1.0,0.0,0.37504870096581705,1.0,0.004,0,1.0
77,14,1.0,0.6667,0.8283777964607214,1.0,0.004,1,1.0
87,14,1.0,0.0,0.8288076268472849,1.0,0.004,0,0.4615
105,14,1.0,0.0,0.27252035187729406,1.0,0.004,0,1.0
108,14,1.0,0.0,0.41165132159041984,1.0,0.004,0,1.0
110,14,1.0,0.0,0.5274058277113622,1.0,0.004,1,1.0
111,14,1.0,0.127,0.4649404310291796,1.0,0.004,0,0.7778
118,14,1.0,0.0,0.6613078516209733,1.0,0.004,0,1.0
122,14,1.0,1.0,0.37320319068222363,1.0,0.004,1,1.0
123,14,1.0,0.4762,0.7393412460363473,1.0,0.004,0,1.0
125,14,1.0,0.1282,0.6245571344921315,1.0,0.004,0,0.7222
134,14,1.0,0.1333,0.36541103615149595,1.0,0.004,0,1.0
140,14,1.0,0.0,0.31291652141817217,1.0,0.004,0,1.0
141,14,1.0,0.1299,0.45631950567665297,1.0,0.004,0,1.0
143,14,1.0,0.0,0.3024586298111428,1.0,0.004,0,1.0
151,14,0.9286,0.8175,0.8322620435319598,1.0,0.004,1,0.6429
154,14,1.0,0.0,0.3595669202534501,1.0,0.004,1,1.0
155,14,1.0,0.0,0.5521664240162406,1.0,0.004,0,1.0
162,14,1.0,0.0,0.3529025775626961,1.0,0.004,0,1.0
180,14,1.0,0.0513,0.7997621342301148,1.0,0.004,1,0.8667
188,14,1.0,0.2667,0.6281399306908361,1.0,0.004,0,1.0
193,14,1.0,0.0,0.38386613898743005,1.0,0.004,1,1.0
194,14,1.0,0.2286,0.3955543707835217,1.0,0.004,0,1.0
195,14,1.0,0.0,0.46937478212725825,1.0,0.004,1,1.0
198,14,1.0,0.6364,0.3614124305370436,1.0,0.004,0,1.0
216,14,1.0,0.75,0.33875366538847995,1.0,0.004,0,1.0
217,14,1.0,0.0,0.5276108844095393,1.0,0.004,0,1.0
227,14,1.0,0.5385,0.29815243914942485,1.0,0.004,0,1.0
229,14,1.0,0.3333,0.5247400906350607,1.0,0.004,0,1.0
230,14,1.0,0.0,0.36459080935878774,1.0,0.004,0,1.0
239,14,1.0,0.75,0.9487973424651917,1.0,0.004,0,1.0
240,14,1.0,0.0,0.39760493776529215,1.0,0.004,0,1.0
241,14,1.0,0.0,0.7009453113785962,1.0,0.004,0,0.2
250,14,1.0,0.8,0.33588287161400127,1.0,0.004,0,1.0
251,14,1.0,0.0,0.28441364037156275,1.0,0.004,0,1.0
252,14,1.0,0.0,0.27682654253901207,1.0,0.004,0,1.0
256,14,1.0,0.0,0.432669633153567,1.0,0.004,0,1.0
257,14,0.5,0.4643,0.4075501876268789,1.0,0.004,1,1.0
258,14,1.0,0.0,0.38617302684192184,1.0,0.004,0,1.0
1,15,1.0,0.0,0.5495519511144832,1.0,0.0,0,1.0
2,15,1.0,0.6923,0.45809666372752067,1.0,0.0,1,1.0
6,15,1.0,0.5714,0.3112760678327558,1.0,0.0,0,1.0
8,15,1.0,0.0,0.3787397215330039,1.0,0.0,0,1.0
11,15,1.0,0.0,0.33629298501035537,1.0,0.0,1,1.0
14,15,1.0,0.0714,0.4179739031175454,1.0,0.0,0,1.0
18,15,1.0,0.0,0.49697541370188864,1.0,0.0,0,0.4
20,15,1.0,0.0,0.435677131393497,1.0,0.0,0,1.0
21,15,1.0,0.0,0.4406352971981369,1.0,0.0,0,1.0
24,15,1.0,0.0764,0.6340353107634261,1.0,0.0,1,1.0
26,15,1.0,0.0,0.3039623789311078,1.0,0.0,0,1.0
30,15,1.0,0.1905,0.37901313046390667,1.0,0.0,0,1.0
36,15,1.0,0.0,0.3901669720768702,1.0,0.0,0,1.0
38,15,1.0,0.0,0.4019111284270101,1.0,0.0,0,1.0
42,15,1.0,0.0,0.29815243914942485,1.0,0.0,0,1.0
44,15,1.0,0.0833,0.4829768764396689,1.0,0.0,0,1.0
45,15,1.0,0.0714,0.4411062515928512,1.0,0.0,0,1.0
48,15,1.0,0.0,0.3634117333442697,1.0,0.0,1,0.0833
50,15,1.0,0.0,0.38366108228925305,1.0,0.0,0,1.0
51,15,1.0,0.0,0.36500092275514184,1.0,0.0,0,1.0
52,15,1.0,0.0,0.41202725887041103,1.0,0.0,0,1.0
59,15,1.0,1.0,0.4344467912044348,1.0,0.0,1,0.2667
63,15,0.3333,0.0417,0.36561609284967295,1.0,0.0,1,1.0
64,15,1.0,0.0,0.33731826850124064,1.0,0.0,0,1.0
67,15,1.0,0.0,0.5610351262123978,1.0,0.0,0,1.0
68,15,1.0,0.0,0.37805619920574707,1.0,0.0,1,0.1111
69,15,1.0,0.0,0.2760063157463039,1.0,0.0,0,1.0
71,15,1.0,0.2286,0.5095795654165044,1.0,0.0,0,0.4667
73,15,1.0,0.0,0.3282957737814506,1.0,0.0,0,1.0
75,15,1.0,0.0,0.289950171222343,1.0,0.0,0,1.0
80,15,1.0,0.0,0.33977894887936516,1.0,0.0,0,1.0
81,15,1.0,0.0,0.3787055454166411,1.0,0.0,0,0.0833
88,15,1.0,0.0,0.3662141748860227,1.0,0.0,1,0.0833
92,15,1.0,0.0,0.41606004060122626,1.0,0.0,0,1.0
101,15,1.0,0.1515,0.35823405171529926,1.0,0.0,0,1.0
102,15,1.0,0.0,0.3843787807328727,1.0,0.0,1,0.0833
106,15,1.0,0.0,0.2831833001825005,1.0,0.0,1,1.0
107,15,1.0,0.0,0.4084729427686756,1.0,0.0,0,1.0
108,15,1.0,0.0,0.9814013574753421,1.0,0.0,0,1.0
110,15,1.0,0.3571,0.43461767178624894,1.0,0.0,1,1.0
111,15,1.0,0.25,0.42569770541554747,1.0,0.0,0,1.0
121,15,1.0,0.4167,0.3711184475840904,1.0,0.0,0,1.0
122,15,1.0,1.0,0.4271331023027868,1.0,0.0,1,1.0
123,15,1.0,0.0,0.32050361925072285,1.0,0.0,0,1.0
124,15,1.0,0.1786,0.5946644247134333,1.0,0.0,0,1.0
130,15,1.0,0.0,0.45932700391658304,1.0,0.0,0,1.0
134,15,1.0,0.3055,0.6094285069821807,1.0,0.0,0,1.0
136,15,1.0,0.0,0.3844813090819612,1.0,0.0,1,1.0
139,15,1.0,0.1591,0.38745463120552837,1.0,0.0,0,1.0
141,15,1.0,0.3,0.45777199062207374,1.0,0.0,0,1.0
143,15,1.0,0.0,0.36561609284967295,1.0,0.0,0,1.0
144,15,1.0,0.6,0.3697172268132139,1.0,0.0,1,1.0
147,15,1.0,0.0,0.303278856603851,1.0,0.0,0,1.0
150,15,1.0,0.0,0.36633379129329263,1.0,0.0,0,1.0
154,15,1.0,0.0,0.3914532368199808,1.0,0.0,1,1.0
155,15,1.0,0.0,0.3202985625525458,1.0,0.0,0,1.0
156,15,1.0,0.0,0.4956220394939201,1.0,0.0,0,1.0
160,15,1.0,0.0,0.419135891073882,1.0,0.0,0,1.0
161,15,1.0,0.4667,0.6505765510830412,1.0,0.0,1,1.0
162,15,1.0,0.0,0.3523899358172535,1.0,0.0,0,1.0
165,15,1.0,0.0,0.33130327202138066,1.0,0.0,0,0.5556
166,15,1.0,0.3571,0.3061496503783296,1.0,0.0,1,1.0
171,15,1.0,0.2051,0.5116620301068802,1.0,0.0,0,1.0
172,15,1.0,0.1667,0.4067641369505336,1.0,0.0,0,1.0
178,15,1.0,0.0,0.5102494172972161,1.0,0.0,0,1.0
179,15,1.0,0.2571,0.5177271515574057,1.0,0.0,0,1.0
180,15,1.0,0.0571,0.6955266881292678,1.0,0.0,1,1.0
182,15,1.0,0.0,0.6457235425595178,1.0,0.0,1,1.0
184,15,1.0,0.2976,0.4135407725950512,1.0,0.0,0,1.0
186,15,1.0,0.0833,0.5311652005112747,1.0,0.0,0,0.6667
188,15,1.0,0.0,0.4527651895749175,1.0,0.0,0,1.0
193,15,1.0,0.0,0.5156663317407264,1.0,0.0,1,1.0
194,15,1.0,0.2297,0.46533223579176786,1.0,0.0,0,1.0
195,15,1.0,1.0,0.2979473824512478,1.0,0.0,1,1.0
198,15,1.0,0.4167,0.3500317837882175,1.0,0.0,0,1.0
239,15,1.0,0.0,0.2612422334775566,1.0,0.0,0,1.0
240,15,1.0,0.0,0.3719728504931614,1.0,0.0,0,1.0
247,15,1.0,0.0,0.36342882140245114,1.0,0.0,0,1.0
251,15,1.0,0.0,0.3231693563270245,1.0,0.0,0,1.0
258,15,1.0,0.0,0.4041667521069576,1.0,0.0,0,0.9167000000000001
260,15,1.0,0.2857,0.39408479777991945,1.0,0.0,0,1.0
261,15,1.0,0.0519,0.4351889011597421,1.0,0.0,0,1.0
269,15,1.0,0.0,0.4060806146232767,1.0,0.0,0,0.1667
271,15,1.0,0.9,0.34141940246478153,1.0,0.0,0,1.0
285,15,1.0,0.0,0.30779010396374595,1.0,0.0,0,1.0
295,15,1.0,0.0,0.3973998810671151,1.0,0.0,0,1.0
296,15,1.0,0.0,0.45026349785715747,1.0,0.0,1,1.0
305,15,1.0,0.8,0.5132569155371461,1.0,0.0,0,1.0
307,15,1.0,0.0,0.7246703713576804,1.0,0.0,0,1.0
308,15,1.0,0.2393,0.43506196129896585,1.0,0.0,0,1.0
309,15,1.0,0.25,0.495006869399389,1.0,0.0,0,1.0
316,15,1.0,0.0,0.4658888182582484,1.0,0.0,0,1.0
317,15,1.0,0.0,0.4671191584473107,1.0,0.0,0,1.0
319,15,1.0,0.5714,0.49910800336292993,1.0,0.0,0,1.0
1,16,1.0,0.0,0.3326019644431686,1.0,0.0076,0,1.0
4,16,1.0,1.0,0.3918223388766994,1.0,0.0076,1,1.0
6,16,1.0,0.1714,0.3505187934463879,1.0,0.0076,0,1.0
12,16,0.2,0.8,0.4190333627247934,1.0,0.0076,1,0.8
13,16,1.0,0.225,0.5664434966268174,1.0,0.0076,0,0.625
16,16,1.0,0.875,0.4154448705066951,1.0,0.0076,0,1.0
19,16,1.0,0.0,0.37658662620214495,1.0,0.0076,1,1.0
21,16,1.0,0.0,0.5578567473906535,1.0,0.0076,0,1.0
29,16,1.0,0.0,0.38473762995468247,1.0,0.0076,0,0.25
35,16,1.0,0.2778,0.5436138508964395,1.0,0.0076,0,0.375
38,16,1.0,0.0,0.35720876822441405,1.0,0.0076,0,1.0
44,16,1.0,0.25,0.5628806364959912,1.0,0.0076,0,1.0
47,16,1.0,0.0,0.3830459121947219,1.0,0.0076,0,1.0
48,16,1.0,0.25,0.6800534514459916,1.0,0.0076,1,0.3636
52,16,1.0,0.0,0.3611731977225036,1.0,0.0076,0,0.2857
69,16,1.0,0.0,0.41530816604124376,1.0,0.0076,0,1.0
74,16,1.0,0.3091,0.5175258231628318,1.0,0.0076,1,0.2273
75,16,1.0,0.0,0.3717677937949843,1.0,0.0076,0,1.0
77,16,1.0,0.5556,0.56551219745593,1.0,0.0076,1,1.0
81,16,1.0,0.2955,0.618319179538857,1.0,0.0076,0,0.4583
85,16,1.0,0.75,1.3486579039104314,1.0,0.0076,0,1.0
86,16,1.0,0.0,0.5224844669551132,1.0,0.0076,0,1.0
90,16,1.0,0.0,0.2706748415937007,1.0,0.0076,0,1.0
93,16,1.0,0.0,0.33742079685032916,1.0,0.0076,0,1.0
95,16,1.0,0.5333,0.4626838580126665,1.0,0.0076,1,0.5556
102,16,1.0,0.0,0.46178768429470757,1.0,0.0076,1,1.0
107,16,1.0,0.0536,0.39022289663091847,1.0,0.0076,0,0.875
108,16,1.0,0.7,0.5994149048878683,1.0,0.0076,0,1.0
110,16,1.0,0.8333,0.4523550761785634,1.0,0.0076,1,1.0
111,16,1.0,0.4167,0.2938462484877069,1.0,0.0076,0,1.0
115,16,1.0,0.0,0.7294933048988046,1.0,0.0076,1,0.24
119,16,1.0,0.0667,0.45707138023663546,1.0,0.0076,0,1.0
122,16,1.0,1.0,0.31455697500358853,1.0,0.0076,1,1.0
123,16,1.0,0.0,0.5401193429983391,1.0,0.0076,0,1.0
128,16,1.0,0.3889,0.40582998976994916,1.0,0.0076,0,0.2222
132,16,1.0,0.0,0.4088830561650297,1.0,0.0076,1,1.0
133,16,1.0,0.8,0.401501015030656,1.0,0.0076,1,1.0
134,16,1.0,0.2051,0.5433148098782647,1.0,0.0076,0,1.0
142,16,1.0,0.0,0.40908811286320673,1.0,0.0076,0,1.0
143,16,1.0,0.0,0.31804293887259827,1.0,0.0076,0,1.0
144,16,1.0,0.7333,0.4092345819333332,1.0,0.0076,1,1.0
146,16,1.0,0.3,0.33239690774499153,1.0,0.0076,0,1.0
147,16,1.0,0.0694,0.37504870096581705,1.0,0.0076,0,1.0
150,16,1.0,0.4,0.37373633809748397,1.0,0.0076,0,1.0
153,16,1.0,0.0833,0.4252875920191933,1.0,0.0076,0,1.0
154,16,1.0,0.0,0.32091373264707695,1.0,0.0076,1,1.0
155,16,1.0,0.0,0.33793343859577174,1.0,0.0076,0,1.0
156,16,1.0,0.0,0.5901941886931737,1.0,0.0076,0,1.0
163,16,1.0,0.0,0.419340947772059,1.0,0.0076,0,1.0
172,16,1.0,0.2143,0.4443578649496587,1.0,0.0076,0,0.5714
181,16,1.0,0.0,4.007628109172186,1.0,0.0076,0,1.0
186,16,1.0,0.25,0.3977074661143807,1.0,0.0076,0,1.0
188,16,1.0,0.0,0.3492115569955093,1.0,0.0076,0,1.0
190,16,1.0,0.2667,0.4252055693399225,1.0,0.0076,0,0.3333
192,16,1.0,0.1905,0.5403927519292419,1.0,0.0076,0,1.0
193,16,1.0,0.0,0.4042692804560461,1.0,0.0076,1,1.0
195,16,1.0,1.0,0.4271331023027868,1.0,0.0076,1,1.0
198,16,1.0,0.0,0.42718902685683496,1.0,0.0076,0,1.0
240,16,1.0,0.0,0.3420345725593127,1.0,0.0076,0,1.0
250,16,1.0,0.8,0.30655976377468375,1.0,0.0076,0,1.0
278,16,1.0,0.0,0.3953493140853446,1.0,0.0076,0,1.0
279,16,1.0,0.8571,0.6298029405130519,1.0,0.0076,1,0.28
282,16,1.0,0.0,0.43810363565525867,1.0,0.0076,0,1.0
291,16,1.0,0.0,2.2139971702175654,1.0,0.0076,0,1.0
292,16,1.0,0.0,0.4005636129818466,1.0,0.0076,0,1.0
293,16,1.0,0.031,0.4464494432710645,1.0,0.0076,0,1.0
294,16,1.0,0.1929,0.5070612738707967,1.0,0.0076,0,1.0
295,16,1.0,0.0,0.41349303452775066,1.0,0.0076,0,1.0
296,16,1.0,0.0,0.39682572231221935,1.0,0.0076,1,1.0
297,16,1.0,0.0,0.37143457666044666,1.0,0.0076,0,1.0
298,16,1.0,0.2667,0.4069008414159849,1.0,0.0076,0,1.0
308,16,1.0,0.0,0.3550556728935551,1.0,0.0076,0,1.0
309,16,1.0,0.0,0.4500994524986159,1.0,0.0076,0,1.0
1,17,1.0,0.0,0.3882748579982366,1.0,0.004,0,0.3077
3,17,1.0,0.0,0.4564562101421043,1.0,0.004,1,1.0
6,17,1.0,0.5385,0.3217339594397851,1.0,0.004,0,1.0
12,17,0.07139999999999999,0.9286,0.38489142247831526,1.0,0.004,1,0.5
27,17,1.0,0.0,0.2866692640515103,1.0,0.004,1,1.0
30,17,1.0,0.0,0.47388602948715325,1.0,0.004,0,1.0
38,17,1.0,0.0,0.258986609797609,1.0,0.004,0,1.0
67,17,1.0,0.0,0.44148707117518,1.0,0.004,0,1.0
75,17,1.0,0.0,0.32193901613796216,1.0,0.004,0,1.0
110,17,1.0,0.0,0.49644226628662824,1.0,0.004,1,1.0
122,17,1.0,1.0,0.3176328254762442,1.0,0.004,1,1.0
123,17,1.0,0.0,0.36561609284967295,1.0,0.004,0,1.0
130,17,1.0,0.0,0.2895400578259889,1.0,0.004,0,1.0
132,17,1.0,0.0,0.36028461869706974,1.0,0.004,1,1.0
134,17,1.0,0.0,0.4274919515245966,1.0,0.004,0,1.0
143,17,1.0,0.0,0.5023889105337627,1.0,0.004,0,1.0
154,17,1.0,0.0,0.3465458199192077,1.0,0.004,1,1.0
155,17,1.0,0.0,0.33977894887936516,1.0,0.004,0,1.0
188,17,1.0,0.0,0.35351774765722727,1.0,0.004,0,1.0
193,17,1.0,0.0,0.3571575040498698,1.0,0.004,1,1.0
195,17,1.0,1.0,0.3900178399327415,1.0,0.004,1,1.0
198,17,1.0,0.6,0.403449053663338,1.0,0.004,0,1.0
238,17,1.0,0.0,0.49377652921032666,1.0,0.004,0,1.0
239,17,1.0,0.25,0.38261016671109566,1.0,0.004,0,0.5
240,17,1.0,0.0,0.36295035577337137,1.0,0.004,0,1.0
250,17,0.8571,0.1429,0.4026288268706298,1.0,0.004,0,1.0
251,17,1.0,0.3,0.34459778128652574,1.0,0.004,0,1.0
3,18,1.0,0.0,0.4316443496626818,1.0,0.0016,1,1.0
5,18,0.1,0.5364,0.24340230073615357,1.0,0.0016,1,1.0
6,18,1.0,0.127,0.38394303524924644,1.0,0.0016,0,0.7778
14,18,1.0,0.5556,0.4051407714232986,1.0,0.0016,0,1.0
21,18,1.0,0.0,0.38768019357352307,1.0,0.0016,0,1.0
31,18,1.0,0.6667,0.43844539681888717,1.0,0.0016,1,0.5
34,18,0.1429,0.7143,0.36582114954785,1.0,0.0016,1,1.0
36,18,1.0,0.0,0.38489142247831526,1.0,0.0016,0,1.0
44,18,1.0,0.0,0.3639756392642566,1.0,0.0016,0,1.0
46,18,1.0,0.1389,0.41980232534295736,1.0,0.0016,0,1.0
61,18,1.0,0.0,0.38212315705292516,1.0,0.0016,1,1.0
64,18,1.0,0.0,0.4179739031175454,1.0,0.0016,0,0.6667
67,18,1.0,0.0,0.5021838538355855,1.0,0.0016,0,1.0
68,18,1.0,0.3214,0.3527487850390633,1.0,0.0016,1,1.0
75,18,1.0,0.0,0.3537228043554043,1.0,0.0016,0,1.0
79,18,1.0,0.0,0.46701663009822214,1.0,0.0016,0,1.0
108,18,1.0,0.875,0.3010232329239035,1.0,0.0016,0,1.0
110,18,1.0,0.0,0.37791949474029574,1.0,0.0016,1,1.0
111,18,1.0,0.0,0.4429224680624193,1.0,0.0016,0,1.0
112,18,1.0,0.5294,0.3588150456934676,1.0,0.0016,0,1.0
118,18,1.0,0.0,0.4201611745647672,1.0,0.0016,0,1.0
122,18,1.0,1.0,0.3742284741731089,1.0,0.0016,1,1.0
123,18,1.0,0.0,0.4227243832919803,1.0,0.0016,0,1.0
129,18,1.0,0.127,0.38977177189492895,1.0,0.0016,1,1.0
130,18,1.0,0.0,0.43636065372075383,1.0,0.0016,0,1.0
132,18,1.0,0.05,0.3576188816207682,1.0,0.0016,1,0.8
134,18,1.0,0.0,0.42621034716099004,1.0,0.0016,0,1.0
135,18,1.0,0.6667,0.32891094387598174,1.0,0.0016,0,1.0
139,18,1.0,0.625,0.3293210572723358,1.0,0.0016,0,1.0
141,18,1.0,0.4667,0.403269629052433,1.0,0.0016,0,1.0
143,18,1.0,0.0,0.32091373264707695,1.0,0.0016,0,1.0
154,18,1.0,0.0,0.3945290872926364,1.0,0.0016,1,1.0
155,18,1.0,0.0,0.3506469538827486,1.0,0.0016,0,1.0
162,18,1.0,0.1,0.3927861053581316,1.0,0.0016,0,1.0
165,18,1.0,0.3788,0.41937512388842185,1.0,0.0016,0,1.0
166,18,1.0,0.0,0.5518075747944308,1.0,0.0016,1,1.0
168,18,1.0,0.8889,0.4037224625942407,1.0,0.0016,1,1.0
188,18,1.0,0.0,0.4068324891832592,1.0,0.0016,0,1.0
195,18,1.0,0.6667,0.41626509729940325,1.0,0.0016,1,1.0
198,18,1.0,0.0,0.3234427652579272,1.0,0.0016,0,1.0
235,18,1.0,0.0,0.5501671212090143,1.0,0.0016,0,1.0
239,18,1.0,0.6667,0.3816105153074825,1.0,0.0016,0,1.0
240,18,1.0,0.0,0.3840711956856071,1.0,0.0016,0,1.0
241,18,1.0,0.0,0.36992228351139095,1.0,0.0016,0,1.0
245,18,1.0,0.0,0.45809666372752067,1.0,0.0016,0,1.0
246,18,1.0,0.3,0.32009350585436874,1.0,0.0016,0,1.0
247,18,1.0,0.0,0.3671540180860008,1.0,0.0016,0,1.0
250,18,1.0,0.8,0.4115487932413313,1.0,0.0016,0,1.0
251,18,1.0,0.0,0.5073102712900117,1.0,0.0016,0,1.0
256,18,1.0,0.1667,0.4845489777923596,1.0,0.0016,0,1.0
258,18,1.0,0.0536,0.4795397355940346,1.0,0.0016,0,1.0
259,18,1.0,0.8,0.3882235938236923,1.0,0.0016,0,1.0
260,18,1.0,0.3333,0.3395738921811881,1.0,0.0016,0,1.0
261,18,1.0,0.3,0.36667555245692107,1.0,0.0016,0,1.0
267,18,1.0,0.1667,0.3788422498820924,1.0,0.0016,0,1.0
269,18,1.0,0.1667,0.5579592757397421,1.0,0.0016,0,1.0
1,19,1.0,0.3,1.1404296621349137,1.0,0.0076,0,0.55
3,19,1.0,0.0,4.5334960116472205,1.0,0.0076,1,0.3333
4,19,1.0,0.375,0.410523509750446,1.0,0.0076,1,1.0
6,19,1.0,0.2143,1.0827506305493468,1.0,0.0076,0,0.5714
8,19,1.0,0.0,0.3371132118030636,1.0,0.0076,0,1.0
14,19,1.0,0.5556,0.36520597945331884,1.0,0.0076,0,1.0
22,19,1.0,0.6667,0.4528563258852184,1.0,0.0076,1,0.6667
30,19,1.0,0.0,1.679106773022741,1.0,0.0076,0,0.5714
31,19,1.0,0.0,0.6124223347755655,1.0,0.0076,1,0.2857
38,19,1.0,0.0,0.28687432074968733,1.0,0.0076,0,1.0
39,19,1.0,0.0,0.4589168905202289,1.0,0.0076,0,1.0
42,19,1.0,0.0,0.33834355199212585,1.0,0.0076,0,1.0
44,19,1.0,0.0,0.7104189308343758,1.0,0.0076,0,0.83335
45,19,1.0,0.0,1.7989624131072242,1.0,0.0076,0,1.0
46,19,1.0,0.15,0.38776221625279395,1.0,0.0076,0,1.0
62,19,1.0,0.0,3.151618922632108,1.0,0.0076,0,1.0
64,19,1.0,0.1071,0.47484296074531274,1.0,0.0076,0,1.0
66,19,1.0,1.0,0.5698981323891611,1.0,0.0076,1,0.4444
67,19,1.0,0.0,0.7098037607398446,1.0,0.0076,0,1.0
70,19,1.0,0.1714,1.0605942543113172,1.0,0.0076,0,1.0
73,19,1.0,0.1071,0.7534661905445428,1.0,0.0076,0,0.5714
75,19,1.0,0.0,0.5052597043082413,1.0,0.0076,0,1.0
79,19,1.0,0.0,0.4861210791450503,1.0,0.0076,0,1.0
92,19,1.0,0.0,0.2731355219718252,1.0,0.0076,0,1.0
94,19,1.0,0.2667,0.6903575505293881,1.0,0.0076,0,1.0
101,19,1.0,0.0,0.6293190067053541,1.0,0.0076,0,1.0
103,19,1.0,0.0,0.39490502457262766,1.0,0.0076,0,1.0
110,19,1.0,0.0,0.45050956589497,1.0,0.0076,1,1.0
111,19,1.0,0.0,0.4043718088051346,1.0,0.0076,0,1.0
112,19,1.0,0.2625,0.6087975632954821,1.0,0.0076,0,1.0
118,19,1.0,0.0,0.5174947539661383,1.0,0.0076,0,1.0
122,19,1.0,1.0,0.734205507822913,1.0,0.0076,1,1.0
123,19,1.0,0.0,0.49254618902126446,1.0,0.0076,0,1.0
129,19,1.0,0.0,0.35700371152623706,1.0,0.0076,1,1.0
130,19,1.0,0.0784,0.9928076363114401,1.0,0.0076,0,1.0
132,19,1.0,0.2667,1.8100354748087848,1.0,0.0076,1,1.0
134,19,1.0,0.0,1.6417864539545184,1.0,0.0076,0,1.0
139,19,1.0,0.25,1.1143153809300999,1.0,0.0076,0,1.0
140,19,1.0,0.0,1.304263128755101,1.0,0.0076,0,1.0
141,19,1.0,0.8,0.36602620624602705,1.0,0.0076,0,1.0
143,19,1.0,0.0,0.8275575696680133,1.0,0.0076,0,1.0
154,19,1.0,0.0,0.8641089261180718,1.0,0.0076,1,1.0
155,19,1.0,0.0,0.7926466668033711,1.0,0.0076,0,1.0
166,19,1.0,0.0,0.5274058277113622,1.0,0.0076,1,1.0
168,19,1.0,0.875,0.9700822277359692,1.0,0.0076,1,1.0
171,19,1.0,0.3,0.7260032398958312,1.0,0.0076,0,1.0
179,19,1.0,0.0,0.49753590201023923,1.0,0.0076,0,1.0
188,19,1.0,0.0,0.8641772783507974,1.0,0.0076,0,1.0
193,19,1.0,0.0,0.35310763426087316,1.0,0.0076,1,1.0
195,19,1.0,1.0,0.635983349396108,1.0,0.0076,1,1.0
198,19,1.0,0.0,0.6417044312752477,1.0,0.0076,0,1.0
239,19,1.0,0.0,0.30266368650931985,1.0,0.0076,0,1.0
240,19,1.0,0.0,0.8712859105542684,1.0,0.0076,0,1.0
241,19,1.0,0.0,0.6551561506756618,1.0,0.0076,0,1.0
250,19,1.0,0.25,0.4510222076404126,1.0,0.0076,0,1.0
251,19,1.0,0.0,0.44446039329874715,1.0,0.0076,0,1.0
252,19,1.0,0.05,0.6291310380653585,1.0,0.0076,0,0.8333
253,19,1.0,0.0,0.6301392334980622,1.0,0.0076,0,1.0
259,19,1.0,0.7727,0.5811306826337482,1.0,0.0076,0,1.0
260,19,1.0,0.0833,0.3199568013889174,1.0,0.0076,0,1.0
261,19,1.0,0.1128,0.7253441290802622,1.0,0.0076,0,1.0
263,19,1.0,0.0385,0.4468331922347958,1.0,0.0076,0,0.9286
264,19,1.0,0.0,1.3447276505287047,1.0,0.0076,0,1.0
272,19,1.0,0.2667,0.8334187736242404,1.0,0.0076,0,1.0
275,19,1.0,0.5714,0.4372492327461877,1.0,0.0076,0,1.0
296,19,1.0,1.0,0.35194564630453656,1.0,0.0076,1,1.0
1,20,1.0,0.0,0.38552937665042164,1.0,0.0024,0,0.3333
2,20,1.0,0.0,0.48092630945789844,1.0,0.0024,1,1.0
3,20,0.8,0.15,0.3784321364857383,1.0,0.0024,1,1.0
4,20,1.0,1.0,0.45198597412184477,1.0,0.0024,1,0.6
8,20,1.0,0.0,0.5832632722947895,1.0,0.0024,0,0.2
13,20,1.0,0.0,0.4117538499395083,1.0,0.0024,0,1.0
14,20,1.0,0.5833,0.2776467693317203,1.0,0.0024,0,1.0
23,20,1.0,0.0,0.38212315705292516,1.0,0.0024,0,0.5
30,20,1.0,0.0,0.3635655258679025,1.0,0.0024,0,1.0
31,20,1.0,0.0,0.3186581089671294,1.0,0.0024,1,1.0
36,20,1.0,0.0,0.39309369040539716,1.0,0.0024,0,1.0
38,20,1.0,0.0,0.26841921791375317,1.0,0.0024,0,1.0
41,20,0.0909,0.9091,0.48885516845407756,1.0,0.0024,1,0.1818
44,20,1.0,1.0,0.3867369327619087,1.0,0.0024,0,0.0
45,20,1.0,0.0,0.652029036028462,1.0,0.0024,0,0.125
46,20,1.0,0.875,0.3024586298111428,1.0,0.0024,0,1.0
64,20,1.0,0.0,0.39370886049992826,1.0,0.0024,0,1.0
65,20,1.0,0.0,0.5278159411077163,1.0,0.0024,0,0.1429
67,20,1.0,0.1,0.3680767732277975,1.0,0.0024,0,0.8
69,20,1.0,0.0,0.6273709680726721,1.0,0.0024,0,1.0
73,20,1.0,0.0,0.48741977156683824,1.0,0.0024,0,1.0
75,20,1.0,0.0,0.37202411466770563,1.0,0.0024,0,1.0
77,20,1.0,1.0,0.38622429101646605,1.0,0.0024,1,1.0
79,20,1.0,0.0,0.4213915147538295,1.0,0.0024,0,1.0
86,20,1.0,0.0,0.4068324891832592,1.0,0.0024,0,1.0
91,20,1.0,0.2431,0.4839466237414645,1.0,0.0024,1,0.5625
94,20,1.0,0.0,0.5672893555067977,1.0,0.0024,0,1.0
106,20,1.0,1.0,0.2948715319785921,1.0,0.0024,1,1.0
109,20,0.875,0.0833,0.4183976869604446,1.0,0.0024,0,1.0
110,20,1.0,0.0,0.3988352779543544,1.0,0.0024,1,1.0
111,20,1.0,0.0,0.3965796542744069,1.0,0.0024,0,1.0
112,20,1.0,0.0,0.4562511534439273,1.0,0.0024,0,1.0
118,20,1.0,0.0,0.5524227448889618,1.0,0.0024,0,1.0
121,20,1.0,0.0,0.3783296081366498,1.0,0.0024,0,1.0
122,20,1.0,0.0,0.2758012590481268,1.0,0.0024,1,1.0
123,20,1.0,0.0,0.42733815900096384,1.0,0.0024,0,1.0
127,20,0.11109999999999999,0.8889,0.45112473598950115,1.0,0.0024,1,1.0
130,20,1.0,0.0,0.40119342998339047,1.0,0.0024,0,1.0
132,20,1.0,0.0,0.4484589989131995,1.0,0.0024,1,1.0
133,20,1.0,1.0,0.4939815859085037,1.0,0.0024,1,0.8
134,20,1.0,0.0,0.3798675333729777,1.0,0.0024,0,1.0
139,20,1.0,0.2619,0.4736695807501886,1.0,0.0024,0,0.3889
142,20,1.0,0.0714,0.3782270797875613,1.0,0.0024,0,0.875
143,20,1.0,0.0,0.4276970082227736,1.0,0.0024,0,1.0
147,20,1.0,0.0,0.7861873808107943,1.0,0.0024,0,1.0
154,20,1.0,0.1667,0.36226683344611454,1.0,0.0024,1,1.0
155,20,1.0,0.0,0.4172903807902886,1.0,0.0024,0,1.0
160,20,1.0,0.0,0.581212705313019,1.0,0.0024,0,0.2
168,20,1.0,1.0,0.3291160005741588,1.0,0.0024,1,1.0
171,20,0.5,0.0833,0.3175302971271557,1.0,0.0024,0,1.0
172,20,1.0,0.25,0.39627206922714137,1.0,0.0024,0,1.0
177,20,1.0,0.2667,0.3198884491561917,1.0,0.0024,0,1.0
180,20,1.0,0.3889,0.39329874710357415,1.0,0.0024,1,1.0
184,20,1.0,0.2619,0.4037224625942407,1.0,0.0024,0,0.3889
190,20,1.0,0.0714,0.4849932673050766,1.0,0.0024,0,1.0
193,20,1.0,0.0,0.4012139356532081,1.0,0.0024,1,0.4
194,20,1.0,0.6923,0.3814054586093055,1.0,0.0024,0,1.0
195,20,1.0,1.0,0.47286074599626804,1.0,0.0024,1,1.0
198,20,1.0,0.0,0.5557036520597946,1.0,0.0024,0,1.0
239,20,1.0,0.0,0.34962167039186337,1.0,0.0024,0,1.0
240,20,1.0,0.0,0.5049521192609758,1.0,0.0024,0,1.0
250,20,1.0,0.0,0.4357454836262227,1.0,0.0024,0,1.0
251,20,1.0,0.0,0.3805852318165973,1.0,0.0024,0,1.0
258,20,1.0,0.3667,0.3952467857362561,1.0,0.0024,0,1.0
259,20,1.0,0.6875,0.4164018017648547,1.0,0.0024,0,1.0
260,20,1.0,0.1714,0.3508930219205611,1.0,0.0024,0,1.0
261,20,1.0,0.0,0.37171652962044005,1.0,0.0024,0,1.0
271,20,1.0,0.0,0.4839217455391122,1.0,0.0024,0,1.0
272,20,1.0,0.2222,0.41264644968451425,1.0,0.0024,0,0.3333
273,20,1.0,0.15,0.40037320319068226,1.0,0.0024,0,1.0
283,20,1.0,0.0,0.5741587548957287,1.0,0.0024,0,1.0
284,20,1.0,0.1944,0.3936519003059902,1.0,0.0024,0,0.6667
295,20,1.0,0.0601,0.37248009600970466,1.0,0.0024,0,1.0
296,20,1.0,1.0,0.6258330428363443,1.0,0.0024,1,1.0
297,20,1.0,0.0,0.679235665804452,1.0,0.0024,0,0.4286
306,20,1.0,0.0,0.40728361391924867,1.0,0.0024,0,1.0
307,20,1.0,0.0636,0.5202083376053479,1.0,0.0024,0,1.0
308,20,1.0,0.1667,0.695962433612894,1.0,0.0024,0,1.0
317,20,1.0,0.0444,0.35501466155391964,1.0,0.0024,0,0.9
319,20,1.0,0.0694,0.833581110176964,1.0,0.0024,0,1.0
1,21,1.0,0.0,0.42102241269711077,1.0,0.0044,0,0.5
3,21,1.0,0.0,0.5015686837410545,1.0,0.0044,1,1.0
4,21,1.0,1.0,0.3859382908847981,1.0,0.0044,1,0.3333
6,21,1.0,0.4444,0.4304823617063452,1.0,0.0044,0,1.0
8,21,1.0,0.0,0.4024939211481448,1.0,0.0044,0,0.0952
14,21,1.0,0.1,0.3816925379867534,1.0,0.0044,0,0.8
19,21,1.0,0.0,0.4109629169608255,1.0,0.0044,1,0.0476
20,21,1.0,0.0,0.48003773043246467,1.0,0.0044,0,1.0
21,21,1.0,0.1667,0.3206403237161742,1.0,0.0044,0,1.0
26,21,1.0,0.0,0.3846863657801382,1.0,0.0044,0,1.0
27,21,0.3333,0.6667,0.3686919433223287,1.0,0.0044,1,0.6667
30,21,1.0,0.0,0.6547460372793078,1.0,0.0044,0,1.0
34,21,1.0,0.0,0.4599421740111141,1.0,0.0044,1,1.0
36,21,1.0,0.0,0.38765180110762165,1.0,0.0044,0,0.1429
38,21,1.0,0.0,0.4435376381569504,1.0,0.0044,0,1.0
39,21,1.0,0.6667,0.28584903725880206,1.0,0.0044,0,1.0
45,21,1.0,0.0,0.31312157811634916,1.0,0.0044,0,1.0
46,21,1.0,0.3214,0.3916070293436135,1.0,0.0044,0,1.0
48,21,1.0,0.6364,0.5095658949699592,1.0,0.0044,1,1.0
52,21,1.0,0.0,0.4188624821429793,1.0,0.0044,0,1.0
60,21,1.0,0.0,0.5382738327147457,1.0,0.0044,0,1.0
64,21,1.0,0.0,0.8432956712531016,1.0,0.0044,0,1.0
66,21,1.0,1.0,0.37397681367989155,1.0,0.0044,1,0.1364
67,21,1.0,0.0,0.5200237865769886,1.0,0.0044,0,1.0
69,21,1.0,0.0,0.3360879283121784,1.0,0.0044,0,1.0
76,21,1.0,0.0,0.5157175959152707,1.0,0.0044,0,1.0
77,21,1.0,0.8333,0.4111860006214796,1.0,0.0044,1,0.4286
79,21,1.0,0.0,0.5014319792756031,1.0,0.0044,0,0.6154
80,21,1.0,0.0,0.5421699099801096,1.0,0.0044,0,0.6667
90,21,1.0,0.0,0.3715627370968073,1.0,0.0044,0,1.0
91,21,1.0,0.0,0.3662312629442041,1.0,0.0044,1,1.0
92,21,1.0,0.0,0.5570980376073985,1.0,0.0044,0,1.0
108,21,0.8889,0.2323,0.329167264748703,1.0,0.0044,0,1.0
109,21,1.0,0.1333,0.37398240613529643,1.0,0.0044,0,1.0
110,21,1.0,0.0,0.5038243074210019,1.0,0.0044,1,1.0
111,21,1.0,0.0,0.42068520834899736,1.0,0.0044,0,0.4444
112,21,1.0,0.0,0.5488894602434498,1.0,0.0044,0,0.9231
113,21,0.04,0.96,0.334652531424939,1.0,0.0044,1,0.12
118,21,1.0,0.0,0.5075153279881888,1.0,0.0044,0,1.0
122,21,1.0,1.0,0.30614965037832964,1.0,0.0044,1,1.0
123,21,1.0,0.0,0.3882406818818737,1.0,0.0044,0,1.0
129,21,1.0,0.0,0.3393175713084668,1.0,0.0044,1,1.0
130,21,1.0,0.6667,0.3872495745073513,1.0,0.0044,0,1.0
132,21,1.0,0.0,0.36879447167141716,1.0,0.0044,1,1.0
141,21,1.0,0.0,0.36284782742428284,1.0,0.0044,0,1.0
143,21,1.0,0.0,0.36254024237701726,1.0,0.0044,0,1.0
144,21,1.0,0.0,0.496910967311033,1.0,0.0044,1,1.0
150,21,1.0,0.0,0.4404617876842948,1.0,0.0044,0,1.0
154,21,1.0,0.0,0.5276108844095393,1.0,0.0044,1,1.0
155,21,1.0,0.0,0.4609674575019994,1.0,0.0044,0,1.0
156,21,1.0,0.0,0.3382751997594002,1.0,0.0044,0,1.0
160,21,1.0,0.0,0.38509647917649237,1.0,0.0044,0,1.0
163,21,1.0,0.0,0.42767992016459216,1.0,0.0044,0,1.0
164,21,1.0,0.0,0.3830459121947219,1.0,0.0044,0,1.0
172,21,1.0,0.05,0.33243791908462694,1.0,0.0044,0,0.8
177,21,1.0,0.75,0.4736809727889762,1.0,0.0044,0,1.0
178,21,1.0,0.0,0.3904279533290955,1.0,0.0044,0,1.0
180,21,1.0,0.0,0.38509647917649237,1.0,0.0044,1,1.0
186,21,1.0,0.0,0.33906125043574553,1.0,0.0044,0,1.0
188,21,1.0,0.0,0.4064223757869051,1.0,0.0044,0,1.0
190,21,1.0,0.0,0.2801074497098448,1.0,0.0044,0,1.0
193,21,1.0,0.0,0.5241249205405295,1.0,0.0044,1,1.0
194,21,1.0,0.1333,0.4169827957430229,1.0,0.0044,0,1.0
195,21,1.0,1.0,0.3680767732277975,1.0,0.0044,1,1.0
199,21,1.0,0.0,0.41247154838312794,1.0,0.0044,0,1.0
226,21,1.0,0.0,0.35966944860253863,1.0,0.0044,1,1.0
235,21,1.0,0.0,0.5237148071441754,1.0,0.0044,0,1.0
239,21,1.0,0.0,0.35474808784628953,1.0,0.0044,0,1.0
240,21,1.0,0.0,0.3955543707835217,1.0,0.0044,0,1.0
246,21,1.0,0.0,0.29815243914942485,1.0,0.0044,0,1.0
250,21,1.0,0.0833,0.42585149793918026,1.0,0.0044,0,1.0
251,21,1.0,0.0,0.4084729427686756,1.0,0.0044,0,1.0
258,21,1.0,0.033,0.4181478906190289,1.0,0.0044,0,0.9286
259,21,1.0,0.0,0.3935038038017512,1.0,0.0044,0,1.0
261,21,1.0,0.2232,0.3897941417165483,1.0,0.0044,0,1.0
293,21,1.0,0.381,0.595543239134192,1.0,0.0044,0,1.0
295,21,1.0,0.7308,0.4253388561937376,1.0,0.0044,0,1.0
296,21,1.0,1.0,0.37675750678395914,1.0,0.0044,1,1.0
297,21,1.0,0.375,0.3215289027416081,1.0,0.0044,0,1.0
307,21,1.0,0.0,0.3870786939255371,1.0,0.0044,0,1.0
308,21,1.0,0.0,0.3440851395410831,1.0,0.0044,0,1.0
1,22,1.0,0.2182,0.539709229601985,1.0,0.006,0,0.60225
3,22,1.0,0.2143,0.4078577726741444,1.0,0.006,1,1.0
6,22,1.0,0.1714,0.3910203393460514,1.0,0.006,0,1.0
8,22,1.0,0.0,0.42856849919002604,1.0,0.006,0,1.0
14,22,1.0,0.1667,0.41708532409211146,1.0,0.006,0,1.0
30,22,1.0,0.0,0.3394792506281833,1.0,0.006,0,0.8409
36,22,1.0,0.0,0.36035297092979546,1.0,0.006,0,1.0
39,22,1.0,0.0556,0.37226904350163936,1.0,0.006,0,0.8889
45,22,1.0,0.0,0.4270452208607109,1.0,0.006,0,1.0
46,22,1.0,0.35,0.4163163614739475,1.0,0.006,0,1.0
49,22,1.0,0.0,0.2939487768367954,1.0,0.006,0,1.0
52,22,1.0,0.0714,0.4394072103793842,1.0,0.006,0,1.0
54,22,1.0,0.0,0.3637705825660796,1.0,0.006,0,1.0
62,22,1.0,0.875,0.4853692045850678,1.0,0.006,0,1.0
63,22,0.2,0.8,0.3108659544364017,1.0,0.006,1,1.0
64,22,1.0,0.0,0.4041667521069576,1.0,0.006,0,1.0
65,22,1.0,0.0,0.312301351323641,1.0,0.006,0,1.0
66,22,1.0,0.7,0.34295732770110937,1.0,0.006,1,1.0
75,22,1.0,0.0,0.30861033075645417,1.0,0.006,0,1.0
77,22,1.0,0.8571,0.4436059903896762,1.0,0.006,1,1.0
79,22,1.0,0.0,0.5422382622128352,1.0,0.006,0,0.7273
84,22,1.0,1.0,0.7079116466612109,1.0,0.006,1,1.0
86,22,1.0,0.0,0.4406668443824718,1.0,0.006,0,0.5
90,22,1.0,0.0,0.3592593352061845,1.0,0.006,0,1.0
92,22,1.0,0.0,0.3490065002973322,1.0,0.006,0,1.0
100,22,1.0,0.0,0.3164024852871819,1.0,0.006,0,1.0
101,22,1.0,0.0,0.5191830541144626,1.0,0.006,0,0.5
103,22,1.0,0.75,0.48147312731970393,1.0,0.006,0,1.0
108,22,1.0,0.3117,0.5274058277113622,1.0,0.006,0,1.0
109,22,1.0,0.1333,0.8462006411439431,1.0,0.006,0,1.0
110,22,1.0,0.0,0.45584104004757314,1.0,0.006,1,1.0
111,22,1.0,0.0,0.3916582935181578,1.0,0.006,0,1.0
112,22,1.0,0.0,0.2559107593249534,1.0,0.006,0,1.0
122,22,1.0,1.0,0.4479463571677569,1.0,0.006,1,1.0
123,22,1.0,0.0,0.6015338241023644,1.0,0.006,0,1.0
129,22,1.0,0.0,0.30409908339655917,1.0,0.006,1,1.0
134,22,1.0,0.0,0.38181557200565963,1.0,0.006,0,1.0
141,22,1.0,0.0,0.3987669257216287,1.0,0.006,0,1.0
143,22,1.0,0.0,0.5181782762933952,1.0,0.006,0,1.0
150,22,1.0,0.0,0.29425636188406096,1.0,0.006,0,1.0
160,22,1.0,0.0,0.3814054586093055,1.0,0.006,0,1.0
161,22,1.0,0.0,0.49254618902126446,1.0,0.006,1,1.0
168,22,1.0,0.3333,0.5827301248795292,1.0,0.006,1,0.3
171,22,1.0,0.0,0.5692168884696619,1.0,0.006,0,0.1
180,22,1.0,0.3556,0.45194496278220936,1.0,0.006,1,1.0
188,22,1.0,0.0,0.9278815592511331,1.0,0.006,0,1.0
189,22,1.0,0.0,0.4682469702872845,1.0,0.006,0,1.0
193,22,1.0,0.1667,0.6189892755346854,1.0,0.006,1,0.6667
194,22,1.0,0.8333,0.4669141017491337,1.0,0.006,0,1.0
195,22,1.0,0.0,0.3984251645580003,1.0,0.006,1,1.0
198,22,1.0,0.0,0.6701252896425862,1.0,0.006,0,1.0
199,22,1.0,0.0,0.7328726392847623,1.0,0.006,0,1.0
239,22,1.0,0.0,0.41134373654315415,1.0,0.006,0,1.0
240,22,1.0,0.0,0.5025939672319397,1.0,0.006,0,1.0
246,22,1.0,0.0,0.36254024237701726,1.0,0.006,0,1.0
250,22,1.0,0.875,0.48188324071605804,1.0,0.006,0,1.0
251,22,1.0,0.0,0.4133943035249247,1.0,0.006,0,1.0
258,22,1.0,0.1319,0.3578649496585806,1.0,0.006,0,1.0
259,22,1.0,0.2841,0.376202144893063,1.0,0.006,0,1.0
260,22,1.0,0.0808,0.7998143304805597,1.0,0.006,0,0.8182
261,22,1.0,0.098,0.9077860028297826,1.0,0.006,0,1.0
262,22,1.0,0.8333,0.4412527206629777,1.0,0.006,1,1.0
274,22,0.0833,0.25,0.3949392006889905,1.0,0.006,1,1.0
285,22,1.0,0.1154,0.4059917567207333,1.0,0.006,0,1.0
286,22,1.0,0.0,0.39575942748169873,1.0,0.006,0,1.0
295,22,1.0,0.0,0.5267906576168311,1.0,0.006,0,0.5
296,22,1.0,1.0,0.36459080935878774,1.0,0.006,1,1.0
297,22,1.0,0.0,0.4250825353210163,1.0,0.006,0,1.0
298,22,1.0,0.0,0.3442901962392602,1.0,0.006,0,1.0
1,23,1.0,0.0,0.37888619060313034,1.0,0.0012,0,0.3333
3,23,1.0,0.0,0.34223962925748974,1.0,0.0012,1,1.0
4,23,1.0,1.0,0.47901244694157935,1.0,0.0012,1,0.3636
5,23,0.2,0.8,0.38694198946008573,1.0,0.0012,1,1.0
6,23,1.0,0.2778,0.3731519265076794,1.0,0.0012,0,0.5
9,23,1.0,0.0,0.579900342444686,1.0,0.0012,1,1.0
30,23,1.0,0.0,0.2866692640515103,1.0,0.0012,0,1.0
36,23,1.0,0.0,0.3227592429306704,1.0,0.0012,0,0.5
38,23,1.0,0.0,0.38017511842024326,1.0,0.0012,0,1.0
42,23,1.0,0.0,0.2825681300879693,1.0,0.0012,0,1.0
46,23,1.0,0.1333,0.4099083396559149,1.0,0.0012,0,1.0
50,23,1.0,0.0,0.2657534808374516,1.0,0.0012,0,1.0
51,23,1.0,0.0,0.4291836692845572,1.0,0.0012,0,1.0
52,23,1.0,0.0,0.32480980991244085,1.0,0.0012,0,1.0
56,23,1.0,0.0,0.33718156403578925,1.0,0.0012,0,1.0
60,23,1.0,0.0,0.43697582381528494,1.0,0.0012,0,1.0
63,23,1.0,0.0,0.35543161017354635,1.0,0.0012,1,1.0
64,23,1.0,0.1667,0.5997908421678594,1.0,0.0012,0,1.0
67,23,1.0,0.0,0.2786720528226055,1.0,0.0012,0,1.0
75,23,1.0,0.3333,0.39627206922714137,1.0,0.0012,0,1.0
77,23,1.0,1.0,0.4033465253142494,1.0,0.0012,1,1.0
78,23,1.0,0.6667,0.4374884655607276,1.0,0.0012,0,1.0
79,23,1.0,0.0,0.33051722134503525,1.0,0.0012,0,0.7778
84,23,1.0,0.0,0.44100860554610016,1.0,0.0012,1,1.0
86,23,1.0,0.0,0.4019892452644109,1.0,0.0012,0,0.619
101,23,1.0,0.0,0.4706051223163205,1.0,0.0012,0,0.25
106,23,1.0,1.0,0.48639448807595304,1.0,0.0012,1,1.0
108,23,1.0,0.1071,1.0361514958886133,1.0,0.0012,0,1.0
109,23,1.0,0.8,0.34223962925748974,1.0,0.0012,0,1.0
110,23,1.0,0.0,0.40027067484159373,1.0,0.0012,1,1.0
111,23,1.0,0.0,0.3557733713371748,1.0,0.0012,0,1.0
112,23,1.0,0.0,0.3861217626673776,1.0,0.0012,0,1.0
118,23,1.0,0.0,0.4796276170361105,1.0,0.0012,0,1.0
122,23,1.0,0.0,0.35167223737363384,1.0,0.0012,1,1.0
123,23,1.0,0.8,0.4375909939098161,1.0,0.0012,0,1.0
125,23,1.0,0.0,0.3639756392642566,1.0,0.0012,0,1.0
129,23,1.0,0.0,0.32193901613796216,1.0,0.0012,1,1.0
132,23,1.0,0.0,0.3176328254762442,1.0,0.0012,1,1.0
136,23,1.0,0.0,0.35167223737363384,1.0,0.0012,1,1.0
141,23,1.0,0.75,0.7548137059897062,1.0,0.0012,0,1.0
142,23,1.0,0.0,0.35444050279902395,1.0,0.0012,0,1.0
147,23,1.0,0.1333,0.36964887458048823,1.0,0.0012,0,1.0
152,23,0.25,0.125,0.47532142637439256,1.0,0.0012,1,1.0
154,23,1.0,0.0,0.5356080956384441,1.0,0.0012,1,1.0
155,23,1.0,0.0,0.3367030984067095,1.0,0.0012,0,1.0
159,23,1.0,0.3,0.5284311112022475,1.0,0.0012,0,1.0
165,23,1.0,0.4,0.39329874710357415,1.0,0.0012,0,1.0
177,23,1.0,0.1667,0.3650350988715047,1.0,0.0012,0,1.0
188,23,1.0,0.0,0.6670494391699305,1.0,0.0012,0,1.0
189,23,1.0,0.0,0.2936411917895298,1.0,0.0012,0,1.0
190,23,1.0,0.6,0.3459819139992208,1.0,0.0012,0,1.0
194,23,1.0,0.1071,0.3158898435417393,1.0,0.0012,0,1.0
195,23,1.0,1.0,0.33690815510488653,1.0,0.0012,1,1.0
227,23,1.0,0.0,0.27149506838640886,1.0,0.0012,0,1.0
229,23,1.0,0.0,0.4107285664486231,1.0,0.0012,0,1.0
237,23,1.0,0.0,0.43964156089158657,1.0,0.0012,0,1.0
238,23,1.0,0.3214,0.43974408924067504,1.0,0.0012,0,1.0
239,23,1.0,0.0,0.37525375766399416,1.0,0.0012,0,1.0
240,23,1.0,0.8,0.3647958660569648,1.0,0.0012,0,1.0
250,23,1.0,0.8571,0.4542005864621568,1.0,0.0012,0,1.0
251,23,1.0,0.0,0.47306580269444504,1.0,0.0012,0,1.0
258,23,1.0,0.375,0.3837636106383415,1.0,0.0012,0,1.0
259,23,1.0,0.3556,0.4378780732872639,1.0,0.0012,0,1.0
260,23,1.0,0.0,0.33410571356313357,1.0,0.0012,0,1.0
261,23,1.0,0.0375,0.49513502983574964,1.0,0.0012,0,0.9375
262,23,1.0,0.8,0.30307379990567396,1.0,0.0012,1,1.0
270,23,1.0,0.75,0.47388602948715325,1.0,0.0012,0,1.0
295,23,1.0,0.0,0.350339368835483,1.0,0.0012,0,1.0
296,23,0.9,0.1,0.4264666680337113,1.0,0.0012,1,0.5
306,23,1.0,0.0,0.34367502614472906,1.0,0.0012,0,1.0
307,23,1.0,0.0,0.3985235917731253,1.0,0.0012,0,0.96
1,24,1.0,0.0,0.33137162425410627,1.0,0.0056,0,0.3333
2,24,1.0,0.0,0.2649332540447434,1.0,0.0056,1,1.0
3,24,1.0,0.0,0.40385916705969205,1.0,0.0056,1,1.0
6,24,1.0,0.1667,0.4950232739352432,1.0,0.0056,0,1.0
12,24,0.038450000000000005,0.3901,0.4208788730083869,1.0,0.0056,1,0.8846
22,24,1.0,0.0,0.40068078823794784,1.0,0.0056,1,1.0
23,24,1.0,0.0,0.25775626960854675,1.0,0.0056,0,1.0
30,24,1.0,0.0,0.4591902994511316,1.0,0.0056,0,0.6667
31,24,1.0,1.0,0.32398958311973264,1.0,0.0056,1,1.0
38,24,1.0,0.0,0.5942543113170793,1.0,0.0056,0,1.0
42,24,1.0,0.0,0.517563106198864,1.0,0.0056,0,1.0
51,24,1.0,0.0476,0.542511671143738,1.0,0.0056,0,0.8571
57,24,1.0,0.1385,0.34609013836770314,1.0,0.0056,0,0.5846
62,24,1.0,0.0,0.33075645415957516,1.0,0.0056,0,1.0
64,24,1.0,0.0833,0.4229294399901573,1.0,0.0056,0,1.0
67,24,1.0,0.0,0.3537228043554043,1.0,0.0056,0,1.0
73,24,1.0,0.0,0.40445383148440545,1.0,0.0056,0,0.8
75,24,1.0,0.3333,0.3861217626673776,1.0,0.0056,0,1.0
79,24,1.0,0.0,0.48413886439600556,1.0,0.0056,0,1.0
84,24,0.97725,0.6212,0.39488327613494223,1.0,0.0056,1,1.0
94,24,1.0,0.0,0.7978756126068859,1.0,0.0056,0,1.0
108,24,1.0,0.0,0.41683925605429906,1.0,0.0056,0,1.0
109,24,1.0,0.1667,0.38419422970451333,1.0,0.0056,0,0.6667
110,24,1.0,0.0,0.37504870096581705,1.0,0.0056,1,1.0
111,24,1.0,0.0,0.30081817622572643,1.0,0.0056,0,1.0
112,24,1.0,0.0,0.3227592429306704,1.0,0.0056,0,1.0
118,24,1.0,0.0,0.49521192609756604,1.0,0.0056,0,1.0
121,24,1.0,0.0,0.39012036828183,1.0,0.0056,0,1.0
122,24,1.0,0.0,0.5282260545040705,1.0,0.0056,1,1.0
123,24,1.0,0.2667,0.39012036828182994,1.0,0.0056,0,1.0
130,24,1.0,0.5455,0.3192732790616606,1.0,0.0056,0,1.0
132,24,1.0,0.0,0.41503475711034105,1.0,0.0056,1,1.0
134,24,1.0,0.0,0.34859638690097816,1.0,0.0056,0,1.0
139,24,1.0,0.0,0.4078919487905073,1.0,0.0056,0,1.0
143,24,1.0,0.0,0.6793528410605534,1.0,0.0056,0,1.0
155,24,1.0,0.0,0.691246129554822,1.0,0.0056,0,1.0
159,24,1.0,0.6667,0.30881538745463116,1.0,0.0056,0,1.0
165,24,1.0,0.4,0.3508520105809257,1.0,0.0056,0,1.0
166,24,1.0,0.0,0.38817232964914805,1.0,0.0056,1,1.0
171,24,1.0,0.0,0.36007956199889274,1.0,0.0056,0,1.0
184,24,1.0,0.1333,0.33971059664663944,1.0,0.0056,0,1.0
188,24,1.0,0.0,0.44415280825148157,1.0,0.0056,0,1.0
189,24,1.0,0.0,0.4215965714520065,1.0,0.0056,0,1.0
193,24,1.0,0.3571,0.419135891073882,1.0,0.0056,1,1.0
194,24,1.0,0.0,0.4099083396559149,1.0,0.0056,0,1.0
198,24,1.0,0.0,0.6098386203785348,1.0,0.0056,0,1.0
237,24,1.0,0.0,0.40990833965591494,1.0,0.0056,0,1.0
238,24,1.0,0.0,0.44927922570590767,1.0,0.0056,0,1.0
239,24,1.0,0.0,0.4398466175897636,1.0,0.0056,0,1.0
240,24,1.0,0.0,0.3127114647199951,1.0,0.0056,0,1.0
250,24,1.0,0.1667,0.3620959528643003,1.0,0.0056,0,1.0
251,24,1.0,0.0,0.3832509688928989,1.0,0.0056,0,1.0
260,24,1.0,0.3889,0.3594643919043616,1.0,0.0056,0,1.0
261,24,1.0,0.3175,0.38697927249611797,1.0,0.0056,0,1.0
262,24,1.0,0.9167,0.3553534933361456,1.0,0.0056,1,0.975
263,24,1.0,0.0,0.3252199233087949,1.0,0.0056,0,1.0
272,24,1.0,0.1667,0.36370223033335386,1.0,0.0056,0,1.0
273,24,1.0,0.3214,0.38166177948202684,1.0,0.0056,0,1.0
274,24,1.0,0.6667,0.4882399983595464,1.0,0.0056,1,1.0
1,25,1.0,0.0,0.44473868453198734,1.0,0.004,0,0.3333
2,25,1.0,0.0,0.28748949084421843,1.0,0.004,1,1.0
3,25,1.0,0.0,0.8148953185555807,1.0,0.004,1,1.0
6,25,1.0,0.0,0.29733221235671664,1.0,0.004,0,1.0
12,25,0.1,0.8,0.4252875920191933,1.0,0.004,1,1.0
30,25,1.0,0.0,0.47476935064853126,1.0,0.004,0,0.2857
38,25,1.0,0.0,0.4252875920191933,1.0,0.004,0,1.0
42,25,1.0,0.0,0.4537904730658027,1.0,0.004,0,1.0
52,25,1.0,0.0,0.3938797410817425,1.0,0.004,0,1.0
62,25,1.0,0.0,0.4307362414278977,1.0,0.004,0,0.5714
64,25,1.0,0.25,0.6333029654127939,1.0,0.004,0,1.0
67,25,1.0,0.0,0.5342752271002933,1.0,0.004,0,1.0
79,25,1.0,0.1667,0.5200868809456584,1.0,0.004,0,1.0
84,25,1.0,0.4,0.5934340845243711,1.0,0.004,1,1.0
94,25,1.0,0.5385,0.3892386244796686,1.0,0.004,0,1.0
101,25,1.0,0.0,0.37843213648573837,1.0,0.004,0,1.0
109,25,1.0,0.8,1.684950888920787,1.0,0.004,0,1.0
110,25,1.0,0.0,0.6611027949227962,1.0,0.004,1,1.0
111,25,1.0,0.0,0.41482970041216405,1.0,0.004,0,1.0
112,25,1.0,0.8,0.33690815510488653,1.0,0.004,0,1.0
118,25,1.0,0.0,0.3311665675559292,1.0,0.004,0,1.0
122,25,1.0,1.0,0.3846863657801382,1.0,0.004,1,1.0
123,25,1.0,0.0,1.1735394836672342,1.0,0.004,0,1.0
132,25,1.0,0.0,0.2887198310332807,1.0,0.004,1,1.0
139,25,1.0,0.1143,0.40106160782027667,1.0,0.004,0,0.7143
143,25,1.0,0.0,0.6490044497303505,1.0,0.004,0,1.0
150,25,1.0,0.0,0.37529476900362957,1.0,0.004,0,1.0
154,25,1.0,0.0,0.610658847171243,1.0,0.004,1,1.0
155,25,1.0,0.0,0.3116861812291099,1.0,0.004,0,1.0
159,25,1.0,0.625,0.4092521582217484,1.0,0.004,0,1.0
161,25,1.0,0.0,0.416982795743023,1.0,0.004,1,1.0
171,25,1.0,0.0,0.3476736317591814,1.0,0.004,0,1.0
180,25,1.0,0.0,0.3894026698382103,1.0,0.004,1,1.0
188,25,1.0,0.0,0.35966944860253863,1.0,0.004,0,1.0
189,25,1.0,0.75,0.32952611397051285,1.0,0.004,0,1.0
193,25,1.0,0.0,0.3723829638895155,1.0,0.004,1,1.0
198,25,1.0,0.0,0.2985625525457789,1.0,0.004,0,1.0
239,25,1.0,0.0,0.298972665942133,1.0,0.004,0,1.0
240,25,1.0,0.0,0.2985625525457789,1.0,0.004,0,1.0
250,25,1.0,0.0237,0.72101172816389,1.0,0.004,0,1.0
251,25,1.0,0.0,0.5475013841327128,1.0,0.004,0,1.0
258,25,1.0,0.8889,0.3742284741731089,1.0,0.004,0,1.0
259,25,1.0,0.6842,0.4088830561650297,1.0,0.004,0,1.0
260,25,1.0,0.4091,0.6016876166259971,1.0,0.004,0,1.0
261,25,1.0,0.2614,0.6232698341091312,1.0,0.004,0,1.0
271,25,1.0,0.0,0.5900848251208125,1.0,0.004,0,1.0
272,25,1.0,0.2882,0.382758832817274,1.0,0.004,0,1.0
296,25,1.0,0.5417,0.39757076164892924,1.0,0.004,1,1.0
1,26,1.0,0.0,0.3356778149158243,1.0,0.0108,0,0.3333
2,26,1.0,0.0,1.5347468575061005,1.0,0.0108,1,1.0
3,26,1.0,0.0,0.41026718887772473,1.0,0.0108,1,0.25
4,26,1.0,0.0,0.38074472035962387,1.0,0.0108,1,0.5556
6,26,1.0,0.2273,0.6434884245493879,1.0,0.0108,0,0.5455
8,26,1.0,0.0,0.3539278610535813,1.0,0.0108,0,1.0
21,26,1.0,0.0714,0.39409334180901023,1.0,0.0108,0,0.875
23,26,1.0,0.0,0.5358131523366211,1.0,0.0108,0,1.0
30,26,1.0,0.0,0.7285664486230443,1.0,0.0108,0,1.0
31,26,1.0,1.0,0.720671765743228,1.0,0.0108,1,0.8333
38,26,1.0,0.0,0.7656817109930897,1.0,0.0108,0,1.0
42,26,1.0,0.0,0.36602620624602705,1.0,0.0108,0,1.0
45,26,1.0,0.0,0.5064680741367845,1.0,0.0108,0,0.9643
46,26,1.0,0.2667,0.3910431234236267,1.0,0.0108,0,1.0
51,26,1.0,0.1333,0.4666680337113212,1.0,0.0108,0,0.6
57,26,1.0,0.0,0.45584104004757314,1.0,0.0108,0,1.0
64,26,1.0,0.1,1.0900814075091763,1.0,0.0108,0,1.0
67,26,1.0,0.0,0.26062706338302544,1.0,0.0108,0,1.0
73,26,1.0,0.15,0.7017040211618514,1.0,0.0108,0,0.625
75,26,1.0,0.125,0.45717390858572404,1.0,0.0108,0,1.0
79,26,1.0,0.2143,0.6247223190545519,1.0,0.0108,0,0.5
90,26,1.0,0.0,0.36582114954785,1.0,0.0108,0,1.0
92,26,0.9643,0.0172,0.45221077702058693,1.0,0.0108,0,0.9643
94,26,1.0,0.125,0.5061568273627658,1.0,0.0108,0,0.75
109,26,1.0,0.1607,0.5126124516285896,1.0,0.0108,0,0.5714
110,26,1.0,0.0,0.6908360161584679,1.0,0.0108,1,1.0
111,26,1.0,0.0,2.032932105727234,1.0,0.0108,0,1.0
112,26,1.0,0.0,0.2997928927348412,1.0,0.0108,0,1.0
118,26,1.0,0.0,0.37997006172206615,1.0,0.0108,0,1.0
121,26,1.0,0.1364,0.5586303703883215,1.0,0.0108,0,0.7273
122,26,1.0,1.0,0.3093280292000739,1.0,0.0108,1,1.0
123,26,1.0,0.0,0.33629298501035537,1.0,0.0108,0,1.0
129,26,1.0,0.0,0.4721430475526484,1.0,0.0108,1,1.0
132,26,1.0,0.0,0.43697582381528494,1.0,0.0108,1,1.0
133,26,1.0,0.75,0.3464689236573913,1.0,0.0108,1,0.5
139,26,1.0,0.0,2.430742100190703,1.0,0.0108,0,1.0
141,26,1.0,0.0,0.4598738217783884,1.0,0.0108,0,1.0
143,26,1.0,0.0,0.3386511370393914,1.0,0.0108,0,1.0
154,26,1.0,0.0,0.3965796542744069,1.0,0.0108,1,1.0
159,26,1.0,0.0,0.6997047183546251,1.0,0.0108,0,1.0
160,26,1.0,0.1778,0.39863022125617736,1.0,0.0108,0,0.5556
165,26,1.0,0.0,0.3864293477146431,1.0,0.0108,0,1.0
168,26,1.0,1.0,0.4429224680624193,1.0,0.0108,1,1.0
171,26,1.0,0.1604,0.5617733303258352,1.0,0.0108,0,0.6471
186,26,1.0,0.25,0.3494166136936863,1.0,0.0108,0,1.0
188,26,1.0,0.0,1.4394980212028625,1.0,0.0108,0,1.0
189,26,1.0,0.3,0.7728586954292862,1.0,0.0108,0,1.0
193,26,1.0,0.0,0.9213197449094677,1.0,0.0108,1,1.0
194,26,1.0,0.0,0.38318945188344583,1.0,0.0108,0,1.0
198,26,1.0,0.0,1.10997190723235,1.0,0.0108,0,1.0
239,26,1.0,0.0,0.2979473824512478,1.0,0.0108,0,1.0
240,26,1.0,0.0,0.4488691123095536,1.0,0.0108,0,1.0
250,26,1.0,0.55,0.405807205692374,1.0,0.0108,0,1.0
251,26,1.0,0.0,0.521664240162405,1.0,0.0108,0,1.0
258,26,1.0,0.0,0.477611226170703,1.0,0.0108,0,1.0
259,26,1.0,0.0,0.473453132013224,1.0,0.0108,0,1.0
260,26,1.0,0.2424,0.36459080935878774,1.0,0.0108,0,1.0
261,26,1.0,0.2841,0.5767732277974861,1.0,0.0108,0,1.0
272,26,1.0,0.0,0.6608977382246192,1.0,0.0108,0,1.0
273,26,1.0,0.0,0.6879652223839893,1.0,0.0108,0,1.0
283,26,1.0,0.0,0.3573112965735026,1.0,0.0108,0,1.0
284,26,1.0,0.0,0.6666393257735764,1.0,0.0108,0,1.0
286,26,1.0,0.0,0.6402639079705539,1.0,0.0108,0,1.0
1,27,1.0,0.0,0.5482190825763323,1.0,0.0048,0,0.6
6,27,1.0,0.0,0.42518506367010483,1.0,0.0048,0,1.0
12,27,0.2,0.8,0.40457686550331173,1.0,0.0048,1,0.5
21,27,1.0,0.0,0.501671212090143,1.0,0.0048,0,1.0
27,27,0.3333,0.6667,0.4527651895749175,1.0,0.0048,1,1.0
30,27,1.0,0.0,0.3482888018537126,1.0,0.0048,0,1.0
38,27,1.0,0.0,0.3319867943486374,1.0,0.0048,0,1.0
41,27,0.11109999999999999,0.3889,0.40170607172883305,1.0,0.0048,1,0.8889
42,27,1.0,0.0,0.4853692045850678,1.0,0.0048,0,1.0
46,27,1.0,0.6667,0.3283983021305391,1.0,0.0048,0,1.0
64,27,1.0,0.1333,0.4115487932413313,1.0,0.0048,0,1.0
67,27,1.0,0.0,0.4156499272048722,1.0,0.0048,0,1.0
75,27,1.0,0.0,0.3621301289806632,1.0,0.0048,0,1.0
79,27,1.0,0.1714,0.3731006623331351,1.0,0.0048,0,1.0
84,27,1.0,0.8333,0.3961841877850654,1.0,0.0048,1,0.93045
109,27,1.0,0.375,0.4330797465499211,1.0,0.0048,0,1.0
110,27,1.0,0.0,0.31291652141817217,1.0,0.0048,1,1.0
111,27,1.0,0.0,0.31025078434187053,1.0,0.0048,0,1.0
112,27,1.0,0.8,0.3922649195835982,1.0,0.0048,0,1.0
118,27,1.0,0.0,0.4583017204256977,1.0,0.0048,0,1.0
122,27,1.0,1.0,0.464043307974655,1.0,0.0048,1,1.0
123,27,1.0,0.0,1.2289047921750367,1.0,0.0048,0,1.0
125,27,1.0,0.0,0.2866692640515103,1.0,0.0048,0,1.0
130,27,1.0,0.3571,0.29456394693132654,1.0,0.0048,0,1.0
132,27,1.0,0.0,0.4062173190887281,1.0,0.0048,1,1.0
141,27,1.0,0.0,0.3484596824355268,1.0,0.0048,0,1.0
143,27,1.0,0.0,0.46650398835277956,1.0,0.0048,0,1.0
154,27,1.0,0.0,0.321323846043431,1.0,0.0048,1,1.0
155,27,1.0,0.0,0.2997928927348412,1.0,0.0048,0,1.0
159,27,1.0,0.0,0.5167018680665204,1.0,0.0048,0,1.0
188,27,1.0,0.0,0.30020300613119527,1.0,0.0048,0,1.0
189,27,1.0,0.3333,0.7581971415096275,1.0,0.0048,0,1.0
193,27,1.0,0.0,0.41031845305226894,1.0,0.0048,1,1.0
194,27,1.0,0.0,0.37720179629667605,1.0,0.0048,0,1.0
198,27,1.0,0.0,0.5023889105337627,1.0,0.0048,0,1.0
239,27,1.0,0.0,0.34141940246478153,1.0,0.0048,0,1.0
240,27,1.0,0.0,0.49377652921032666,1.0,0.0048,0,1.0
247,27,1.0,0.3214,0.517973219595218,1.0,0.0048,0,1.0
250,27,1.0,0.5217,0.38867032448757793,1.0,0.0048,0,1.0
251,27,1.0,0.8,0.41790555088481973,1.0,0.0048,0,1.0
252,27,1.0,0.0,0.3844813090819612,1.0,0.0048,0,1.0
258,27,1.0,0.2182,0.4757315397707466,1.0,0.0048,0,1.0
259,27,1.0,0.2895,0.7152377632415363,1.0,0.0048,0,1.0
260,27,1.0,0.4091,0.38212315705292516,1.0,0.0048,0,1.0
261,27,1.0,0.2431,0.37795367085665854,1.0,0.0048,0,1.0
262,27,1.0,0.625,0.3746207565522302,1.0,0.0048,1,0.625
263,27,0.96,0.04,0.389676078769113,1.0,0.0048,0,0.44
274,27,0.12,0.88,0.40621731908872805,1.0,0.0048,1,0.52
285,27,1.0,0.0,0.4291836692845572,1.0,0.0048,0,1.0
296,27,1.0,0.0,0.3869419894600857,1.0,0.0048,1,1.0
