node_id,cycle_id,FFc,dFF,rho_recv,d_bar,tau,PDRVar,CoordScore,lambda_t_norm,is_attacker
1,1,1.0,0.0,0.375,1.704625,1.0,0.0,0.0,0.8528,0
3,1,1.0,0.75,1.0,1.864,1.0,0.0,0.0,0.8528,1
16,1,1.0,0.127,0.7778,2.0904444444444445,1.0,0.0,0.0,0.8528,0
23,1,1.0,0.0,0.6667,2.261,1.0,0.0,0.0,0.8528,0
24,1,1.0,0.0,1.0,1.359,1.0,0.0,0.0,0.8528,1
29,1,0.125,0.875,0.5,2.408,1.0,0.0,0.0,0.8528,1
30,1,1.0,0.0,1.0,2.113,1.0,0.0,0.0,0.8528,0
33,1,1.0,0.0,1.0,2.71,1.0,0.0,0.0,0.8528,1
35,1,1.0,0.0,1.0,1.63,1.0,0.0,0.0,0.8528,0
38,1,1.0,0.0,1.0,3.135,1.0,0.0,0.0,0.8528,0
42,1,1.0,0.0,1.0,1.488,1.0,0.0,0.0,0.8528,0
44,1,1.0,0.0,1.0,1.635,1.0,0.0,0.0,0.8528,0
46,1,1.0,0.0,1.0,1.574,1.0,0.0,0.0,0.8528,0
48,1,1.0,0.0,0.75,5.74,1.0,0.0,0.0,0.8528,1
51,1,1.0,0.0,1.0,1.451,1.0,0.0,0.0,0.8528,0
55,1,1.0,0.0,0.4,3.5416,1.0,0.0,0.0,0.8528,1
67,1,1.0,0.0,1.0,1.669,1.0,0.0,0.0,0.8528,0
75,1,1.0,0.2521,0.4118,2.0294117647058822,1.0,0.0,0.0,0.8528,0
77,1,1.0,1.0,1.0,2.1301666666666663,1.0,0.0,0.0,0.8528,1
78,1,1.0,0.0,1.0,1.434,1.0,0.0,0.0,0.8528,0
79,1,1.0,0.3333,1.0,1.5415,1.0,0.0,0.0,0.8528,0
93,1,1.0,0.0,1.0,2.045,1.0,0.0,0.0,0.8528,0
97,1,1.0,0.0,1.0,1.429,1.0,0.0,0.0,0.8528,0
108,1,1.0,0.0,1.0,2.4416666666666664,1.0,0.0,0.0,0.8528,0
109,1,1.0,0.0,0.25,1.7415,1.0,0.0,0.0,0.8528,0
110,1,1.0,0.0,1.0,1.704,1.0,0.0,0.0,0.8528,1
111,1,1.0,0.0,1.0,1.7265,1.0,0.0,0.0,0.8528,0
115,1,1.0,1.0,1.0,2.035,1.0,0.0,0.0,0.8528,1
118,1,1.0,0.0,1.0,1.681,1.0,0.0,0.0,0.8528,0
122,1,1.0,1.0,1.0,1.989,1.0,0.0,0.0,0.8528,1
123,1,1.0,0.0,0.6667,1.7666666666666666,1.0,0.0,0.0,0.8528,0
124,1,1.0,0.0,1.0,1.8370000000000002,1.0,0.0,0.0,0.8528,0
128,1,1.0,0.0,1.0,2.331,1.0,0.0,0.0,0.8528,0
129,1,1.0,0.5714,1.0,1.735,1.0,0.0,0.0,0.8528,1
130,1,1.0,0.0,1.0,1.982,1.0,0.0,0.0,0.8528,0
132,1,1.0,0.0,1.0,1.578,1.0,0.0,0.0,0.8528,1
134,1,1.0,0.1905,1.0,2.4770000000000003,1.0,0.0,0.0,0.8528,0
140,1,1.0,0.0,1.0,2.352,1.0,0.0,0.0,0.8528,0
141,1,1.0,0.1716,0.7059,2.852705882352941,1.0,0.0,0.0,0.8528,0
143,1,1.0,0.0,1.0,1.639,1.0,0.0,0.0,0.8528,0
153,1,1.0,0.0,1.0,2.072,1.0,0.0,0.0,0.8528,0
154,1,1.0,0.0,1.0,2.068,1.0,0.0,0.0,0.8528,1
155,1,1.0,0.8333,1.0,1.982,1.0,0.0,0.0,0.8528,0
159,1,1.0,0.0,0.375,2.059875,1.0,0.0,0.0,0.8528,0
162,1,1.0,0.625,1.0,2.574470588235294,1.0,0.0,0.0,0.8528,0
165,1,1.0,0.0833,1.0,1.9800000000000002,1.0,0.0,0.0,0.8528,0
168,1,1.0,1.0,1.0,1.602,1.0,0.0,0.0,0.8528,1
180,1,1.0,0.8571,1.0,1.3940000000000001,1.0,0.0,0.0,0.8528,1
182,1,1.0,1.0,1.0,2.204,1.0,0.0,0.0,0.8528,1
187,1,1.0,0.0,1.0,2.732,1.0,0.0,0.0,0.8528,1
188,1,1.0,0.0,1.0,2.124,1.0,0.0,0.0,0.8528,0
191,1,1.0,0.0,0.2,1.9768000000000001,1.0,0.0,0.0,0.8528,0
194,1,1.0,0.8333,1.0,1.9206666666666667,1.0,0.0,0.0,0.8528,0
195,1,1.0,0.0,1.0,2.213,1.0,0.0,0.0,0.8528,1
197,1,0.25,0.5,1.0,2.113,1.0,0.0,0.0,0.8528,1
198,1,1.0,0.3333,1.0,1.8705,1.0,0.0,0.0,0.8528,0
238,1,1.0,0.0,1.0,1.629,1.0,0.0,0.0,0.8528,0
239,1,1.0,0.8333,1.0,1.966,1.0,0.0,0.0,0.8528,0
240,1,1.0,0.75,1.0,1.7275,1.0,0.0,0.0,0.8528,0
241,1,1.0,0.0,1.0,1.935,1.0,0.0,0.0,0.8528,0
248,1,1.0,0.8,1.0,2.2015000000000002,1.0,0.0,0.0,0.8528,1
250,1,1.0,0.0495,0.9286,2.195357142857143,1.0,0.0,0.0,0.8528,0
251,1,1.0,0.5333,1.0,1.9161428571428571,1.0,0.0,0.0,0.8528,0
252,1,1.0,0.5714,1.0,1.461,1.0,0.0,0.0,0.8528,0
258,1,1.0,0.303,1.0,1.9098333333333333,1.0,0.0,0.0,0.8528,0
259,1,1.0,0.7778,1.0,2.2252,1.0,0.0,0.0,0.8528,0
260,1,1.0,0.0,1.0,2.82,1.0,0.0,0.0,0.8528,0
261,1,1.0,0.2333,1.0,2.866,1.0,0.0,0.0,0.8528,0
262,1,1.0,0.7,1.0,3.1350000000000002,1.0,0.0,0.0,0.8528,1
263,1,1.0,0.75,1.0,1.652,1.0,0.0,0.0,0.8528,0
268,1,0.16665,0.6667,1.0,1.506,1.0,0.0,0.0,0.8528,1
269,1,1.0,0.1429,1.0,2.475818181818182,1.0,0.0,0.0,0.8528,0
270,1,1.0,0.0,1.0,2.9387999999999996,1.0,0.0,0.0,0.8528,0
271,1,1.0,0.0,0.875,4.934,1.0,0.0,0.0,0.8528,0
272,1,1.0,0.0,0.75,2.525375,1.0,0.0,0.0,0.8528,0
273,1,1.0,0.0,0.7143,2.492857142857143,1.0,0.0,0.0,0.8528,0
279,1,1.0,0.4444,1.0,2.3225555555555553,1.0,0.0,0.0,0.8528,1
280,1,1.0,0.8333,1.0,2.868,1.0,0.0,0.0,0.8528,0
290,1,1.0,0.0,1.0,1.7171111111111113,1.0,0.0,0.0,0.8528,0
1,2,1.0,0.2,0.63335,5.037727272727273,1.0,0.0,0.0,0.0004,0
3,2,1.0,0.1667,0.5,5.567818181818182,1.0,0.0,0.0,0.0004,1
6,2,1.0,0.0,1.0,2.2845,1.0,0.0,0.0,0.0004,0
30,2,1.0,0.0,1.0,5.1034,1.0,0.0,0.0,0.0004,0
38,2,1.0,0.0,1.0,1.477,1.0,0.0,0.0,0.0004,0
42,2,1.0,0.0,1.0,2.682,1.0,0.0,0.0,0.0004,0
44,2,1.0,0.0,1.0,3.0404999999999998,1.0,0.0,0.0,0.0004,0
57,2,1.0,0.0,0.2667,2.738266666666667,1.0,0.0,0.0,0.0004,0
62,2,1.0,0.2676,0.5652,4.357130434782609,1.0,0.0,0.0,0.0004,0
70,2,1.0,0.0,1.0,3.532,1.0,0.0,0.0,0.0004,0
75,2,1.0,0.1978,1.0,3.5204999999999997,1.0,0.0,0.0,0.0004,0
79,2,1.0,0.8333,1.0,4.416,1.0,0.0,0.0,0.0004,0
84,2,1.0,1.0,1.0,4.3773333333333335,1.0,0.0,0.0,0.0004,1
110,2,1.0,0.0,1.0,7.96925,1.0,0.0,0.0,0.0004,1
111,2,1.0,0.35,1.0,3.292444444444444,1.0,0.0,0.0,0.0004,0
112,2,1.0,0.0,1.0,7.0183333333333335,1.0,0.0,0.0,0.0004,0
118,2,1.0,0.0,1.0,2.784,1.0,0.0,0.0,0.0004,0
121,2,1.0,0.0,1.0,2.091,1.0,0.0,0.0,0.0004,0
122,2,1.0,1.0,1.0,4.175428571428571,1.0,0.0,0.0,0.0004,1
123,2,1.0,0.0,1.0,5.9427142857142865,1.0,0.0,0.0,0.0004,0
126,2,1.0,0.0,0.3333,3.905333333333333,1.0,0.0,0.0,0.0004,0
130,2,1.0,0.0,1.0,6.827999999999999,1.0,0.0,0.0,0.0004,0
132,2,1.0,0.25,1.0,2.8988333333333336,1.0,0.0,0.0,0.0004,1
134,2,1.0,0.8571,1.0,1.434,1.0,0.0,0.0,0.0004,0
140,2,1.0,0.0,1.0,3.6029999999999998,1.0,0.0,0.0,0.0004,0
141,2,1.0,0.0,1.0,3.993,1.0,0.0,0.0,0.0004,0
143,2,1.0,0.0,1.0,7.088142857142857,1.0,0.0,0.0,0.0004,0
148,2,1.0,0.0,1.0,3.308,1.0,0.0,0.0,0.0004,1
152,2,0.1875,0.4375,1.0,1.8150000000000002,1.0,0.0,0.0,0.0004,1
154,2,1.0,0.1667,0.83335,4.126214285714286,1.0,0.0,0.0,0.0004,1
155,2,1.0,0.8333,1.0,2.5149999999999997,1.0,0.0,0.0,0.0004,0
168,2,1.0,0.8333,1.0,4.116466666666667,1.0,0.0,0.0,0.0004,1
188,2,1.0,0.0,1.0,1.463,1.0,0.0,0.0,0.0004,0
193,2,1.0,0.2647,0.4706,3.2218235294117648,1.0,0.0,0.0,0.0004,1
195,2,1.0,1.0,1.0,6.452500000000001,1.0,0.0,0.0,0.0004,1
198,2,1.0,0.8333,1.0,3.9563043478260873,1.0,0.0,0.0,0.0004,0
238,2,1.0,0.0,0.6,5.8682,1.0,0.0,0.0,0.0004,0
239,2,1.0,0.0714,0.8571,4.810714285714285,1.0,0.0,0.0,0.0004,0
240,2,1.0,0.75,1.0,6.542,1.0,0.0,0.0,0.0004,0
241,2,1.0,0.0,1.0,5.154,1.0,0.0,0.0,0.0004,0
248,2,1.0,0.8333,1.0,4.755,1.0,0.0,0.0,0.0004,1
249,2,0.0667,0.4333,0.5333,1.309,1.0,0.0011122225,0.0,0.0004,1
250,2,1.0,0.4848,1.0,10.776666666666666,1.0,0.0,0.0,0.0004,0
251,2,1.0,0.4083,1.0,3.156071428571429,1.0,0.0,0.0,0.0004,0
252,2,1.0,0.6667,1.0,1.513,1.0,0.0,0.0,0.0004,0
258,2,1.0,0.7857,1.0,2.883,1.0,0.0,0.0,0.0004,0
261,2,1.0,0.8571,1.0,6.0073333333333325,1.0,0.0,0.0,0.0004,0
262,2,1.0,0.6667,1.0,2.556142857142857,1.0,0.0,0.0,0.0004,1
263,2,1.0,0.6667,1.0,1.723,1.0,0.0,0.0,0.0004,0
272,2,1.0,0.6667,1.0,2.6068333333333333,1.0,0.0,0.0,0.0004,0
273,2,1.0,0.5263,1.0,5.477307692307692,1.0,0.0,0.0,0.0004,0
283,2,1.0,0.0,1.0,1.726,1.0,0.0,0.0,0.0004,0
284,2,1.0,0.0,1.0,4.135,1.0,0.0,0.0,0.0004,0
1,3,1.0,0.0,1.0,1.8943333333333332,1.0,0.0,0.0,0.0004,0
2,3,1.0,0.0,1.0,3.9896666666666665,1.0,0.0,0.0,0.0004,1
3,3,1.0,0.0,0.3333,1.9192,1.0,0.0,0.0,0.0004,1
6,3,1.0,0.0455,1.0,2.104071428571429,1.0,0.0,0.0,0.0004,0
14,3,1.0,0.8571,1.0,2.241,1.0,0.0,0.0,0.0004,0
21,3,1.0,0.0,1.0,1.889,1.0,0.0,0.0,0.0004,0
23,3,1.0,0.0,1.0,5.225,1.0,0.0,0.0,0.0004,0
30,3,1.0,0.0,1.0,2.971,1.0,0.0,0.0,0.0004,0
31,3,1.0,1.0,1.0,3.014,1.0,0.0,0.0,0.0004,1
36,3,1.0,0.0,1.0,1.6935,1.0,0.0,0.0,0.0004,0
38,3,1.0,0.0,1.0,5.234,1.0,0.0,0.0,0.0004,0
42,3,1.0,0.0,1.0,15.139,1.0,0.0,0.0,0.0004,0
44,3,1.0,0.0556,0.94445,2.4535,1.0,0.0,0.0,0.0004,0
51,3,1.0,0.0,1.0,2.695,1.0,0.0,0.0,0.0004,0
57,3,1.0,0.0,1.0,1.234,1.0,0.0,0.0,0.0004,0
62,3,1.0,0.6667,1.0,7.1617500000000005,1.0,0.0,0.0,0.0004,0
64,3,1.0,0.0,0.6667,2.8506666666666667,1.0,0.0,0.0,0.0004,0
67,3,1.0,0.3333,1.0,3.6189999999999998,1.0,0.22222222222222224,1.0,0.0004,0
70,3,1.0,0.0,1.0,3.692,1.0,0.0,0.0,0.0004,0
73,3,1.0,0.1,1.0,5.4042,1.0,0.0,0.0,0.0004,0
75,3,1.0,0.1071,0.7857000000000001,1.7890833333333334,1.0,0.0,0.0,0.0004,0
79,3,1.0,0.0,1.0,2.118,1.0,0.0,0.0,0.0004,0
94,3,1.0,0.0,0.6667,1.8673333333333335,1.0,0.0,0.0,0.0004,0
108,3,1.0,0.0,1.0,2.271,1.0,0.0,0.0,0.0004,0
111,3,1.0,0.0,1.0,2.799,1.0,0.0,0.0,0.0004,0
112,3,1.0,0.1389,0.6667,1.9798823529411766,1.0,0.0,0.0,0.0004,0
118,3,1.0,0.0,1.0,10.961,1.0,0.0,0.0,0.0004,0
121,3,1.0,0.381,1.0,4.456250000000001,1.0,0.0,0.0,0.0004,0
123,3,1.0,0.0952,0.7778,1.8293333333333333,1.0,0.0,0.0,0.0004,0
126,3,1.0,0.0,1.0,1.78675,1.0,0.0,0.0,0.0004,0
129,3,1.0,0.8889,1.0,1.935,1.0,0.0,0.0,0.0004,1
130,3,1.0,0.0,1.0,1.8379999999999999,1.0,0.0,0.0,0.0004,0
132,3,1.0,0.0,1.0,2.826,1.0,0.0,0.0,0.0004,1
139,3,1.0,0.0,1.0,2.9465,1.0,0.0,0.0,0.0004,0
140,3,1.0,0.0,1.0,4.34425,1.0,0.0,0.0,0.0004,0
141,3,1.0,0.8571,1.0,1.734,1.0,0.0,0.0,0.0004,0
143,3,1.0,0.0,1.0,1.94175,1.0,0.0,0.0,0.0004,0
152,3,0.07690000000000001,0.4231,0.7692,1.506,1.0,0.0030580899999999994,1.0,0.0004,1
154,3,1.0,0.0,1.0,2.135,1.0,0.0,0.0,0.0004,1
155,3,1.0,0.2667,1.0,2.0598,1.0,0.0,0.0,0.0004,0
159,3,1.0,0.0,1.0,4.1905,1.0,0.0,0.0,0.0004,0
168,3,1.0,0.8462,1.0,2.4959,1.0,0.0,0.0,0.0004,1
184,3,1.0,0.0,1.0,4.2845,1.0,0.0,0.0,0.0004,0
188,3,1.0,0.0,1.0,2.441,1.0,0.0,0.0,0.0004,0
193,3,1.0,0.8333,1.0,1.352,1.0,0.0,0.0,0.0004,1
195,3,1.0,1.0,1.0,6.252,1.0,0.0,0.0,0.0004,1
198,3,1.0,0.25,1.0,7.423,1.0,0.0,0.0,0.0004,0
240,3,1.0,0.0,1.0,4.703666666666667,1.0,0.0,0.0,0.0004,0
241,3,1.0,0.0,1.0,2.382,1.0,0.0,0.0,0.0004,0
247,3,1.0,0.0,1.0,1.474,1.0,0.0,0.0,0.0004,0
249,3,0.125,0.3036,0.875,1.836,1.0,0.0026080866666666667,1.0,0.0004,1
250,3,1.0,0.2597,1.0,1.8745714285714286,1.0,0.0,0.0,0.0004,0
251,3,1.0,0.1333,1.0,2.5723,1.0,0.0,0.0,0.0004,0
252,3,1.0,0.0,1.0,1.663,1.0,0.0,0.0,0.0004,0
258,3,1.0,0.3333,1.0,2.2725,1.0,0.0,0.0,0.0004,0
260,3,1.0,0.0,1.0,1.674,1.0,0.0,0.0,0.0004,0
261,3,1.0,0.075,1.0,4.88911111111111,1.0,0.0,0.0,0.0004,0
262,3,1.0,1.0,1.0,3.7655,1.0,0.0,0.0,0.0004,1
269,3,1.0,0.8333,1.0,1.97,1.0,0.0,0.0,0.0004,0
272,3,1.0,0.0,1.0,3.64175,1.0,0.0,0.0,0.0004,0
273,3,1.0,0.0375,0.9375,2.1094545454545455,1.0,0.0,0.0,0.0004,0
284,3,1.0,0.2667,1.0,1.5463333333333333,1.0,0.0,0.0,0.0004,0
1,4,1.0,0.0833,0.75,1.8863333333333332,1.0,0.0,0.0,0.0,0
3,4,1.0,0.0,0.6667,2.061,1.0,0.0,0.0,0.0,1
5,4,0.16670000000000001,0.8333,0.1667,1.835,1.0,0.005210416875,1.0,0.0,1
6,4,1.0,0.0,0.75,2.258,1.0,0.0,0.0,0.0,0
7,4,1.0,0.1778,0.5556,1.6966666666666665,1.0,0.0,0.0,0.0,0
10,4,1.0,0.0,0.2222,1.9196666666666669,1.0,0.0,0.0,0.0,0
15,4,1.0,0.0,1.0,1.649,1.0,0.0,0.0,0.0,1
17,4,1.0,0.0,0.8,2.0385999999999997,1.0,0.0,0.0,0.0,0
23,4,1.0,0.1667,1.0,2.4846666666666666,1.0,0.0,0.0,0.0,0
30,4,1.0,0.0,1.0,3.833,1.0,0.0,0.0,0.0,0
35,4,1.0,0.0,0.75,1.74925,1.0,0.0,0.0,0.0,0
36,4,1.0,0.0,1.0,2.511,1.0,0.0,0.0,0.0,0
38,4,1.0,0.0,1.0,2.386,1.0,0.0,0.0,0.0,0
42,4,1.0,0.0,1.0,1.349,1.0,0.0,0.0,0.0,0
44,4,1.0,0.0,0.5,1.7389999999999999,1.0,0.0,0.0,0.0,0
46,4,1.0,0.8,1.0,2.326,1.0,0.0,0.0,0.0,0
47,4,1.0,0.0,0.6667,1.7936666666666667,1.0,0.0,0.0,0.0,0
55,4,1.0,0.0,1.0,1.815,1.0,0.0,0.0,0.0,1
62,4,1.0,0.0,1.0,1.8945,1.0,0.0,0.0,0.0,0
67,4,1.0,0.0,1.0,1.6825,1.0,0.1875,0.9999999999999999,0.0,0
73,4,1.0,0.25,1.0,3.541,1.0,0.0,0.0,0.0,0
74,4,1.0,0.0,1.0,1.531,1.0,0.0,0.0,0.0,1
75,4,1.0,0.1143,0.7143,1.9355,1.0,0.0,0.0,0.0,0
77,4,1.0,0.5,1.0,1.7143333333333333,1.0,0.0,0.0,0.0,1
82,4,1.0,0.2007,0.5652,2.485782608695652,1.0,0.0,0.0,0.0,0
85,4,1.0,0.0,1.0,1.66,1.0,0.0,0.0,0.0,0
88,4,1.0,0.0,1.0,1.876,1.0,0.0,0.0,0.0,1
93,4,1.0,0.75,1.0,3.689,1.0,0.0,0.0,0.0,0
94,4,1.0,0.9,1.0,1.916,1.0,0.0,0.0,0.0,0
95,4,1.0,0.0,1.0,2.3386666666666667,1.0,0.0,0.0,0.0,1
97,4,1.0,0.0,1.0,1.356,1.0,0.0,0.0,0.0,0
99,4,1.0,0.0,1.0,2.121,1.0,0.0,0.0,0.0,0
102,4,1.0,0.7778,1.0,1.526,1.0,0.0,0.0,0.0,1
108,4,1.0,0.25,1.0,1.7329999999999999,1.0,0.0,0.0,0.0,0
110,4,1.0,0.0,1.0,2.251,1.0,0.0,0.0,0.0,1
111,4,1.0,0.2597,1.0,1.4065,1.0,0.0,0.0,0.0,0
115,4,1.0,1.0,1.0,1.911,1.0,0.0,0.0,0.0,1
118,4,1.0,0.0,1.0,2.145,1.0,0.0,0.0,0.0,0
119,4,1.0,0.0,0.1111,1.9416666666666669,1.0,0.0,0.0,0.0,0
121,4,1.0,0.7143,1.0,2.065,1.0,0.0,0.0,0.0,0
122,4,1.0,1.0,1.0,2.234,1.0,0.046875,1.0,0.0,1
123,4,1.0,0.0,1.0,1.9,1.0,0.0,0.0,0.0,0
124,4,1.0,0.0,1.0,1.9740000000000002,1.0,0.0,0.0,0.0,0
126,4,1.0,0.0,1.0,1.624,1.0,0.0,0.0,0.0,0
127,4,0.07145,0.2571,0.9643,1.787,1.0,0.0,0.0,0.0,1
128,4,1.0,0.0,1.0,2.3413333333333335,1.0,0.0,0.0,0.0,0
129,4,1.0,0.0,1.0,2.5410000000000004,1.0,0.0,0.0,0.0,1
130,4,1.0,0.0,1.0,1.939,1.0,0.0,0.0,0.0,0
132,4,1.0,0.0,1.0,1.6505,1.0,0.0,0.0,0.0,1
137,4,1.0,0.0,1.0,2.317,1.0,0.0,0.0,0.0,0
140,4,1.0,0.0,1.0,1.414,1.0,0.0,0.0,0.0,0
141,4,1.0,0.8333,1.0,1.694,1.0,0.0,0.0,0.0,0
143,4,1.0,0.0,1.0,2.255,1.0,0.0,0.0,0.0,0
149,4,1.0,0.0,1.0,1.747,1.0,0.0,0.0,0.0,0
153,4,1.0,0.8333,1.0,2.467,1.0,0.0,0.0,0.0,0
155,4,1.0,0.1667,1.0,2.0975,1.0,0.0,0.0,0.0,0
163,4,1.0,0.0,1.0,2.6,1.0,0.0,0.0,0.0,0
165,4,1.0,0.8333,1.0,1.396,1.0,0.0,0.0,0.0,0
168,4,1.0,0.9167,1.0,1.562,1.0,0.0,0.0,0.0,1
171,4,1.0,0.0,1.0,2.111,1.0,0.0,0.0,0.0,0
184,4,1.0,0.0,1.0,1.784,1.0,0.0,0.0,0.0,0
187,4,1.0,0.0,1.0,2.126,1.0,0.0,0.0,0.0,1
191,4,1.0,0.0,1.0,2.626,1.0,0.0,0.0,0.0,0
192,4,1.0,0.4773,1.0,2.829,1.0,0.0,0.0,0.0,0
194,4,1.0,0.8571,1.0,1.178,1.0,0.0,0.0,0.0,0
195,4,1.0,1.0,1.0,2.245,1.0,0.0,0.0,0.0,1
198,4,1.0,0.4167,1.0,1.8476666666666668,1.0,0.0,0.0,0.0,0
240,4,1.0,0.0,1.0,1.584,1.0,0.0,0.0,0.0,0
241,4,1.0,0.0,1.0,1.964,1.0,0.0,0.0,0.0,0
247,4,1.0,0.6667,1.0,3.636,1.0,0.0,0.0,0.0,0
250,4,1.0,0.2667,1.0,1.9233333333333331,1.0,0.0,0.0,0.0,0
251,4,1.0,0.2735,1.0,2.2111666666666667,1.0,0.0,0.0,0.0,0
252,4,1.0,0.0,1.0,1.858,1.0,0.0,0.0,0.0,0
258,4,1.0,0.375,1.0,2.6465,1.0,0.0,0.0,0.0,0
261,4,1.0,0.1,1.0,1.9615,1.0,0.0,0.0,0.0,0
262,4,1.0,1.0,1.0,1.616,1.0,0.0,0.0,0.0,1
269,4,1.0,0.9,1.0,2.9690000000000003,1.0,0.0,0.0,0.0,0
270,4,1.0,0.8182,1.0,4.408,1.0,0.0,0.0,0.0,0
272,4,1.0,0.0,1.0,1.558,1.0,0.0,0.0,0.0,0
279,4,1.0,0.0,1.0,2.046,1.0,0.0,0.0,0.0,1
280,4,1.0,0.0,1.0,2.191,1.0,0.0,0.0,0.0,0
281,4,1.0,0.0,1.0,2.9526,1.0,0.0,0.0,0.0,0
290,4,1.0,0.8571,1.0,1.595,1.0,0.0,0.0,0.0,0
291,4,1.0,0.3667,0.45,1.91405,1.0,0.0,0.0,0.0,0
1,5,1.0,0.0,1.0,9.84,1.0,0.0,0.0,0.004,0
3,5,1.0,0.0,1.0,1.8115,1.0,0.0,0.0,0.004,1
6,5,1.0,0.0,0.6875,3.2861666666666665,1.0,0.0,0.0,0.004,0
7,5,1.0,0.0,1.0,1.801,1.0,0.0,0.0,0.004,0
10,5,1.0,0.1709,1.0,5.1825,1.0,0.0,0.0,0.004,0
17,5,1.0,0.0,1.0,2.857,1.0,0.0,0.0,0.004,0
23,5,1.0,0.0,0.6,6.458,1.0,0.0,0.0,0.004,0
29,5,1.0,0.0,0.75,3.95675,1.0,0.19791666666666666,1.0,0.004,0
30,5,0.875,0.125,0.25,2.2857142857142856,1.0,0.0024999999999999996,1.0,0.004,0
31,5,1.0,1.0,1.0,5.031,1.0,0.0,0.0,0.004,1
36,5,1.0,0.0889,1.0,1.7142857142857142,1.0,0.0,0.0,0.004,0
37,5,1.0,0.1984,0.6429,1.9635714285714287,1.0,0.0,0.0,0.004,1
42,5,1.0,0.0,1.0,2.637,1.0,0.0,0.0,0.004,0
57,5,1.0,0.1333,0.6667,6.1604,1.0,0.0,0.0,0.004,0
62,5,1.0,0.1333,1.0,6.3549999999999995,1.0,0.0,0.0,0.004,0
64,5,1.0,0.0,1.0,1.719,1.0,0.0,0.0,0.004,0
67,5,1.0,0.0,1.0,2.077,1.0,0.16000000000000006,1.0,0.004,0
73,5,1.0,0.3333,1.0,4.376666666666666,1.0,0.0,0.0,0.004,0
75,5,1.0,0.0,0.25,2.5675999999999997,1.0,0.0,0.0,0.004,0
77,5,1.0,0.5,1.0,2.807125,1.0,0.0,0.0,0.004,1
78,5,1.0,0.0536,0.875,5.103125,1.0,0.0,0.0,0.004,0
79,5,1.0,0.3,1.0,1.6065,1.0,0.0,0.0,0.004,0
80,5,1.0,0.0,1.0,3.3203333333333336,1.0,0.0,0.0,0.004,0
84,5,1.0,1.0,1.0,8.102,1.0,0.0,0.0,0.004,1
85,5,1.0,0.0,1.0,1.6214,1.0,0.0,0.0,0.004,0
88,5,1.0,0.0,1.0,6.331,1.0,0.0,0.0,0.004,1
89,5,0.07690000000000001,0.3675,0.6923,1.409,1.0,0.0,0.0,0.004,1
94,5,1.0,0.1961,0.7059,4.695875,1.0,0.0,0.0,0.004,0
98,5,1.0,0.0,1.0,1.598,1.0,0.0,0.0,0.004,0
110,5,1.0,0.0,1.0,2.7965,1.0,0.0,0.0,0.004,1
111,5,1.0,0.5833,1.0,1.5375,1.0,0.0,0.0,0.004,0
112,5,1.0,0.0,1.0,5.419666666666667,1.0,0.0,0.0,0.004,0
118,5,1.0,0.0,1.0,1.638,1.0,0.0,0.0,0.004,0
119,5,1.0,0.0,1.0,2.0933333333333333,1.0,0.0,0.0,0.004,0
121,5,1.0,0.0,0.6299,6.896925925925926,1.0,0.0,0.0,0.004,0
122,5,1.0,1.0,1.0,1.525,1.0,0.04,1.0,0.004,1
123,5,1.0,0.0,1.0,2.697,1.0,0.0,0.0,0.004,0
124,5,1.0,0.0,1.0,1.548,1.0,0.0,0.0,0.004,0
126,5,1.0,0.0,1.0,2.608,1.0,0.0,0.0,0.004,0
130,5,1.0,0.0,1.0,1.704,1.0,0.0,0.0,0.004,0
132,5,1.0,0.0,1.0,2.535,1.0,0.0,0.0,0.004,1
139,5,1.0,0.0,1.0,11.4114,1.0,0.0,0.0,0.004,0
140,5,1.0,0.0,1.0,1.387,1.0,0.0,0.0,0.004,0
143,5,1.0,0.0,1.0,1.394,1.0,0.0,0.0,0.004,0
154,5,1.0,0.0,1.0,2.563,1.0,0.0,0.0,0.004,1
155,5,1.0,0.0,1.0,1.878,1.0,0.0,0.0,0.004,0
159,5,1.0,0.0,1.0,1.8765,1.0,0.0,0.0,0.004,0
168,5,1.0,0.76,1.0,5.448642857142857,1.0,0.0,0.0,0.004,1
184,5,1.0,0.0714,1.0,6.378461538461538,1.0,0.0,0.0,0.004,0
188,5,1.0,0.0,1.0,2.959,1.0,0.0,0.0,0.004,0
194,5,1.0,0.5833,1.0,5.520666666666667,1.0,0.0,0.0,0.004,0
195,5,1.0,0.8,1.0,2.584,1.0,0.0,0.0,0.004,1
198,5,1.0,0.0,1.0,4.554090909090909,1.0,0.0,0.0,0.004,0
240,5,1.0,0.0,1.0,1.622,1.0,0.0,0.0,0.004,0
241,5,1.0,0.1714,1.0,2.261,1.0,0.0,0.0,0.004,0
250,5,1.0,0.0,0.5625,3.7525714285714287,1.0,0.0,0.0,0.004,0
251,5,1.0,0.1667,1.0,7.1337142857142855,1.0,0.0,0.0,0.004,0
260,5,1.0,0.1,1.0,3.731857142857143,1.0,0.0,0.0,0.004,0
261,5,1.0,0.1399,1.0,5.117941176470588,1.0,0.0,0.0,0.004,0
262,5,1.0,1.0,1.0,1.535,1.0,0.0,0.0,0.004,1
270,5,1.0,0.0,1.0,1.474,1.0,0.0,0.0,0.004,0
271,5,1.0,0.1071,1.0,2.89025,1.0,0.24000000000000005,1.0,0.004,0
272,5,1.0,0.125,1.0,6.3365,1.0,0.0,0.0,0.004,0
273,5,1.0,0.0,1.0,3.1814999999999998,1.0,0.0,0.0,0.004,0
282,5,1.0,0.3,1.0,6.6304,1.0,0.0,0.0,0.004,0
283,5,1.0,0.0,1.0,2.814,1.0,0.0,0.0,0.004,0
291,5,1.0,0.5,1.0,1.789,1.0,0.0,0.0,0.004,0
1,6,1.0,0.0,1.0,2.1084285714285715,1.0,0.0,0.0,0.008,0
3,6,1.0,0.0,0.25,1.76175,1.0,0.0,0.0,0.008,1
26,6,1.0,0.0,1.0,1.625,1.0,0.0,0.0,0.008,0
27,6,0.0625,0.075,0.8125,2.035,1.0,0.0008680555555555556,1.0,0.008,1
28,6,1.0,0.0,1.0,2.05,1.0,0.0,0.0,0.008,0
30,6,1.0,0.0,1.0,1.8918333333333333,1.0,0.002170138888888889,1.0,0.008,0
36,6,1.0,0.125,1.0,1.77325,1.0,0.0,0.0,0.008,0
38,6,1.0,0.0,0.58335,1.7957142857142858,1.0,0.0,0.0,0.008,0
41,6,0.0625,0.5417,0.54165,2.355,1.0,0.0005425347222222224,1.0,0.008,1
42,6,1.0,0.0,1.0,1.612,1.0,0.0,0.0,0.008,0
44,6,1.0,0.0,1.0,1.7843333333333333,1.0,0.0,0.0,0.008,0
51,6,1.0,0.0,1.0,2.33,1.0,0.0,0.0,0.008,0
62,6,1.0,0.0,0.7143,1.7876153846153846,1.0,0.0,0.0,0.008,0
110,6,1.0,0.0,1.0,1.697,1.0,0.0,0.0,0.008,1
111,6,1.0,0.0,1.0,1.8980625,1.0,0.0,0.0,0.008,0
118,6,1.0,0.0,1.0,2.674,1.0,0.0,0.0,0.008,0
121,6,1.0,0.0,0.9167,1.6675,1.0,0.0,0.0,0.008,0
122,6,1.0,1.0,1.0,2.308,1.0,0.03472222222222222,1.0,0.008,1
123,6,1.0,0.0,1.0,1.58,1.0,0.0,0.0,0.008,0
125,6,1.0,0.0,1.0,1.8658571428571429,1.0,0.0,0.0,0.008,0
130,6,1.0,0.0,1.0,1.624,1.0,0.0,0.0,0.008,0
132,6,1.0,0.0,1.0,1.6695999999999998,1.0,0.0,0.0,0.008,1
140,6,1.0,0.0,1.0,2.007,1.0,0.0,0.0,0.008,0
143,6,1.0,0.0417,1.0,1.8295555555555556,1.0,0.0,0.0,0.008,0
151,6,1.0,0.0,1.0,1.377,1.0,0.0,0.0,0.008,1
154,6,1.0,0.0,1.0,2.813,1.0,0.0,0.0,0.008,1
155,6,1.0,0.0,1.0,1.998375,1.0,0.0,0.0,0.008,0
168,6,1.0,0.7692,1.0,1.8854736842105262,1.0,0.0,0.0,0.008,1
184,6,1.0,0.1,1.0,1.8345,1.0,0.0,0.0,0.008,0
188,6,1.0,0.8,1.0,2.318,1.0,0.0,0.0,0.008,0
194,6,1.0,0.5833,1.0,2.7640000000000002,1.0,0.0,0.0,0.008,0
195,6,1.0,1.0,0.92855,1.908875,1.0,0.0,0.0,0.008,1
198,6,1.0,0.0,1.0,1.839,1.0,0.0,0.0,0.008,0
207,6,1.0,0.0,1.0,1.8232,1.0,0.0,0.0,0.008,0
208,6,1.0,0.0,1.0,1.8832,1.0,0.0,0.0,0.008,1
218,6,1.0,0.0718,1.0,1.7051538461538462,1.0,0.0,0.0,0.008,0
220,6,1.0,0.0,1.0,1.9275,1.0,0.0,0.0,0.008,0
226,6,1.0,1.0,1.0,1.964,1.0,0.0,0.0,0.008,1
229,6,1.0,0.0606,1.0,1.8027272727272725,1.0,0.0,0.0,0.008,0
230,6,1.0,0.0549,0.9286,1.8027857142857144,1.0,0.0,0.0,0.008,0
231,6,1.0,0.0714,1.0,1.7911666666666666,1.0,0.0,0.0,0.008,0
237,6,1.0,0.0,1.0,1.801,1.0,0.0,0.0,0.008,0
239,6,1.0,0.0,1.0,1.5775,1.0,0.0,0.0,0.008,0
240,6,1.0,0.2667,1.0,1.755,1.0,0.0,0.0,0.008,0
241,6,1.0,0.0,1.0,1.9747777777777782,1.0,0.0,0.0,0.008,0
242,6,1.0,0.0,1.0,2.188,1.0,0.0,0.0,0.008,0
247,6,1.0,0.0,1.0,1.522,1.0,0.0,0.0,0.008,0
251,6,1.0,0.303,1.0,1.8414166666666667,1.0,0.0,0.0,0.008,0
252,6,1.0,0.0,1.0,1.76,1.0,0.0,0.0,0.008,0
258,6,1.0,0.5217,1.0,2.084,1.0,0.0,0.0,0.008,0
260,6,1.0,0.3889,1.0,1.944,1.0,0.0,0.0,0.008,0
261,6,1.0,0.1667,1.0,1.528,1.0,0.0,0.0,0.008,0
1,7,1.0,0.0,0.3333,1.7428000000000001,1.0,0.0,0.0,0.002,0
3,7,1.0,0.0,1.0,1.5965,1.0,0.0,0.0,0.002,1
6,7,1.0,0.3333,1.0,2.038,1.0,0.0,0.0,0.002,0
13,7,1.0,0.0,1.0,2.105,1.0,0.0,0.0,0.002,0
23,7,1.0,0.0,1.0,2.084,1.0,0.0,0.0,0.002,0
28,7,1.0,0.0,1.0,2.295,1.0,0.0,0.0,0.002,0
30,7,1.0,0.0,1.0,2.06,1.0,0.0019132653061224492,1.0,0.002,0
31,7,0.9523999999999999,0.5357,0.5714,2.0203499999999996,1.0,0.0005035022222222241,1.0,0.002,1
37,7,1.0,0.0,1.0,1.195,1.0,0.0,0.0,0.002,1
38,7,1.0,0.0,1.0,2.20825,1.0,0.0,0.0,0.002,0
41,7,0.0635,0.9444,0.7659,1.7645,1.0,0.0008100714285714286,1.0,0.002,1
42,7,1.0,0.0,1.0,1.738,1.0,0.0,0.0,0.002,0
44,7,1.0,0.0,0.5,1.99975,1.0,0.0,0.0,0.002,0
56,7,1.0,0.0,1.0,1.556,1.0,0.0,0.0,0.002,0
57,7,1.0,0.0,1.0,1.774,1.0,0.0,0.0,0.002,0
60,7,1.0,0.0,1.0,1.694,1.0,0.0,0.0,0.002,0
62,7,1.0,0.14,0.8,1.8447142857142858,1.0,0.0,0.0,0.002,0
64,7,1.0,0.0,0.52,1.78612,1.0,0.0,0.0,0.002,0
70,7,1.0,0.8571,1.0,2.382,1.0,0.0,0.0,0.002,0
73,7,1.0,0.1,1.0,1.8320000000000003,1.0,0.0,0.0,0.002,0
75,7,1.0,0.25,1.0,1.6045,1.0,0.0,0.0,0.002,0
77,7,1.0,0.375,1.0,2.041,1.0,0.0,0.0,0.002,1
108,7,1.0,0.3333,1.0,1.992,1.0,0.16,1.0,0.002,0
110,7,1.0,0.0,1.0,2.053,1.0,0.0,0.0,0.002,1
112,7,1.0,0.1333,1.0,2.7715,1.0,0.0,0.0,0.002,0
118,7,1.0,0.0,1.0,3.215,1.0,0.0,0.0,0.002,0
121,7,1.0,0.5455,1.0,1.8895,1.0,0.0,0.0,0.002,0
122,7,1.0,1.0,1.0,2.034,1.0,0.03061224489795919,0.9999999999999999,0.002,1
123,7,1.0,0.0,1.0,1.82,1.0,0.0,0.0,0.002,0
126,7,1.0,0.0,1.0,1.417,1.0,0.0,0.0,0.002,0
130,7,1.0,0.0,1.0,1.299,1.0,0.0,0.0,0.002,0
132,7,1.0,0.0,1.0,4.594,1.0,0.0,0.0,0.002,1
134,7,1.0,0.0,1.0,2.158,1.0,0.0,0.0,0.002,0
136,7,1.0,0.0,1.0,1.716,1.0,0.0,0.0,0.002,1
137,7,1.0,0.75,1.0,2.59,1.0,0.0,0.0,0.002,0
139,7,1.0,0.0,1.0,2.12,1.0,0.0,0.0,0.002,0
140,7,1.0,0.6667,1.0,1.5415,1.0,0.0,0.0,0.002,0
143,7,1.0,0.0,1.0,1.487,1.0,0.0,0.0,0.002,0
152,7,0.5,0.625,1.0,2.317,1.0,0.036248255,1.0,0.002,1
154,7,1.0,0.0,1.0,3.514,1.0,0.0,0.0,0.002,1
155,7,1.0,0.1667,1.0,2.4314999999999998,1.0,0.0,0.0,0.002,0
156,7,1.0,0.0,1.0,1.468,1.0,0.0,0.0,0.002,0
158,7,1.0,0.6667,1.0,1.954,1.0,0.0,0.0,0.002,0
168,7,1.0,0.7,1.0,2.3219999999999996,1.0,0.0,0.0,0.002,1
171,7,1.0,0.3,1.0,2.1695,1.0,0.0,0.0,0.002,0
182,7,1.0,0.0,1.0,1.582,1.0,0.0,0.0,0.002,1
184,7,1.0,0.0,1.0,2.081,1.0,0.0,0.0,0.002,0
188,7,1.0,0.0,1.0,2.055,1.0,0.0,0.0,0.002,0
193,7,1.0,0.1667,1.0,1.85325,1.0,0.0,0.0,0.002,1
194,7,1.0,0.5556,1.0,1.833,1.0,0.0,0.0,0.002,0
195,7,1.0,1.0,1.0,1.664,1.0,0.0,0.0,0.002,1
196,7,1.0,0.0,1.0,1.685,1.0,0.0,0.0,0.002,0
198,7,1.0,0.0,1.0,1.649,1.0,0.0,0.0,0.002,0
230,7,1.0,0.0,1.0,1.644,1.0,0.0,0.0,0.002,0
237,7,1.0,0.0,1.0,2.309,1.0,0.0,0.0,0.002,0
238,7,1.0,0.0,1.0,1.613,1.0,0.0,0.0,0.002,0
239,7,1.0,0.1667,1.0,1.915333333333333,1.0,0.0,0.0,0.002,0
240,7,1.0,0.0,1.0,1.803,1.0,0.0,0.0,0.002,0
241,7,1.0,0.0,1.0,1.7353333333333332,1.0,0.0,0.0,0.002,0
250,7,1.0,0.8,1.0,1.9935,1.0,0.0,0.0,0.002,0
251,7,1.0,0.9167,1.0,2.015,1.0,0.0,0.0,0.002,0
252,7,1.0,0.3889,1.0,2.5246666666666666,1.0,0.0,0.0,0.002,0
258,7,1.0,0.0,1.0,2.0465,1.0,0.0,0.0,0.002,0
259,7,1.0,0.0,1.0,1.674,1.0,0.24000000000000005,1.0,0.002,0
261,7,1.0,0.6842,1.0,2.103,1.0,0.0,0.0,0.002,0
262,7,1.0,0.75,0.6667,1.9874999999999998,1.0,0.0,0.0,0.002,1
263,7,1.0,0.0,1.0,2.3665,1.0,0.0,0.0,0.002,0
271,7,1.0,0.0,1.0,2.369,1.0,0.25,0.9999999999999999,0.002,0
272,7,1.0,0.0,1.0,1.434,1.0,0.0,0.0,0.002,0
282,7,1.0,0.0,1.0,1.361,1.0,0.0,0.0,0.002,0
283,7,1.0,0.2667,1.0,2.0466666666666664,1.0,0.0,0.0,0.002,0
1,8,1.0,0.0,0.4386,1.9806000000000001,1.0,0.0,0.0,0.0052,0
6,8,1.0,0.3571,1.0,3.8305,1.0,0.0,0.0,0.0052,0
26,8,1.0,0.6923,1.0,2.057,1.0,0.0,0.0,0.0052,0
27,8,0.0263,0.9474,0.45395,1.47,1.0,0.000656645,1.0,0.0052,1
28,8,0.75,0.5,1.0,3.17575,1.0,0.01388888888888889,1.0,0.0052,0
30,8,1.0,0.1,1.0,3.0581428571428573,1.0,0.001708984375,1.0,0.0052,0
36,8,1.0,0.8333,1.0,5.384,1.0,0.0,0.0,0.0052,0
38,8,1.0,0.0,1.0,1.998,1.0,0.0,0.0,0.0052,0
42,8,1.0,0.6667,1.0,1.868,1.0,0.0,0.0,0.0052,0
56,8,1.0,0.0,1.0,4.150125,1.0,0.0,0.0,0.0052,0
59,8,1.0,0.0,1.0,1.7415,1.0,0.0,0.0,0.0052,1
60,8,1.0,0.0,0.3333,3.221,1.0,0.0,0.0,0.0052,0
67,8,1.0,0.0,1.0,3.6875,1.0,0.234375,1.0,0.0052,0
70,8,1.0,0.0,1.0,2.5175,1.0,0.0,0.0,0.0052,0
73,8,1.0,0.2667,1.0,2.055,1.0,0.0,0.0,0.0052,0
75,8,1.0,0.75,1.0,1.517,1.0,0.0,0.0,0.0052,0
87,8,1.0,0.0,1.0,2.63,1.0,0.0,0.0,0.0052,0
110,8,1.0,0.0,1.0,1.8235000000000001,1.0,0.0,0.0,0.0052,1
111,8,1.0,0.0,1.0,2.8375000000000004,1.0,0.0,0.0,0.0052,0
112,8,1.0,0.0,1.0,1.755,1.0,0.0,0.0,0.0052,0
121,8,1.0,0.0,1.0,2.2215000000000003,1.0,0.0,0.0,0.0052,0
122,8,1.0,1.0,1.0,2.23075,1.0,0.02734375,1.0,0.0052,1
123,8,1.0,0.0,1.0,2.421,1.0,0.0,0.0,0.0052,0
130,8,1.0,0.0,1.0,1.7770000000000001,1.0,0.0,0.0,0.0052,0
132,8,1.0,0.0,1.0,3.2273333333333336,1.0,0.0,0.0,0.0052,1
134,8,1.0,0.0,1.0,1.73,1.0,0.0,0.0,0.0052,0
139,8,1.0,0.875,1.0,1.776,1.0,0.0,0.0,0.0052,0
140,8,1.0,0.0,1.0,2.05975,1.0,0.0,0.0,0.0052,0
143,8,1.0,0.3333,1.0,2.454222222222222,1.0,0.0,0.0,0.0052,0
152,8,0.5,0.0556,1.0,2.091,1.0,0.0442656776,1.0,0.0052,1
154,8,1.0,0.0,1.0,2.285,1.0,0.0,0.0,0.0052,1
155,8,1.0,0.0,1.0,3.3425000000000002,1.0,0.0,0.0,0.0052,0
164,8,1.0,0.0,1.0,1.582,1.0,0.0,0.0,0.0052,0
168,8,1.0,0.7143,0.875,1.7687142857142857,1.0,0.0,0.0,0.0052,1
184,8,1.0,0.0833,1.0,2.155,1.0,0.0,0.0,0.0052,0
188,8,1.0,0.1,1.0,2.523,1.0,0.0,0.0,0.0052,0
195,8,1.0,1.0,1.0,1.467666666666667,1.0,0.0,0.0,0.0052,1
198,8,1.0,0.0,1.0,1.9625,1.0,0.0,0.0,0.0052,0
230,8,1.0,0.6667,1.0,1.337,1.0,0.0,0.0,0.0052,0
238,8,1.0,0.0,1.0,1.763,1.0,0.0,0.0,0.0052,0
239,8,1.0,0.332,1.0,2.5981428571428573,1.0,0.0,0.0,0.0052,0
240,8,1.0,0.0,1.0,1.684,1.0,0.0,0.0,0.0052,0
241,8,1.0,0.0,1.0,2.757,1.0,0.0,0.0,0.0052,0
242,8,1.0,0.0,1.0,2.864,1.0,0.0,0.0,0.0052,0
250,8,1.0,0.3,1.0,2.843,1.0,0.0,0.0,0.0052,0
251,8,1.0,0.2083,0.6667,3.1291818181818183,1.0,0.0,0.0,0.0052,0
252,8,1.0,0.0,1.0,1.8630000000000002,1.0,0.0,0.0,0.0052,0
258,8,1.0,0.6818,1.0,2.055,1.0,0.0,0.0,0.0052,0
259,8,1.0,0.0,1.0,1.565,1.0,0.25,1.0,0.0052,0
261,8,1.0,0.3361,1.0,1.8821666666666668,1.0,0.0,0.0,0.0052,0
262,8,1.0,1.0,1.0,3.455,1.0,0.0,0.0,0.0052,1
271,8,1.0,0.0,1.0,3.3343333333333334,1.0,0.24489795918367346,1.0,0.0052,0
1,9,1.0,0.0,0.6,1.77225,1.0,0.0,0.0,0.0024,0
3,9,1.0,0.2222,1.0,1.8846,1.0,0.0,0.0,0.0024,1
6,9,1.0,0.2521,0.5059,2.2627272727272727,1.0,0.0,0.0,0.0024,0
29,9,1.0,0.0,1.0,4.771333333333334,1.0,0.2216796875,0.9999999999999999,0.0024,0
30,9,1.0,0.25,1.0,1.814,1.0,0.00154320987654321,1.0,0.0024,0
36,9,1.0,0.0,0.5,2.0530000000000004,1.0,0.0,0.0,0.0024,0
38,9,1.0,0.0,1.0,1.493,1.0,0.0,0.0,0.0024,0
42,9,1.0,0.0,1.0,1.271,1.0,0.0,0.0,0.0024,0
44,9,1.0,0.0,0.5,3.813,1.0,0.0,0.0,0.0024,0
46,9,1.0,0.0,1.0,1.8466666666666667,1.0,0.0,0.0,0.0024,0
48,9,1.0,1.0,0.8333,1.8333333333333333,1.0,0.0,0.0,0.0024,1
57,9,1.0,0.0,1.0,3.2194000000000003,1.0,0.0,0.0,0.0024,0
62,9,1.0,0.0,0.25,2.171875,1.0,0.0,0.0,0.0024,0
67,9,1.0,0.0,1.0,1.942,1.0,0.2222222222222222,1.0,0.0024,0
75,9,1.0,0.25,0.5,2.7390909090909092,1.0,0.0,0.0,0.0024,0
78,9,1.0,0.0,0.6667,2.249,1.0,0.0,0.0,0.0024,0
79,9,1.0,0.0,0.6667,2.378,1.0,0.0,0.0,0.0024,0
80,9,1.0,0.1667,1.0,1.421,1.0,0.0,0.0,0.0024,0
84,9,1.0,0.6667,0.4286,3.5035714285714286,1.0,0.0,0.0,0.0024,1
108,9,1.0,0.0,0.6667,1.7413333333333334,1.0,0.1388888888888889,1.0,0.0024,0
110,9,1.0,0.0,1.0,2.506,1.0,0.0,0.0,0.0024,1
111,9,1.0,0.0,1.0,2.01,1.0,0.0,0.0,0.0024,0
112,9,1.0,0.3421,0.3158,2.3602105263157895,1.0,0.0,0.0,0.0024,0
118,9,1.0,0.0,1.0,2.527,1.0,0.0,0.0,0.0024,0
121,9,1.0,0.1071,1.0,2.1134285714285714,1.0,0.0,0.0,0.0024,0
122,9,1.0,1.0,1.0,1.465,1.0,0.02469135802469136,1.0,0.0024,1
123,9,1.0,0.0,0.3333,2.4366666666666665,1.0,0.0,0.0,0.0024,0
130,9,1.0,0.0,1.0,5.6955,1.0,0.0,0.0,0.0024,0
132,9,1.0,0.0,1.0,1.612,1.0,0.0,0.0,0.0024,1
134,9,1.0,0.0,0.4,2.323,1.0,0.0,0.0,0.0024,0
140,9,1.0,0.0,1.0,1.311,1.0,0.0,0.0,0.0024,0
141,9,1.0,0.0,1.0,1.646,1.0,0.0,0.0,0.0024,0
143,9,1.0,0.0,1.0,1.642,1.0,0.0,0.0,0.0024,0
152,9,0.052649999999999995,0.3947,1.0,2.059,1.0,0.042456405347222226,1.0,0.0024,1
154,9,1.0,0.0,1.0,2.368,1.0,0.0,0.0,0.0024,1
155,9,1.0,0.8,1.0,2.004,1.0,0.0,0.0,0.0024,0
161,9,1.0,0.0,1.0,1.515,1.0,0.0,0.0,0.0024,1
162,9,1.0,0.5,1.0,2.203,1.0,0.0,0.0,0.0024,0
165,9,1.0,0.0,1.0,1.6753333333333333,1.0,0.0,0.0,0.0024,0
168,9,1.0,0.75,1.0,1.7224166666666667,1.0,0.0,0.0,0.0024,1
184,9,1.0,0.0,1.0,2.8226,1.0,0.0,0.0,0.0024,0
188,9,1.0,0.0,0.6667,2.271,1.0,0.0,0.0,0.0024,0
195,9,1.0,1.0,1.0,4.694,1.0,0.0,0.0,0.0024,1
196,9,1.0,0.0,1.0,3.221,1.0,0.0,0.0,0.0024,0
198,9,1.0,0.0,1.0,2.8662,1.0,0.0,0.0,0.0024,0
239,9,1.0,0.7273,1.0,1.6393333333333333,1.0,0.0,0.0,0.0024,0
240,9,1.0,0.0952,1.0,2.1085,1.0,0.0,0.0,0.0024,0
241,9,1.0,0.0,1.0,1.886,1.0,0.0,0.0,0.0024,0
250,9,1.0,0.3556,1.0,2.6092857142857144,1.0,0.0,0.0,0.0024,0
251,9,1.0,0.0833,1.0,2.5071250000000003,1.0,0.0,0.0,0.0024,0
252,9,1.0,0.75,1.0,2.795,1.0,0.0,0.0,0.0024,0
258,9,1.0,0.0,1.0,2.206,1.0,0.0,0.0,0.0024,0
259,9,1.0,0.0,1.0,2.314,1.0,0.24489795918367346,1.0,0.0024,0
260,9,1.0,0.0,1.0,2.1494,1.0,0.0,0.0,0.0024,0
261,9,1.0,0.0,0.8125,2.906833333333333,1.0,0.0,0.0,0.0024,0
262,9,1.0,1.0,1.0,3.5238181818181817,1.0,0.0,0.0,0.0024,1
263,9,1.0,0.0,1.0,14.951,1.0,0.0,0.0,0.0024,0
269,9,1.0,0.0714,1.0,2.241833333333333,1.0,0.0,0.0,0.0024,0
270,9,1.0,0.0,1.0,2.0185,1.0,0.0,0.0,0.0024,0
271,9,1.0,0.1333,1.0,2.614333333333333,1.0,0.234375,1.0,0.0024,0
272,9,1.0,0.2667,1.0,2.526666666666667,1.0,0.0,0.0,0.0024,0
1,10,1.0,0.0,1.0,1.691,1.0,0.0,0.0,0.0048,0
6,10,1.0,0.0,1.0,2.7816666666666667,1.0,0.0,0.0,0.0048,0
12,10,0.25,0.75,0.4167,1.8496666666666668,1.0,0.005625000000000001,1.0,0.0048,1
26,10,1.0,0.0,1.0,1.653,1.0,0.0,0.0,0.0048,0
31,10,1.0,1.0,1.0,1.662,1.0,0.00042483000000000153,1.0,0.0048,1
36,10,1.0,0.0,0.6,1.498,1.0,0.0,0.0,0.0048,0
37,10,1.0,0.0,1.0,1.764,1.0,0.0,0.0,0.0048,1
38,10,1.0,0.0,0.25,2.45475,1.0,0.0,0.0,0.0048,0
42,10,1.0,0.0,1.0,1.612,1.0,0.0,0.0,0.0048,0
44,10,1.0,0.0,1.0,1.284,1.0,0.0,0.0,0.0048,0
48,10,1.0,1.0,1.0,2.16625,1.0,0.0,0.0,0.0048,1
51,10,1.0,0.0,1.0,1.374,1.0,0.16,1.0,0.0048,0
57,10,0.9666499999999999,0.0667,0.425,2.212076923076923,1.0,0.00015447534722222317,1.0,0.0048,0
59,10,1.0,1.0,1.0,1.607,1.0,0.0,0.0,0.0048,1
64,10,1.0,0.0,1.0,2.10225,1.0,0.0,0.0,0.0048,0
67,10,1.0,0.0,1.0,1.965,1.0,0.20999999999999996,1.0,0.0048,0
73,10,1.0,0.0,1.0,1.495,1.0,0.0,0.0,0.0048,0
75,10,1.0,0.0,1.0,1.89,1.0,0.0,0.0,0.0048,0
79,10,1.0,0.0,0.8,2.01,1.0,0.0,0.0,0.0048,0
80,10,1.0,0.25,1.0,2.188,1.0,0.0,0.0,0.0048,0
84,10,1.0,1.0,1.0,1.612,1.0,0.0,0.0,0.0048,1
87,10,1.0,0.0,1.0,1.614,1.0,0.0,0.0,0.0048,0
88,10,1.0,0.0,1.0,2.023,1.0,0.0,0.0,0.0048,1
94,10,1.0,0.0,1.0,2.406,1.0,0.0,0.0,0.0048,0
95,10,1.0,1.0,0.5,1.926,1.0,0.0,0.0,0.0048,1
108,10,1.0,0.0,0.6,1.848,1.0,0.12244897959183675,1.0,0.0048,0
110,10,1.0,0.0,1.0,1.959,1.0,0.0,0.0,0.0048,1
111,10,1.0,0.1714,1.0,1.88625,1.0,0.0,0.0,0.0048,0
114,10,1.0,0.0,1.0,2.041,1.0,0.0,0.0,0.0048,0
118,10,1.0,0.0,1.0,2.324,1.0,0.0,0.0,0.0048,0
121,10,1.0,0.0952,1.0,1.65375,1.0,0.0,0.0,0.0048,0
122,10,1.0,1.0,1.0,1.674,1.0,0.0225,1.0,0.0048,1
123,10,1.0,0.0,1.0,1.728,1.0,0.0,0.0,0.0048,0
130,10,1.0,0.0,1.0,2.161,1.0,0.0,0.0,0.0048,0
132,10,1.0,0.0,1.0,1.428,1.0,0.0,0.0,0.0048,1
139,10,1.0,0.8,1.0,1.5830000000000002,1.0,0.0,0.0,0.0048,0
140,10,1.0,0.0,1.0,2.471,1.0,0.0,0.0,0.0048,0
143,10,1.0,0.0,1.0,1.908,1.0,0.0,0.0,0.0048,0
152,10,0.06665,0.8667,0.91665,1.4835,1.0,0.03925230704081632,1.0,0.0048,1
154,10,1.0,0.0,1.0,2.177,1.0,0.0,0.0,0.0048,1
155,10,1.0,0.0,1.0,1.353,1.0,0.0,0.0,0.0048,0
162,10,1.0,0.0,1.0,1.82,1.0,0.0,0.0,0.0048,0
164,10,1.0,0.0,1.0,2.015,1.0,0.0,0.0,0.0048,0
168,10,1.0,0.75,1.0,2.035111111111111,1.0,0.0,0.0,0.0048,1
182,10,1.0,0.0,1.0,1.655,1.0,0.0,0.0,0.0048,1
184,10,1.0,0.0,1.0,1.7353333333333334,1.0,0.0,0.0,0.0048,0
188,10,1.0,0.0,1.0,2.053,1.0,0.0,0.0,0.0048,0
195,10,1.0,1.0,1.0,2.236,1.0,0.0,0.0,0.0048,1
196,10,1.0,0.0,1.0,1.8085,1.0,0.0,0.0,0.0048,0
198,10,1.0,0.0,1.0,2.176,1.0,0.0,0.0,0.0048,0
228,10,1.0,0.0,1.0,1.639,1.0,0.1875,1.0,0.0048,1
238,10,1.0,0.0,1.0,1.743,1.0,0.0,0.0,0.0048,0
239,10,1.0,0.25,1.0,1.95175,1.0,0.0,0.0,0.0048,0
240,10,1.0,0.0,1.0,2.06,1.0,0.0,0.0,0.0048,0
241,10,1.0,0.0,1.0,2.11,1.0,0.0,0.0,0.0048,0
247,10,1.0,0.8,1.0,1.564,1.0,0.0,0.0,0.0048,0
250,10,1.0,0.5714,1.0,2.5869999999999997,1.0,0.0,0.0,0.0048,0
251,10,1.0,0.2182,1.0,1.7476666666666667,1.0,0.0,0.0,0.0048,0
252,10,1.0,0.8333,1.0,1.81,1.0,0.0,0.0,0.0048,0
258,10,1.0,0.0,1.0,2.0785,1.0,0.0,0.0,0.0048,0
261,10,1.0,0.4848,1.0,1.8036,1.0,0.0,0.0,0.0048,0
262,10,1.0,1.0,1.0,2.8994999999999997,1.0,0.0,0.0,0.0048,1
270,10,1.0,0.125,1.0,1.292,1.0,0.0,0.0,0.0048,0
271,10,1.0,0.3333,1.0,1.8394,1.0,0.2222222222222222,1.0,0.0048,0
273,10,1.0,0.0,1.0,1.858,1.0,0.0,0.0,0.0048,0
283,10,1.0,0.0,1.0,2.126,1.0,0.0,0.0,0.0048,0
1,11,1.0,0.0,0.8,2.15,1.0,0.0,0.0,0.0044,0
3,11,1.0,0.1667,1.0,2.308333333333333,1.0,0.0,0.0,0.0044,1
21,11,1.0,0.0,1.0,1.8775,1.0,0.0,0.0,0.0044,0
24,11,1.0,0.0,1.0,1.358,1.0,0.0,0.0,0.0044,1
29,11,1.0,0.0,1.0,1.74,1.0,0.2125,1.0,0.0044,0
30,11,1.0,0.3111,1.0,2.656764705882353,1.0,0.0012913223140495866,1.0,0.0044,0
36,11,1.0,0.3,1.0,1.552,1.0,0.0,0.0,0.0044,0
38,11,1.0,0.0,1.0,1.7774999999999999,1.0,0.0,0.0,0.0044,0
42,11,1.0,0.0,1.0,3.259,1.0,0.0,0.0,0.0044,0
44,11,1.0,0.0,1.0,1.8476666666666663,1.0,0.0,0.0,0.0044,0
46,11,1.0,0.0,1.0,1.895,1.0,0.0,0.0,0.0044,0
48,11,1.0,1.0,1.0,2.1955,1.0,0.0,0.0,0.0044,1
51,11,1.0,0.0,1.0,1.824,1.0,0.1388888888888889,1.0,0.0044,0
56,11,1.0,0.0,1.0,1.355,1.0,0.0,0.0,0.0044,0
63,11,1.0,0.3,1.0,1.955,1.0,0.22222222222222224,1.0,0.0044,1
70,11,1.0,0.0,1.0,1.625,1.0,0.0,0.0,0.0044,0
72,11,0.5,0.5,0.5,2.157,1.0,0.04000000000000001,1.0,0.0044,1
75,11,1.0,0.8333,1.0,1.61,1.0,0.0,0.0,0.0044,0
79,11,1.0,0.0,1.0,1.9631999999999998,1.0,0.0,0.0,0.0044,0
80,11,1.0,0.0,1.0,2.406,1.0,0.0,0.0,0.0044,0
95,11,1.0,1.0,0.5,2.23,1.0,0.0,0.0,0.0044,1
108,11,1.0,0.0,1.0,1.798,1.0,0.109375,1.0,0.0044,0
110,11,1.0,0.0,1.0,1.6993333333333334,1.0,0.0,0.0,0.0044,1
111,11,1.0,0.0,1.0,4.939500000000001,1.0,0.0,0.0,0.0044,0
118,11,1.0,0.0,1.0,2.9154999999999998,1.0,0.0,0.0,0.0044,0
121,11,1.0,0.0,1.0,1.629,1.0,0.0,0.0,0.0044,0
122,11,1.0,1.0,1.0,3.2296666666666667,1.0,0.020661157024793386,1.0,0.0044,1
123,11,1.0,0.0,1.0,3.067,1.0,0.0,0.0,0.0044,0
129,11,1.0,0.3,1.0,2.4295,1.0,0.0,0.0,0.0044,1
130,11,1.0,0.0,1.0,1.7,1.0,0.0,0.0,0.0044,0
132,11,1.0,0.0,1.0,1.8725,1.0,0.0,0.0,0.0044,1
134,11,1.0,0.0,1.0,1.595,1.0,0.0,0.0,0.0044,0
139,11,1.0,0.1,1.0,2.8192500000000003,1.0,0.0,0.0,0.0044,0
140,11,1.0,0.0,1.0,1.982,1.0,0.0,0.0,0.0044,0
141,11,1.0,0.0,1.0,2.135,1.0,0.0,0.0,0.0044,0
143,11,1.0,0.0,1.0,3.5345000000000004,1.0,0.0,0.0,0.0044,0
154,11,1.0,0.0,1.0,1.476,1.0,0.0,0.0,0.0044,1
155,11,1.0,0.0714,1.0,2.8061111111111114,1.0,0.0,0.0,0.0044,0
161,11,1.0,0.0,1.0,1.891,1.0,0.0,0.0,0.0044,1
162,11,1.0,0.6,1.0,1.8660000000000003,1.0,0.0,0.0,0.0044,0
165,11,1.0,0.2667,1.0,1.4963333333333333,1.0,0.0,0.0,0.0044,0
168,11,1.0,0.4167,1.0,3.123,1.0,0.0,0.0,0.0044,1
181,11,1.0,0.0,1.0,2.045,1.0,0.0,0.0,0.0044,0
188,11,1.0,0.0,1.0,2.2315,1.0,0.0,0.0,0.0044,0
192,11,1.0,0.0,1.0,2.497,1.0,0.0,0.0,0.0044,0
194,11,1.0,0.0,1.0,1.756,1.0,0.0,0.0,0.0044,0
195,11,1.0,1.0,1.0,2.134,1.0,0.0,0.0,0.0044,1
196,11,1.0,0.0,1.0,1.995,1.0,0.0,0.0,0.0044,0
198,11,1.0,0.0,1.0,1.788,1.0,0.0,0.0,0.0044,0
230,11,1.0,0.0,1.0,1.883,1.0,0.0,0.0,0.0044,0
237,11,1.0,0.0,1.0,1.95,1.0,0.0,0.0,0.0044,0
238,11,1.0,0.1,1.0,1.87125,1.0,0.0,0.0,0.0044,0
239,11,1.0,0.1,1.0,2.084,1.0,0.0,0.0,0.0044,0
240,11,1.0,0.8,1.0,2.022,1.0,0.0,0.0,0.0044,0
241,11,1.0,0.0,1.0,1.984,1.0,0.0,0.0,0.0044,0
248,11,1.0,0.8333,1.0,1.629,1.0,0.0,0.0,0.0044,1
249,11,0.75,0.1591,1.0,1.6103333333333334,1.0,0.05896550359375,1.0,0.0044,1
250,11,1.0,0.3111,1.0,1.9707999999999999,1.0,0.0,0.0,0.0044,0
251,11,1.0,0.1944,1.0,2.216727272727273,1.0,0.0,0.0,0.0044,0
252,11,1.0,0.75,1.0,1.585,1.0,0.0,0.0,0.0044,0
258,11,1.0,0.0,1.0,2.153,1.0,0.0,0.0,0.0044,0
259,11,1.0,0.25,1.0,1.64275,1.0,0.2222222222222222,1.0,0.0044,0
260,11,1.0,0.0,1.0,1.80775,1.0,0.0,0.0,0.0044,0
261,11,1.0,0.2571,1.0,3.659,1.0,0.0,0.0,0.0044,0
269,11,1.0,0.6,1.0,2.378,1.0,0.0,0.0,0.0044,0
270,11,1.0,0.1667,1.0,1.7802499999999999,1.0,0.0,0.0,0.0044,0
271,11,1.0,0.2667,1.0,1.9556666666666669,1.0,0.20999999999999996,1.0,0.0044,0
272,11,1.0,0.1667,1.0,3.2609999999999997,1.0,0.0,0.0,0.0044,0
1,12,1.0,0.0,1.0,1.4515,1.0,0.0,0.0,0.0004,0
3,12,1.0,0.1667,1.0,2.6312499999999996,1.0,0.0,0.0,0.0004,1
6,12,1.0,0.15,1.0,1.7738749999999999,1.0,0.0,0.0,0.0004,0
21,12,1.0,0.0,1.0,1.936,1.0,0.0,0.0,0.0004,0
25,12,1.0,0.2667,1.0,1.9809999999999999,1.0,0.0,0.0,0.0004,0
26,12,1.0,0.0,0.5,1.713,1.0,0.0,0.0,0.0004,0
28,12,1.0,0.0,1.0,1.7813809523809523,1.0,0.01171875,1.0,0.0004,0
30,12,1.0,0.2778,1.0,1.9224117647058823,1.0,0.0011935763888888892,1.0,0.0004,0
36,12,1.0,0.0,1.0,5.6674999999999995,1.0,0.0,0.0,0.0004,0
38,12,1.0,0.0,1.0,1.703,1.0,0.0,0.0,0.0004,0
42,12,1.0,0.0,1.0,2.103,1.0,0.0,0.0,0.0004,0
44,12,1.0,0.0,1.0,1.856,1.0,0.0,0.0,0.0004,0
48,12,1.0,0.75,1.0,1.8645,1.0,0.0,0.0,0.0004,1
50,12,1.0,0.0,0.5,2.32975,1.0,0.0,0.0,0.0004,0
51,12,1.0,0.0,1.0,1.839,1.0,0.12244897959183675,1.0,0.0004,0
57,12,1.0,0.35,1.0,1.8038,1.0,0.00013619051020408247,1.0,0.0004,0
60,12,1.0,0.1333,0.6,1.9582,1.0,0.0,0.0,0.0004,0
64,12,1.0,0.0,1.0,1.5585,1.0,0.0,0.0,0.0004,0
67,12,1.0,0.0,1.0,5.353,1.0,0.1983471074380165,1.0,0.0004,0
73,12,1.0,0.5833,1.0,1.691,1.0,0.0,0.0,0.0004,0
75,12,1.0,0.1905,1.0,2.1616666666666666,1.0,0.0,0.0,0.0004,0
76,12,1.0,0.1667,1.0,1.9106666666666667,1.0,0.0,0.0,0.0004,0
78,12,1.0,0.0,1.0,1.614,1.0,0.0,0.0,0.0004,0
79,12,1.0,0.25,1.0,2.2760000000000002,1.0,0.0,0.0,0.0004,0
80,12,1.0,0.0,1.0,3.2075,1.0,0.0,0.0,0.0004,0
84,12,1.0,0.0,1.0,1.5823333333333334,1.0,0.0,0.0,0.0004,1
94,12,1.0,0.0,1.0,2.532,1.0,0.0,0.0,0.0004,0
105,12,1.0,0.0,1.0,2.249833333333333,1.0,0.0,0.0,0.0004,0
110,12,1.0,0.0,1.0,2.1155,1.0,0.0,0.0,0.0004,1
111,12,1.0,0.0,1.0,5.927,1.0,0.0,0.0,0.0004,0
114,12,1.0,0.0,1.0,2.133,1.0,0.0,0.0,0.0004,0
118,12,1.0,0.0,1.0,1.684,1.0,0.0,0.0,0.0004,0
121,12,1.0,0.375,1.0,1.903,1.0,0.0,0.0,0.0004,0
122,12,1.0,1.0,1.0,2.1959999999999997,1.0,0.01909722222222222,1.0,0.0004,1
123,12,1.0,0.0,1.0,1.528,1.0,0.0,0.0,0.0004,0
124,12,1.0,0.0,1.0,1.717,1.0,0.16,1.0,0.0004,0
127,12,1.0,0.0,1.0,1.582,1.0,0.12015776765306126,1.0,0.0004,1
130,12,1.0,0.0,1.0,1.706,1.0,0.0,0.0,0.0004,0
132,12,1.0,0.0,1.0,1.407,1.0,0.0,0.0,0.0004,1
134,12,1.0,0.0,1.0,1.547,1.0,0.0,0.0,0.0004,0
139,12,1.0,0.1,1.0,2.08375,1.0,0.0,0.0,0.0004,0
143,12,1.0,0.3333,1.0,1.3365,1.0,0.0,0.0,0.0004,0
148,12,1.0,0.0,1.0,1.9896666666666667,1.0,0.0,0.0,0.0004,1
153,12,1.0,0.0,1.0,2.296,1.0,0.0,0.0,0.0004,0
154,12,1.0,0.0,1.0,1.666,1.0,0.0,0.0,0.0004,1
155,12,1.0,0.0,1.0,2.24,1.0,0.0,0.0,0.0004,0
162,12,1.0,0.0,1.0,1.589,1.0,0.0,0.0,0.0004,0
163,12,1.0,0.0833,1.0,2.2849999999999997,1.0,0.0,0.0,0.0004,0
164,12,1.0,0.1667,1.0,1.9486666666666668,1.0,0.0,0.0,0.0004,0
165,12,1.0,0.8333,1.0,2.309,1.0,0.0,0.0,0.0004,0
184,12,1.0,0.3,1.0,2.4175,1.0,0.0,0.0,0.0004,0
188,12,1.0,0.0,1.0,6.214,1.0,0.0,0.0,0.0004,0
194,12,1.0,0.0,1.0,2.915,1.0,0.0,0.0,0.0004,0
195,12,1.0,1.0,1.0,1.8599999999999999,1.0,0.0,0.0,0.0004,1
196,12,1.0,0.0,1.0,1.689,1.0,0.0,0.0,0.0004,0
198,12,1.0,0.625,1.0,1.9323333333333335,1.0,0.0,0.0,0.0004,0
215,12,1.0,0.1667,1.0,2.315,1.0,0.0,0.0,0.0004,0
216,12,1.0,0.0,1.0,1.9625,1.0,0.0,0.0,0.0004,0
226,12,1.0,0.0,1.0,2.021,1.0,0.0,0.0,0.0004,1
227,12,1.0,0.1071,1.0,1.99675,1.0,0.0,0.0,0.0004,0
228,12,0.1,0.15,1.0,1.522,1.0,0.15360000000000001,1.0,0.0004,1
237,12,1.0,0.0,0.375,2.159,1.0,0.0,0.0,0.0004,0
238,12,1.0,0.0865,0.8125,2.3352500000000003,1.0,0.0,0.0,0.0004,0
239,12,1.0,0.25,1.0,1.8853636363636361,1.0,0.0,0.0,0.0004,0
240,12,1.0,0.1905,1.0,1.7303333333333333,1.0,0.0,0.0,0.0004,0
241,12,1.0,0.0,1.0,4.335,1.0,0.0,0.0,0.0004,0
248,12,1.0,0.4286,1.0,1.452,1.0,0.0,0.0,0.0004,1
250,12,1.0,0.0764,1.0,1.9943600000000001,1.0,0.0,0.0,0.0004,0
251,12,1.0,0.0,1.0,1.822,1.0,0.0,0.0,0.0004,0
258,12,1.0,0.8333,1.0,1.415,1.0,0.0,0.0,0.0004,0
259,12,1.0,0.375,1.0,2.412,1.0,0.20999999999999996,1.0,0.0004,0
260,12,1.0,0.2083,1.0,1.766333333333333,1.0,0.0,0.0,0.0004,0
261,12,1.0,0.2571,1.0,1.8269230769230769,1.0,0.0,0.0,0.0004,0
269,12,1.0,0.25,1.0,1.671,1.0,0.0,0.0,0.0004,0
270,12,1.0,0.0667,1.0,1.73725,1.0,0.0,0.0,0.0004,0
271,12,1.0,0.1333,1.0,1.8635,1.0,0.1983471074380165,1.0,0.0004,0
272,12,1.0,0.1667,1.0,1.5023333333333333,1.0,0.0,0.0,0.0004,0
1,13,1.0,0.0,1.0,2.098,1.0,0.0,0.0,0.0072,0
2,13,1.0,0.0,1.0,1.8995,1.0,0.0,0.0,0.0072,1
3,13,1.0,0.0,1.0,1.89325,1.0,0.0,0.0,0.0072,1
4,13,1.0,0.0,0.4483,1.9320344827586207,1.0,0.0,0.0,0.0072,1
6,13,1.0,0.1709,1.0,2.001666666666667,1.0,0.0,0.0,0.0072,0
8,13,1.0,0.0,0.1667,1.7895,1.0,0.0,0.0,0.0072,0
14,13,1.0,0.25,1.0,1.4615,1.0,0.0,0.0,0.0072,0
21,13,1.0,0.0,1.0,1.7058,1.0,0.0,0.0,0.0072,0
22,13,1.0,0.0,1.0,1.74,1.0,0.0,0.0,0.0072,1
30,13,1.0,0.125,1.0,1.98475,1.0,0.0011094674556213014,1.0,0.0072,0
31,13,1.0,1.0,0.25,2.4655,1.0,0.0003625216000000013,1.0,0.0072,1
36,13,1.0,0.0,1.0,1.829,1.0,0.0,0.0,0.0072,0
38,13,1.0,0.0,1.0,1.4653333333333334,1.0,0.0,0.0,0.0072,0
42,13,1.0,0.0,0.4286,1.9432857142857143,1.0,0.0,0.0,0.0072,0
44,13,1.0,0.0,1.0,1.5415,1.0,0.0,0.0,0.0072,0
45,13,1.0,0.0,1.0,1.876,1.0,0.0,0.0,0.0072,0
67,13,1.0,0.0,1.0,2.632,1.0,0.1875,1.0,0.0072,0
69,13,1.0,0.0,1.0,2.2355,1.0,0.0,0.0,0.0072,0
73,13,1.0,0.0,0.125,2.794,1.0,0.0,0.0,0.0072,0
75,13,1.0,0.0667,0.8333,3.4538,1.0,0.0,0.0,0.0072,0
77,13,1.0,0.7778,1.0,1.90275,1.0,0.0,0.0,0.0072,1
84,13,1.0,0.0,1.0,1.336,1.0,0.0,0.0,0.0072,1
90,13,1.0,0.0,1.0,1.961,1.0,0.0,0.0,0.0072,0
92,13,1.0,0.1952,0.6452,2.020903225806452,1.0,0.0,0.0,0.0072,0
108,13,1.0,0.35,1.0,1.8142,1.0,0.09876543209876544,1.0,0.0072,0
110,13,1.0,0.0,1.0,1.803,1.0,0.0,0.0,0.0072,1
111,13,1.0,0.4167,1.0,1.8993333333333335,1.0,0.0,0.0,0.0072,0
118,13,1.0,0.25,1.0,1.686,1.0,0.0,0.0,0.0072,0
121,13,1.0,0.0,0.1765,2.349933333333333,1.0,0.0,0.0,0.0072,0
122,13,1.0,1.0,1.0,1.821,1.0,0.017751479289940832,1.0,0.0072,1
123,13,1.0,0.0,1.0,2.442,1.0,0.0,0.0,0.0072,0
124,13,1.0,0.0,1.0,2.0635,1.0,0.1388888888888889,1.0,0.0072,0
129,13,1.0,0.0,1.0,1.591,1.0,0.0,0.0,0.0072,1
130,13,1.0,0.0,1.0,1.501,1.0,0.0,0.0,0.0072,0
132,13,1.0,0.0,1.0,1.983,1.0,0.0,0.0,0.0072,1
133,13,1.0,0.75,0.5333,1.8237333333333332,1.0,0.0,0.0,0.0072,1
134,13,1.0,0.0606,1.0,2.219238095238095,1.0,0.0,0.0,0.0072,0
141,13,1.0,0.0784,1.0,2.199,1.0,0.109375,1.0,0.0072,0
143,13,1.0,0.0,1.0,2.272,1.0,0.0,0.0,0.0072,0
147,13,1.0,0.1667,1.0,1.979,1.0,0.0,0.0,0.0072,0
154,13,1.0,0.0,1.0,3.404,1.0,0.0,0.0,0.0072,1
155,13,1.0,0.0,1.0,2.512,1.0,0.0,0.0,0.0072,0
160,13,1.0,0.0,1.0,2.0773333333333333,1.0,0.0,0.0,0.0072,0
162,13,1.0,0.0,1.0,2.306,1.0,0.0,0.0,0.0072,0
165,13,1.0,0.0,1.0,2.394,1.0,0.0,0.0,0.0072,0
171,13,1.0,0.0,1.0,2.152,1.0,0.0,0.0,0.0072,0
172,13,1.0,0.75,1.0,2.265,1.0,0.0,0.0,0.0072,0
179,13,1.0,0.3,0.5,1.9122499999999998,1.0,0.0,0.0,0.0072,0
180,13,1.0,0.0595,0.8571,2.244857142857143,1.0,0.0,0.0,0.0072,1
186,13,1.0,0.0,1.0,1.8236666666666668,1.0,0.0,0.0,0.0072,0
188,13,1.0,0.2667,1.0,1.4493333333333334,1.0,0.0,0.0,0.0072,0
189,13,1.0,0.0,0.75,2.17425,1.0,0.25,1.0,0.0072,0
193,13,0.67645,0.6471,0.5944999999999999,1.8783499999999997,1.0,0.0167495364,1.0,0.0072,1
194,13,1.0,0.0292,1.0,2.1754666666666664,1.0,0.0,0.0,0.0072,0
195,13,1.0,1.0,1.0,3.391,1.0,0.0,0.0,0.0072,1
198,13,1.0,0.0,1.0,1.8397272727272729,1.0,0.0,0.0,0.0072,0
239,13,1.0,0.0,1.0,1.4745,1.0,0.0,0.0,0.0072,0
240,13,1.0,0.0,1.0,1.575,1.0,0.0,0.0,0.0072,0
250,13,1.0,0.3333,1.0,1.739,1.0,0.0,0.0,0.0072,0
251,13,1.0,0.0,1.0,1.449,1.0,0.0,0.0,0.0072,0
252,13,1.0,0.8,1.0,4.269,1.0,0.0,0.0,0.0072,0
258,13,1.0,0.1,1.0,1.8288,1.0,0.0,0.0,0.0072,0
261,13,1.0,0.0,1.0,2.274,1.0,0.0,0.0,0.0072,0
263,13,1.0,0.0,1.0,4.304,1.0,0.0,0.0,0.0072,0
269,13,1.0,0.0,1.0,1.694,1.0,0.0,0.0,0.0072,0
273,13,1.0,0.0,1.0,1.794,1.0,0.0,0.0,0.0072,0
274,13,0.11109999999999999,0.3099,1.0,1.536,1.0,0.0030858024999999996,0.0,0.0072,1
284,13,1.0,0.3571,0.2857,1.7735,1.0,0.0,0.0,0.0072,0
285,13,1.0,0.0,1.0,1.719,1.0,0.25,1.0,0.0072,0
296,13,1.0,1.0,1.0,1.945,1.0,0.0,0.0,0.0072,1
307,13,1.0,0.0,1.0,2.093,1.0,0.0,0.0,0.0072,0
308,13,1.0,0.0,1.0,1.8850000000000002,1.0,0.0,0.0,0.0072,0
309,13,1.0,0.0,0.7143,1.8735714285714287,1.0,0.0,0.0,0.0072,0
318,13,1.0,0.0,1.0,2.073,1.0,0.0,0.0,0.0072,0
319,13,1.0,0.15,1.0,2.09575,1.0,0.0,0.0,0.0072,0
320,13,1.0,0.0833,1.0,1.8376666666666666,1.0,0.0,0.0,0.0072,0
1,14,1.0,0.34,0.41000000000000003,2.582148148148148,1.0,0.0,0.0,0.004,0
3,14,1.0,0.0,1.0,1.84,1.0,0.0,0.0,0.004,1
6,14,1.0,0.0,1.0,3.522,1.0,0.0,0.0,0.004,0
12,14,0.1,0.8,1.0,1.398,1.0,0.0045535714285714285,1.0,0.004,1
14,14,1.0,0.4444,1.0,1.6885,1.0,0.0,0.0,0.004,0
21,14,1.0,0.0,1.0,1.7685,1.0,0.0,0.0,0.004,0
25,14,1.0,0.3571,1.0,2.33,1.0,0.0,0.0,0.004,0
28,14,1.0,0.0,1.0,1.574,1.0,0.009999999999999998,1.0,0.004,0
30,14,0.3333,0.2083,1.0,1.463,1.0,0.02966737535714285,1.0,0.004,0
36,14,1.0,0.0,1.0,2.9855,1.0,0.0,0.0,0.004,0
38,14,1.0,0.0,1.0,2.0295,1.0,0.0,0.0,0.004,0
42,14,1.0,0.0,1.0,2.883,1.0,0.0,0.0,0.004,0
44,14,1.0,0.0,1.0,1.6595,1.0,0.0,0.0,0.004,0
60,14,1.0,0.0,0.9333,5.0504,1.0,0.0,0.0,0.004,0
67,14,1.0,0.0,1.0,4.6356,1.0,0.1775147928994083,1.0,0.004,0
70,14,1.0,0.0,1.0,1.463,1.0,0.0,0.0,0.004,0
75,14,1.0,0.1143,0.7143,2.5869999999999997,1.0,0.0,0.0,0.004,0
76,14,1.0,0.0,1.0,1.829,1.0,0.0,0.0,0.004,0
77,14,1.0,0.6667,1.0,4.03975,1.0,0.0,0.0,0.004,1
87,14,1.0,0.0,0.4615,4.041846153846154,1.0,0.0,0.0,0.004,0
105,14,1.0,0.0,1.0,1.329,1.0,0.0,0.0,0.004,0
108,14,1.0,0.0,1.0,2.0075000000000003,1.0,0.09000000000000001,1.0,0.004,0
110,14,1.0,0.0,1.0,2.572,1.0,0.0,0.0,0.004,1
111,14,1.0,0.127,0.7778,2.267375,1.0,0.0,0.0,0.004,0
118,14,1.0,0.0,1.0,3.225,1.0,0.0,0.0,0.004,0
122,14,1.0,1.0,1.0,1.8199999999999998,1.0,0.01658163265306122,0.9999999999999999,0.004,1
123,14,1.0,0.4762,1.0,3.605545454545455,1.0,0.0,0.0,0.004,0
125,14,1.0,0.1282,0.7222,3.0457777777777775,1.0,0.0,0.0,0.004,0
134,14,1.0,0.1333,1.0,1.782,1.0,0.0,0.0,0.004,0
140,14,1.0,0.0,1.0,1.526,1.0,0.0,0.0,0.004,0
141,14,1.0,0.1299,1.0,2.2253333333333334,1.0,0.09876543209876544,1.0,0.004,0
143,14,1.0,0.0,1.0,1.475,1.0,0.0,0.0,0.004,0
151,14,0.9286,0.8175,0.6429,4.058692307692308,1.0,0.0012744900000000005,1.0,0.004,1
154,14,1.0,0.0,1.0,1.7535,1.0,0.0,0.0,0.004,1
155,14,1.0,0.0,1.0,2.69275,1.0,0.0,0.0,0.004,0
162,14,1.0,0.0,1.0,1.721,1.0,0.0,0.0,0.004,0
180,14,1.0,0.0513,0.8667,3.9002000000000003,1.0,0.0,0.0,0.004,1
188,14,1.0,0.2667,1.0,3.06325,1.0,0.0,0.0,0.004,0
193,14,1.0,0.0,1.0,1.8719999999999999,1.0,0.014539528125,1.0,0.004,1
194,14,1.0,0.2286,1.0,1.929,1.0,0.0,0.0,0.004,0
195,14,1.0,0.0,1.0,2.289,1.0,0.0,0.0,0.004,1
198,14,1.0,0.6364,1.0,1.7625000000000002,1.0,0.0,0.0,0.004,0
216,14,1.0,0.75,1.0,1.652,1.0,0.0,0.0,0.004,0
217,14,1.0,0.0,1.0,2.573,1.0,0.0,0.0,0.004,0
227,14,1.0,0.5385,1.0,1.454,1.0,0.0,0.0,0.004,0
229,14,1.0,0.3333,1.0,2.559,1.0,0.0,0.0,0.004,0
230,14,1.0,0.0,1.0,1.778,1.0,0.0,0.0,0.004,0
239,14,1.0,0.75,1.0,4.627,1.0,0.0,0.0,0.004,0
240,14,1.0,0.0,1.0,1.939,1.0,0.0,0.0,0.004,0
241,14,1.0,0.0,0.2,3.4183,1.0,0.0,0.0,0.004,0
250,14,1.0,0.8,1.0,1.638,1.0,0.0,0.0,0.004,0
251,14,1.0,0.0,1.0,1.387,1.0,0.0,0.0,0.004,0
252,14,1.0,0.0,1.0,1.35,1.0,0.0,0.0,0.004,0
256,14,1.0,0.0,1.0,2.11,1.0,0.0,0.0,0.004,0
257,14,0.5,0.4643,1.0,1.9875,1.0,0.03472222222222223,1.0,0.004,1
258,14,1.0,0.0,1.0,1.88325,1.0,0.0,0.0,0.004,0
1,15,1.0,0.0,1.0,2.68,1.0,0.0,0.0,0.0,0
2,15,1.0,0.6923,1.0,2.234,1.0,0.0,0.0,0.0,1
6,15,1.0,0.5714,1.0,1.518,1.0,0.0,0.0,0.0,0
8,15,1.0,0.0,1.0,1.847,1.0,0.0,0.0,0.0,0
11,15,1.0,0.0,1.0,1.64,1.0,0.0,0.0,0.0,1
14,15,1.0,0.0714,1.0,2.0383333333333336,1.0,0.0,0.0,0.0,0
18,15,1.0,0.0,0.4,2.4236,1.0,0.0,0.0,0.0,0
20,15,1.0,0.0,1.0,2.1246666666666667,1.0,0.0,0.0,0.0,0
21,15,1.0,0.0,1.0,2.148846153846154,1.0,0.0,0.0,0.0,0
24,15,1.0,0.0764,1.0,3.092,1.0,0.0,0.0,0.0,1
26,15,1.0,0.0,1.0,1.4823333333333333,1.0,0.0,0.0,0.0,0
30,15,1.0,0.1905,1.0,1.8483333333333334,1.0,0.027888530933333336,1.0,0.0,0
36,15,1.0,0.0,1.0,1.9027272727272726,1.0,0.0,0.0,0.0,0
38,15,1.0,0.0,1.0,1.96,1.0,0.0,0.0,0.0,0
42,15,1.0,0.0,1.0,1.454,1.0,0.0,0.0,0.0,0
44,15,1.0,0.0833,1.0,2.3553333333333333,1.0,0.0,0.0,0.0,0
45,15,1.0,0.0714,1.0,2.1511428571428572,1.0,0.0,0.0,0.0,0
48,15,1.0,0.0,0.0833,1.7722499999999999,1.0,0.0,0.0,0.0,1
50,15,1.0,0.0,1.0,1.8710000000000002,1.0,0.0,0.0,0.0,0
51,15,1.0,0.0,1.0,1.78,1.0,0.109375,1.0,0.0,0
52,15,1.0,0.0,1.0,2.009333333333333,1.0,0.0,0.0,0.0,0
59,15,1.0,1.0,0.2667,2.118666666666667,1.0,0.0,0.0,0.0,1
63,15,0.3333,0.0417,1.0,1.783,1.0,0.15111022240000002,1.0,0.0,1
64,15,1.0,0.0,1.0,1.645,1.0,0.0,0.0,0.0,0
67,15,1.0,0.0,1.0,2.736,1.0,0.1683673469387756,1.0,0.0,0
68,15,1.0,0.0,0.1111,1.8436666666666666,1.0,0.0,0.0,0.0,1
69,15,1.0,0.0,1.0,1.346,1.0,0.0,0.0,0.0,0
71,15,1.0,0.2286,0.4667,2.485066666666667,1.0,0.0,0.0,0.0,0
73,15,1.0,0.0,1.0,1.601,1.0,0.0,0.0,0.0,0
75,15,1.0,0.0,1.0,1.414,1.0,0.0,0.0,0.0,0
80,15,1.0,0.0,1.0,1.657,1.0,0.0,0.0,0.0,0
81,15,1.0,0.0,0.0833,1.8468333333333333,1.0,0.0,0.0,0.0,0
88,15,1.0,0.0,0.0833,1.7859166666666668,1.0,0.0,0.0,0.0,1
92,15,1.0,0.0,1.0,2.029,1.0,0.0,0.0,0.0,0
101,15,1.0,0.1515,1.0,1.7469999999999999,1.0,0.0,0.0,0.0,0
102,15,1.0,0.0,0.0833,1.8745,1.0,0.0,0.0,0.0,1
106,15,1.0,0.0,1.0,1.381,1.0,0.0,0.0,0.0,1
107,15,1.0,0.0,1.0,1.992,1.0,0.0,0.0,0.0,0
108,15,1.0,0.0,1.0,4.7860000000000005,1.0,0.08264462809917354,1.0,0.0,0
110,15,1.0,0.3571,1.0,2.1195,1.0,0.0,0.0,0.0,1
111,15,1.0,0.25,1.0,2.076,1.0,0.0,0.0,0.0,0
121,15,1.0,0.4167,1.0,1.8098333333333334,1.0,0.0,0.0,0.0,0
122,15,1.0,1.0,1.0,2.083,1.0,0.01555555555555556,1.0,0.0,1
123,15,1.0,0.0,1.0,1.563,1.0,0.0,0.0,0.0,0
124,15,1.0,0.1786,1.0,2.9,1.0,0.12244897959183675,1.0,0.0,0
130,15,1.0,0.0,1.0,2.24,1.0,0.0,0.0,0.0,0
134,15,1.0,0.3055,1.0,2.972,1.0,0.0,0.0,0.0,0
136,15,1.0,0.0,1.0,1.875,1.0,0.0,0.0,0.0,1
139,15,1.0,0.1591,1.0,1.8895,1.0,0.0,0.0,0.0,0
141,15,1.0,0.3,1.0,2.232416666666667,1.0,0.09000000000000001,1.0,0.0,0
143,15,1.0,0.0,1.0,1.783,1.0,0.0,0.0,0.0,0
144,15,1.0,0.6,1.0,1.803,1.0,0.0,0.0,0.0,1
147,15,1.0,0.0,1.0,1.479,1.0,0.0,0.0,0.0,0
150,15,1.0,0.0,1.0,1.7865,1.0,0.0,0.0,0.0,0
154,15,1.0,0.0,1.0,1.909,1.0,0.0,0.0,0.0,1
155,15,1.0,0.0,1.0,1.562,1.0,0.0,0.0,0.0,0
156,15,1.0,0.0,1.0,2.417,1.0,0.0,0.0,0.0,0
160,15,1.0,0.0,1.0,2.044,1.0,0.0,0.0,0.0,0
161,15,1.0,0.4667,1.0,3.1726666666666667,1.0,0.0,0.0,0.0,1
162,15,1.0,0.0,1.0,1.7185,1.0,0.0,0.0,0.0,0
165,15,1.0,0.0,0.5556,1.6156666666666668,1.0,0.0,0.0,0.0,0
166,15,1.0,0.3571,1.0,1.4929999999999999,1.0,0.0,0.0,0.0,1
171,15,1.0,0.2051,1.0,2.4952222222222225,1.0,0.0,0.0,0.0,0
172,15,1.0,0.1667,1.0,1.983666666666667,1.0,0.0,0.0,0.0,0
178,15,1.0,0.0,1.0,2.4883333333333333,1.0,0.0,0.0,0.0,0
179,15,1.0,0.2571,1.0,2.5248,1.0,0.0,0.0,0.0,0
180,15,1.0,0.0571,1.0,3.3918749999999998,1.0,0.0,0.0,0.0,1
182,15,1.0,0.0,1.0,3.1490000000000005,1.0,0.0,0.0,0.0,1
184,15,1.0,0.2976,1.0,2.016714285714286,1.0,0.0,0.0,0.0,0
186,15,1.0,0.0833,0.6667,2.590333333333333,1.0,0.0,0.0,0.0,0
188,15,1.0,0.0,1.0,2.208,1.0,0.0,0.0,0.0,0
193,15,1.0,0.0,1.0,2.5147500000000003,1.0,0.012818522755102039,1.0,0.0,1
194,15,1.0,0.2297,1.0,2.269285714285714,1.0,0.0,0.0,0.0,0
195,15,1.0,1.0,1.0,1.453,1.0,0.0,0.0,0.0,1
198,15,1.0,0.4167,1.0,1.707,1.0,0.0,0.0,0.0,0
239,15,1.0,0.0,1.0,1.274,1.0,0.0,0.0,0.0,0
240,15,1.0,0.0,1.0,1.814,1.0,0.0,0.0,0.0,0
247,15,1.0,0.0,1.0,1.7723333333333333,1.0,0.0,0.0,0.0,0
251,15,1.0,0.0,1.0,1.576,1.0,0.0,0.0,0.0,0
258,15,1.0,0.0,0.9167000000000001,1.971,1.0,0.0,0.0,0.0,0
260,15,1.0,0.2857,1.0,1.921833333333333,1.0,0.0,0.0,0.0,0
261,15,1.0,0.0519,1.0,2.1222857142857143,1.0,0.0,0.0,0.0,0
269,15,1.0,0.0,0.1667,1.9803333333333333,1.0,0.0,0.0,0.0,0
271,15,1.0,0.9,1.0,1.665,1.0,0.1875,1.0,0.0,0
285,15,1.0,0.0,1.0,1.501,1.0,0.22222222222222224,1.0,0.0,0
295,15,1.0,0.0,1.0,1.938,1.0,0.0,0.0,0.0,0
296,15,1.0,0.0,1.0,2.1957999999999998,1.0,0.0,0.0,0.0,1
305,15,1.0,0.8,1.0,2.503,1.0,0.0,0.0,0.0,0
307,15,1.0,0.0,1.0,3.534,1.0,0.0,0.0,0.0,0
308,15,1.0,0.2393,1.0,2.1216666666666666,1.0,0.0,0.0,0.0,0
309,15,1.0,0.25,1.0,2.414,1.0,0.0,0.0,0.0,0
316,15,1.0,0.0,1.0,2.272,1.0,0.0,0.0,0.0,0
317,15,1.0,0.0,1.0,2.278,1.0,0.0,0.0,0.0,0
319,15,1.0,0.5714,1.0,2.434,1.0,0.0,0.0,0.0,0
1,16,1.0,0.0,1.0,1.622,1.0,0.0,0.0,0.0076,0
4,16,1.0,1.0,1.0,1.9108,1.0,0.0,0.0,0.0076,1
6,16,1.0,0.1714,1.0,1.7093749999999999,1.0,0.0,0.0,0.0076,0
12,16,0.2,0.8,0.8,2.0435,1.0,0.005849609375000002,1.0,0.0076,1
13,16,1.0,0.225,0.625,2.762375,1.0,0.0,0.0,0.0076,0
16,16,1.0,0.875,1.0,2.026,1.0,0.0,0.0,0.0076,0
19,16,1.0,0.0,1.0,1.8365,1.0,0.0,0.0,0.0076,1
21,16,1.0,0.0,1.0,2.7205,1.0,0.0,0.0,0.0076,0
29,16,1.0,0.0,0.25,1.87625,1.0,0.19661458333333334,1.0,0.0076,0
35,16,1.0,0.2778,0.375,2.6510416666666665,1.0,0.0,0.0,0.0076,0
38,16,1.0,0.0,1.0,1.742,1.0,0.0,0.0,0.0076,0
44,16,1.0,0.25,1.0,2.745,1.0,0.0,0.0,0.0076,0
47,16,1.0,0.0,1.0,1.868,1.0,0.0,0.0,0.0076,0
48,16,1.0,0.25,0.3636,3.316416666666667,1.0,0.0,0.0,0.0076,1
52,16,1.0,0.0,0.2857,1.7613333333333332,1.0,0.0,0.0,0.0076,0
69,16,1.0,0.0,1.0,2.025333333333333,1.0,0.0,0.0,0.0076,0
74,16,1.0,0.3091,0.2273,2.5238181818181817,1.0,0.0,0.0,0.0076,1
75,16,1.0,0.0,1.0,1.813,1.0,0.0,0.0,0.0076,0
77,16,1.0,0.5556,1.0,2.7578333333333336,1.0,0.0,0.0,0.0076,1
81,16,1.0,0.2955,0.4583,3.0153571428571433,1.0,0.0,0.0,0.0076,0
85,16,1.0,0.75,1.0,6.577,1.0,0.0,0.0,0.0076,0
86,16,1.0,0.0,1.0,2.548,1.0,0.0,0.0,0.0076,0
90,16,1.0,0.0,1.0,1.32,1.0,0.0,0.0,0.0076,0
93,16,1.0,0.0,1.0,1.6455000000000002,1.0,0.0,0.0,0.0076,0
95,16,1.0,0.5333,0.5556,2.2563703703703704,1.0,0.0,0.0,0.0076,1
102,16,1.0,0.0,1.0,2.2520000000000002,1.0,0.0,0.0,0.0076,1
107,16,1.0,0.0536,0.875,1.903,1.0,0.0,0.0,0.0076,0
108,16,1.0,0.7,1.0,2.923166666666667,1.0,0.07638888888888888,1.0,0.0076,0
110,16,1.0,0.8333,1.0,2.206,1.0,0.0,0.0,0.0076,1
111,16,1.0,0.4167,1.0,1.433,1.0,0.0,0.0,0.0076,0
115,16,1.0,0.0,0.24,3.5575200000000002,1.0,0.0,0.0,0.0076,1
119,16,1.0,0.0667,1.0,2.229,1.0,0.0,0.0,0.0076,0
122,16,1.0,1.0,1.0,1.534,1.0,0.0146484375,1.0,0.0076,1
123,16,1.0,0.0,1.0,2.634,1.0,0.0,0.0,0.0076,0
128,16,1.0,0.3889,0.2222,1.979111111111111,1.0,0.0,0.0,0.0076,0
132,16,1.0,0.0,1.0,1.994,1.0,0.0,0.0,0.0076,1
133,16,1.0,0.8,1.0,1.958,1.0,0.0,0.0,0.0076,1
134,16,1.0,0.2051,1.0,2.6495833333333336,1.0,0.0,0.0,0.0076,0
142,16,1.0,0.0,1.0,1.995,1.0,0.0,0.0,0.0076,0
143,16,1.0,0.0,1.0,1.551,1.0,0.0,0.0,0.0076,0
144,16,1.0,0.7333,1.0,1.9957142857142858,1.0,0.0,0.0,0.0076,1
146,16,1.0,0.3,1.0,1.621,1.0,0.0,0.0,0.0076,0
147,16,1.0,0.0694,1.0,1.829,1.0,0.0,0.0,0.0076,0
150,16,1.0,0.4,1.0,1.8226,1.0,0.0,0.0,0.0076,0
153,16,1.0,0.0833,1.0,2.074,1.0,0.0,0.0,0.0076,0
154,16,1.0,0.0,1.0,1.565,1.0,0.0,0.0,0.0076,1
155,16,1.0,0.0,1.0,1.648,1.0,0.0,0.0,0.0076,0
156,16,1.0,0.0,1.0,2.8782,1.0,0.0,0.0,0.0076,0
163,16,1.0,0.0,1.0,2.045,1.0,0.0,0.0,0.0076,0
172,16,1.0,0.2143,0.5714,2.1670000000000003,1.0,0.0,0.0,0.0076,0
181,16,1.0,0.0,1.0,19.544,1.0,0.0,0.0,0.0076,0
186,16,1.0,0.25,1.0,1.9395,1.0,0.0,0.0,0.0076,0
188,16,1.0,0.0,1.0,1.703,1.0,0.0,0.0,0.0076,0
190,16,1.0,0.2667,0.3333,2.0736,1.0,0.0,0.0,0.0076,0
192,16,1.0,0.1905,1.0,2.6353333333333335,1.0,0.0,0.0,0.0076,0
193,16,1.0,0.0,1.0,1.9714999999999998,1.0,0.011449878398437498,1.0,0.0076,1
195,16,1.0,1.0,1.0,2.083,1.0,0.0,0.0,0.0076,1
198,16,1.0,0.0,1.0,2.083272727272727,1.0,0.0,0.0,0.0076,0
240,16,1.0,0.0,1.0,1.668,1.0,0.0,0.0,0.0076,0
250,16,1.0,0.8,1.0,1.495,1.0,0.0,0.0,0.0076,0
278,16,1.0,0.0,1.0,1.928,1.0,0.0,0.0,0.0076,0
279,16,1.0,0.8571,0.28,3.07136,1.0,0.0,0.0,0.0076,1
282,16,1.0,0.0,1.0,2.1365,1.0,0.0,0.0,0.0076,0
291,16,1.0,0.0,1.0,10.797,1.0,0.0,0.0,0.0076,0
292,16,1.0,0.0,1.0,1.9534285714285713,1.0,0.0,0.0,0.0076,0
293,16,1.0,0.031,1.0,2.1772,1.0,0.0,0.0,0.0076,0
294,16,1.0,0.1929,1.0,2.472785714285714,1.0,0.0,0.0,0.0076,0
295,16,1.0,0.0,1.0,2.0164814814814815,1.0,0.0,0.0,0.0076,0
296,16,1.0,0.0,1.0,1.9352,1.0,0.0,0.0,0.0076,1
297,16,1.0,0.0,1.0,1.811375,1.0,0.0,0.0,0.0076,0
298,16,1.0,0.2667,1.0,1.9843333333333335,1.0,0.0,0.0,0.0076,0
308,16,1.0,0.0,1.0,1.7315,1.0,0.0,0.0,0.0076,0
309,16,1.0,0.0,1.0,2.195,1.0,0.0,0.0,0.0076,0
1,17,1.0,0.0,0.3077,1.8935000000000002,1.0,0.0,0.0,0.004,0
3,17,1.0,0.0,1.0,2.226,1.0,0.0,0.0,0.004,1
6,17,1.0,0.5385,1.0,1.569,1.0,0.0,0.0,0.004,0
12,17,0.07139999999999999,0.9286,0.5,1.877,1.0,0.00558140955017301,1.0,0.004,1
27,17,1.0,0.0,1.0,1.398,1.0,0.07026205786982248,1.0,0.004,1
30,17,1.0,0.0,1.0,2.311,1.0,0.02489670325259516,1.0,0.004,0
38,17,1.0,0.0,1.0,1.263,1.0,0.0,0.0,0.004,0
67,17,1.0,0.0,1.0,2.153,1.0,0.16000000000000006,1.0,0.004,0
75,17,1.0,0.0,1.0,1.57,1.0,0.0,0.0,0.004,0
110,17,1.0,0.0,1.0,2.421,1.0,0.0,0.0,0.004,1
122,17,1.0,1.0,1.0,1.549,1.0,0.013840830449826992,1.0,0.004,1
123,17,1.0,0.0,1.0,1.783,1.0,0.0,0.0,0.004,0
130,17,1.0,0.0,1.0,1.412,1.0,0.0,0.0,0.004,0
132,17,1.0,0.0,1.0,1.757,1.0,0.0,0.0,0.004,1
134,17,1.0,0.0,1.0,2.08475,1.0,0.0,0.0,0.004,0
143,17,1.0,0.0,1.0,2.45,1.0,0.0,0.0,0.004,0
154,17,1.0,0.0,1.0,1.69,1.0,0.0,0.0,0.004,1
155,17,1.0,0.0,1.0,1.657,1.0,0.0,0.0,0.004,0
188,17,1.0,0.0,1.0,1.724,1.0,0.0,0.0,0.004,0
193,17,1.0,0.0,1.0,1.74175,1.0,0.010339220000000001,1.0,0.004,1
195,17,1.0,1.0,1.0,1.9020000000000001,1.0,0.0,0.0,0.004,1
198,17,1.0,0.6,1.0,1.9675000000000002,1.0,0.0,0.0,0.004,0
238,17,1.0,0.0,1.0,2.408,1.0,0.0,0.0,0.004,0
239,17,1.0,0.25,0.5,1.865875,1.0,0.0,0.0,0.004,0
240,17,1.0,0.0,1.0,1.77,1.0,0.0,0.0,0.004,0
250,17,0.8571,0.1429,1.0,1.9635,1.0,0.0012706032888888895,1.0,0.004,0
251,17,1.0,0.3,1.0,1.6804999999999999,1.0,0.0,0.0,0.004,0
3,18,1.0,0.0,1.0,2.105,1.0,0.0,0.0,0.0016,1
5,18,0.1,0.5364,1.0,1.187,1.0,0.0033206311111111113,1.0,0.0016,1
6,18,1.0,0.127,0.7778,1.872375,1.0,0.0,0.0,0.0016,0
14,18,1.0,0.5556,1.0,1.97575,1.0,0.0,0.0,0.0016,0
21,18,1.0,0.0,1.0,1.8905999999999998,1.0,0.0,0.0,0.0016,0
31,18,1.0,0.6667,0.5,2.1381666666666668,1.0,0.0003146888888888901,1.0,0.0016,1
34,18,0.1429,0.7143,1.0,1.784,1.0,0.004537868888888889,1.0,0.0016,1
36,18,1.0,0.0,1.0,1.877,1.0,0.0,0.0,0.0016,0
44,18,1.0,0.0,1.0,1.775,1.0,0.0,0.0,0.0016,0
46,18,1.0,0.1389,1.0,2.04725,1.0,0.0,0.0,0.0016,0
61,18,1.0,0.0,1.0,1.8635,1.0,0.0,0.0,0.0016,1
64,18,1.0,0.0,0.6667,2.0383333333333336,1.0,0.0,0.0,0.0016,0
67,18,1.0,0.0,1.0,2.449,1.0,0.15234375,1.0,0.0016,0
68,18,1.0,0.3214,1.0,1.72025,1.0,0.0,0.0,0.0016,1
75,18,1.0,0.0,1.0,1.725,1.0,0.0,0.0,0.0016,0
79,18,1.0,0.0,1.0,2.2775,1.0,0.0,0.0,0.0016,0
108,18,1.0,0.875,1.0,1.468,1.0,0.07100591715976333,1.0,0.0016,0
110,18,1.0,0.0,1.0,1.843,1.0,0.0,0.0,0.0016,1
111,18,1.0,0.0,1.0,2.16,1.0,0.0,0.0,0.0016,0
112,18,1.0,0.5294,1.0,1.7498333333333334,1.0,0.0,0.0,0.0016,0
118,18,1.0,0.0,1.0,2.049,1.0,0.0,0.0,0.0016,0
122,18,1.0,1.0,1.0,1.825,1.0,0.013117283950617285,1.0,0.0016,1
123,18,1.0,0.0,1.0,2.0615,1.0,0.0,0.0,0.0016,0
129,18,1.0,0.127,1.0,1.9007999999999998,1.0,0.0,0.0,0.0016,1
130,18,1.0,0.0,1.0,2.128,1.0,0.0,0.0,0.0016,0
132,18,1.0,0.05,0.8,1.7440000000000002,1.0,0.0,0.0,0.0016,1
134,18,1.0,0.0,1.0,2.0785,1.0,0.0,0.0,0.0016,0
135,18,1.0,0.6667,1.0,1.604,1.0,0.0,0.0,0.0016,0
139,18,1.0,0.625,1.0,1.6059999999999999,1.0,0.0,0.0,0.0016,0
141,18,1.0,0.4667,1.0,1.966625,1.0,0.08264462809917354,1.0,0.0016,0
143,18,1.0,0.0,1.0,1.565,1.0,0.0,0.0,0.0016,0
154,18,1.0,0.0,1.0,1.924,1.0,0.0,0.0,0.0016,1
155,18,1.0,0.0,1.0,1.71,1.0,0.0,0.0,0.0016,0
162,18,1.0,0.1,1.0,1.9155,1.0,0.0,0.0,0.0016,0
165,18,1.0,0.3788,1.0,2.045166666666667,1.0,0.0,0.0,0.0016,0
166,18,1.0,0.0,1.0,2.6910000000000003,1.0,0.0,0.0,0.0016,1
168,18,1.0,0.8889,1.0,1.9688333333333334,1.0,0.0,0.0,0.0016,1
188,18,1.0,0.0,1.0,1.984,1.0,0.0,0.0,0.0016,0
195,18,1.0,0.6667,1.0,2.03,1.0,0.0,0.0,0.0016,1
198,18,1.0,0.0,1.0,1.5773333333333335,1.0,0.0,0.0,0.0016,0
235,18,1.0,0.0,1.0,2.683,1.0,0.0,0.0,0.0016,0
239,18,1.0,0.6667,1.0,1.861,1.0,0.0,0.0,0.0016,0
240,18,1.0,0.0,1.0,1.873,1.0,0.0,0.0,0.0016,0
241,18,1.0,0.0,1.0,1.804,1.0,0.0,0.0,0.0016,0
245,18,1.0,0.0,1.0,2.234,1.0,0.0,0.0,0.0016,0
246,18,1.0,0.3,1.0,1.561,1.0,0.0,0.0,0.0016,0
247,18,1.0,0.0,1.0,1.7905,1.0,0.0,0.0,0.0016,0
250,18,1.0,0.8,1.0,2.007,1.0,0.0011965083984375004,1.0,0.0016,0
251,18,1.0,0.0,1.0,2.474,1.0,0.0,0.0,0.0016,0
256,18,1.0,0.1667,1.0,2.363,1.0,0.0,0.0,0.0016,0
258,18,1.0,0.0536,1.0,2.3385714285714285,1.0,0.0,0.0,0.0016,0
259,18,1.0,0.8,1.0,1.89325,1.0,0.1983471074380165,1.0,0.0016,0
260,18,1.0,0.3333,1.0,1.656,1.0,0.0,0.0,0.0016,0
261,18,1.0,0.3,1.0,1.788166666666667,1.0,0.0,0.0,0.0016,0
267,18,1.0,0.1667,1.0,1.8475,1.0,0.0,0.0,0.0016,0
269,18,1.0,0.1667,1.0,2.721,1.0,0.0,0.0,0.0016,0
1,19,1.0,0.3,0.55,5.561533333333333,1.0,0.0,0.0,0.0076,0
3,19,1.0,0.0,0.3333,22.1085,1.0,0.0,0.0,0.0076,1
4,19,1.0,0.375,1.0,2.002,1.0,0.0,0.0,0.0076,1
6,19,1.0,0.2143,0.5714,5.28025,1.0,0.0,0.0,0.0076,0
8,19,1.0,0.0,1.0,1.644,1.0,0.0,0.0,0.0076,0
14,19,1.0,0.5556,1.0,1.781,1.0,0.0,0.0,0.0076,0
22,19,1.0,0.6667,0.6667,2.2084444444444444,1.0,0.0,0.0,0.0076,1
30,19,1.0,0.0,0.5714,8.1885,1.0,0.02248026321329641,1.0,0.0076,0
31,19,1.0,0.0,0.2857,2.9866,1.0,0.000277440000000001,1.0,0.0076,1
38,19,1.0,0.0,1.0,1.399,1.0,0.0,0.0,0.0076,0
39,19,1.0,0.0,1.0,2.238,1.0,0.0,0.0,0.0076,0
42,19,1.0,0.0,1.0,1.65,1.0,0.0,0.0,0.0076,0
44,19,1.0,0.0,0.83335,3.4645,1.0,0.0,0.0,0.0076,0
45,19,1.0,0.0,1.0,8.773,1.0,0.0,0.0,0.0076,0
46,19,1.0,0.15,1.0,1.891,1.0,0.0,0.0,0.0076,0
62,19,1.0,0.0,1.0,15.3695,1.0,0.0,0.0,0.0076,0
64,19,1.0,0.1071,1.0,2.3156666666666665,1.0,0.0,0.0,0.0076,0
66,19,1.0,1.0,0.4444,2.779222222222222,1.0,0.0,0.0,0.0076,1
67,19,1.0,0.0,1.0,3.4615,1.0,0.1453287197231834,1.0,0.0076,0
70,19,1.0,0.1714,1.0,5.1722,1.0,0.0,0.0,0.0076,0
73,19,1.0,0.1071,0.5714,3.6744285714285714,1.0,0.0,0.0,0.0076,0
75,19,1.0,0.0,1.0,2.464,1.0,0.0,0.0,0.0076,0
79,19,1.0,0.0,1.0,2.3706666666666667,1.0,0.0,0.0,0.0076,0
92,19,1.0,0.0,1.0,1.332,1.0,0.0,0.0,0.0076,0
94,19,1.0,0.2667,1.0,3.3666666666666667,1.0,0.0,0.0,0.0076,0
101,19,1.0,0.0,1.0,3.069,1.0,0.0,0.0,0.0076,0
103,19,1.0,0.0,1.0,1.9258333333333333,1.0,0.0,0.0,0.0076,0
110,19,1.0,0.0,1.0,2.197,1.0,0.0,0.0,0.0076,1
111,19,1.0,0.0,1.0,1.972,1.0,0.0,0.0,0.0076,0
112,19,1.0,0.2625,1.0,2.968923076923077,1.0,0.0,0.0,0.0076,0
118,19,1.0,0.0,1.0,2.5236666666666667,1.0,0.0,0.0,0.0076,0
122,19,1.0,1.0,1.0,3.5805,1.0,0.012465373961218834,1.0,0.0076,1
123,19,1.0,0.0,1.0,2.402,1.0,0.0,0.0,0.0076,0
129,19,1.0,0.0,1.0,1.741,1.0,0.0,0.0,0.0076,1
130,19,1.0,0.0784,1.0,4.841625,1.0,0.0,0.0,0.0076,0
132,19,1.0,0.2667,1.0,8.827,1.0,0.0,0.0,0.0076,1
134,19,1.0,0.0,1.0,8.006499999999999,1.0,0.0,0.0,0.0076,0
139,19,1.0,0.25,1.0,5.434181818181818,1.0,0.0,0.0,0.0076,0
140,19,1.0,0.0,1.0,6.3605,1.0,0.0,0.0,0.0076,0
141,19,1.0,0.8,1.0,1.785,1.0,0.07638888888888888,1.0,0.0076,0
143,19,1.0,0.0,1.0,4.03575,1.0,0.0,0.0,0.0076,0
154,19,1.0,0.0,1.0,4.214,1.0,0.0,0.0,0.0076,1
155,19,1.0,0.0,1.0,3.8655,1.0,0.0,0.0,0.0076,0
166,19,1.0,0.0,1.0,2.572,1.0,0.0,0.0,0.0076,1
168,19,1.0,0.875,1.0,4.7308,1.0,0.0,0.0,0.0076,1
171,19,1.0,0.3,1.0,3.5404999999999998,1.0,0.0,0.0,0.0076,0
179,19,1.0,0.0,1.0,2.4263333333333335,1.0,0.0,0.0,0.0076,0
188,19,1.0,0.0,1.0,4.214333333333333,1.0,0.0,0.0,0.0076,0
193,19,1.0,0.0,1.0,1.722,1.0,0.009421614225,1.0,0.0076,1
195,19,1.0,1.0,1.0,3.1014999999999997,1.0,0.0,0.0,0.0076,1
198,19,1.0,0.0,1.0,3.1294,1.0,0.0,0.0,0.0076,0
239,19,1.0,0.0,1.0,1.476,1.0,0.0,0.0,0.0076,0
240,19,1.0,0.0,1.0,4.2490000000000006,1.0,0.0,0.0,0.0076,0
241,19,1.0,0.0,1.0,3.195,1.0,0.0,0.0,0.0076,0
250,19,1.0,0.25,1.0,2.1995,1.0,0.0011305417301038067,1.0,0.0076,0
251,19,1.0,0.0,1.0,2.1675,1.0,0.0,0.0,0.0076,0
252,19,1.0,0.05,0.8333,3.0680833333333335,1.0,0.0,0.0,0.0076,0
253,19,1.0,0.0,1.0,3.073,1.0,0.0,0.0,0.0076,0
259,19,1.0,0.7727,1.0,2.8339999999999996,1.0,0.1875,1.0,0.0076,0
260,19,1.0,0.0833,1.0,1.5603333333333333,1.0,0.0,0.0,0.0076,0
261,19,1.0,0.1128,1.0,3.5372857142857144,1.0,0.0,0.0,0.0076,0
263,19,1.0,0.0385,0.9286,2.1790714285714285,1.0,0.0,0.0,0.0076,0
264,19,1.0,0.0,1.0,6.557833333333334,1.0,0.0,0.0,0.0076,0
272,19,1.0,0.2667,1.0,4.064333333333333,1.0,0.0,0.0,0.0076,0
275,19,1.0,0.5714,1.0,2.1323333333333334,1.0,0.0,0.0,0.0076,0
296,19,1.0,1.0,1.0,1.7163333333333333,1.0,0.0,0.0,0.0076,1
1,20,1.0,0.0,0.3333,1.880111111111111,1.0,0.0,0.0,0.0024,0
2,20,1.0,0.0,1.0,2.345333333333333,1.0,0.0,0.0,0.0024,1
3,20,0.8,0.15,1.0,1.8455,1.0,0.002098765432098764,1.0,0.0024,1
4,20,1.0,1.0,0.6,2.2042,1.0,0.0,0.0,0.0024,1
8,20,1.0,0.0,0.2,2.8444,1.0,0.0,0.0,0.0024,0
13,20,1.0,0.0,1.0,2.008,1.0,0.0,0.0,0.0024,0
14,20,1.0,0.5833,1.0,1.354,1.0,0.0,0.0,0.0024,0
23,20,1.0,0.0,0.5,1.8635,1.0,0.0,0.0,0.0024,0
30,20,1.0,0.0,1.0,1.773,1.0,0.02143872227500001,1.0,0.0024,0
31,20,1.0,0.0,1.0,1.554,1.0,0.0002478175000000009,1.0,0.0024,1
36,20,1.0,0.0,1.0,1.917,1.0,0.0,0.0,0.0024,0
38,20,1.0,0.0,1.0,1.309,1.0,0.0,0.0,0.0024,0
41,20,0.0909,0.9091,0.1818,2.384,1.0,0.0006924514749999999,1.0,0.0024,1
44,20,1.0,1.0,0.0,1.886,1.0,0.0,0.0,0.0024,0
45,20,1.0,0.0,0.125,3.1797500000000003,1.0,0.0,0.0,0.0024,0
46,20,1.0,0.875,1.0,1.475,1.0,0.0,0.0,0.0024,0
64,20,1.0,0.0,1.0,1.92,1.0,0.0,0.0,0.0024,0
65,20,1.0,0.0,0.1429,2.5740000000000003,1.0,0.0,0.0,0.0024,0
67,20,1.0,0.1,0.8,1.795,1.0,0.1388888888888889,1.0,0.0024,0
69,20,1.0,0.0,1.0,3.0595,1.0,0.0,0.0,0.0024,0
73,20,1.0,0.0,1.0,2.377,1.0,0.0,0.0,0.0024,0
75,20,1.0,0.0,1.0,1.81425,1.0,0.0,0.0,0.0024,0
77,20,1.0,1.0,1.0,1.8835,1.0,0.0,0.0,0.0024,1
79,20,1.0,0.0,1.0,2.055,1.0,0.0,0.0,0.0024,0
86,20,1.0,0.0,1.0,1.984,1.0,0.0,0.0,0.0024,0
91,20,1.0,0.2431,0.5625,2.3600624999999997,1.0,0.0,0.0,0.0024,1
94,20,1.0,0.0,1.0,2.7665,1.0,0.0,0.0,0.0024,0
106,20,1.0,1.0,1.0,1.438,1.0,0.0,0.0,0.0024,1
109,20,0.875,0.0833,1.0,2.0404,1.0,0.00390625,0.0,0.0024,0
110,20,1.0,0.0,1.0,1.945,1.0,0.0,0.0,0.0024,1
111,20,1.0,0.0,1.0,1.934,1.0,0.0,0.0,0.0024,0
112,20,1.0,0.0,1.0,2.225,1.0,0.0,0.0,0.0024,0
118,20,1.0,0.0,1.0,2.694,1.0,0.0,0.0,0.0024,0
121,20,1.0,0.0,1.0,1.845,1.0,0.0,0.0,0.0024,0
122,20,1.0,0.0,1.0,1.345,1.0,0.011875000000000004,1.0,0.0024,1
123,20,1.0,0.0,1.0,2.084,1.0,0.0,0.0,0.0024,0
127,20,0.11109999999999999,0.8889,1.0,2.2,1.0,0.1053306562109375,1.0,0.0024,1
130,20,1.0,0.0,1.0,1.9565000000000001,1.0,0.0,0.0,0.0024,0
132,20,1.0,0.0,1.0,2.187,1.0,0.0,0.0,0.0024,1
133,20,1.0,1.0,0.8,2.409,1.0,0.0,0.0,0.0024,1
134,20,1.0,0.0,1.0,1.8525,1.0,0.0,0.0,0.0024,0
139,20,1.0,0.2619,0.3889,2.3099444444444446,1.0,0.0,0.0,0.0024,0
142,20,1.0,0.0714,0.875,1.8445,1.0,0.0,0.0,0.0024,0
143,20,1.0,0.0,1.0,2.08575,1.0,0.0,0.0,0.0024,0
147,20,1.0,0.0,1.0,3.834,1.0,0.0,0.0,0.0024,0
154,20,1.0,0.1667,1.0,1.7666666666666666,1.0,0.0,0.0,0.0024,1
155,20,1.0,0.0,1.0,2.035,1.0,0.0,0.0,0.0024,0
160,20,1.0,0.0,0.2,2.8344,1.0,0.0,0.0,0.0024,0
168,20,1.0,1.0,1.0,1.605,1.0,0.0,0.0,0.0024,1
171,20,0.5,0.0833,1.0,1.5485,1.0,0.03472222222222222,1.0,0.0024,0
172,20,1.0,0.25,1.0,1.9325,1.0,0.0,0.0,0.0024,0
177,20,1.0,0.2667,1.0,1.5599999999999998,1.0,0.0,0.0,0.0024,0
180,20,1.0,0.3889,1.0,1.918,1.0,0.0,0.0,0.0024,1
184,20,1.0,0.2619,0.3889,1.9688333333333334,1.0,0.0,0.0,0.0024,0
190,20,1.0,0.0714,1.0,2.3651666666666666,1.0,0.0,0.0,0.0024,0
193,20,1.0,0.0,0.4,1.9566,1.0,0.008651620041322316,1.0,0.0024,1
194,20,1.0,0.6923,1.0,1.86,1.0,0.0,0.0,0.0024,0
195,20,1.0,1.0,1.0,2.306,1.0,0.0,0.0,0.0024,1
198,20,1.0,0.0,1.0,2.71,1.0,0.0,0.0,0.0024,0
239,20,1.0,0.0,1.0,1.705,1.0,0.0,0.0,0.0024,0
240,20,1.0,0.0,1.0,2.4625000000000004,1.0,0.0,0.0,0.0024,0
250,20,1.0,0.0,1.0,2.125,1.0,0.001071441265432099,1.0,0.0024,0
251,20,1.0,0.0,1.0,1.856,1.0,0.0,0.0,0.0024,0
258,20,1.0,0.3667,1.0,1.9275,1.0,0.0,0.0,0.0024,0
259,20,1.0,0.6875,1.0,2.030666666666667,1.0,0.1775147928994083,1.0,0.0024,0
260,20,1.0,0.1714,1.0,1.7112000000000003,1.0,0.0,0.0,0.0024,0
261,20,1.0,0.0,1.0,1.8127499999999999,1.0,0.0,0.0,0.0024,0
271,20,1.0,0.0,1.0,2.3599411764705884,1.0,0.1775147928994083,1.0,0.0024,0
272,20,1.0,0.2222,0.3333,2.0123529411764705,1.0,0.0,0.0,0.0024,0
273,20,1.0,0.15,1.0,1.9525000000000001,1.0,0.0,0.0,0.0024,0
283,20,1.0,0.0,1.0,2.8,1.0,0.0,0.0,0.0024,0
284,20,1.0,0.1944,0.6667,1.919722222222222,1.0,0.0,0.0,0.0024,0
295,20,1.0,0.0601,1.0,1.8164736842105267,1.0,0.0,0.0,0.0024,0
296,20,1.0,1.0,1.0,3.052,1.0,0.0,0.0,0.0024,1
297,20,1.0,0.0,0.4286,3.3124285714285713,1.0,0.0,0.0,0.0024,0
306,20,1.0,0.0,1.0,1.9861999999999997,1.0,0.0,0.0,0.0024,0
307,20,1.0,0.0636,1.0,2.5369,1.0,0.0,0.0,0.0024,0
308,20,1.0,0.1667,1.0,3.394,1.0,0.0,0.0,0.0024,0
317,20,1.0,0.0444,0.9,1.7312999999999998,1.0,0.0,0.0,0.0024,0
319,20,1.0,0.0694,1.0,4.065125,1.0,0.0,0.0,0.0024,0
1,21,1.0,0.0,0.5,2.0532,1.0,0.0,0.0,0.0044,0
3,21,1.0,0.0,1.0,2.446,1.0,0.002098765432098764,1.0,0.0044,1
4,21,1.0,1.0,0.3333,1.8821052631578947,1.0,0.0,0.0,0.0044,1
6,21,1.0,0.4444,1.0,2.0993333333333335,1.0,0.0,0.0,0.0044,0
8,21,1.0,0.0,0.0952,1.9628421052631577,1.0,0.0,0.0,0.0044,0
14,21,1.0,0.1,0.8,1.8614000000000002,1.0,0.0,0.0,0.0044,0
19,21,1.0,0.0,0.0476,2.0041428571428574,1.0,0.0,0.0,0.0044,1
20,21,1.0,0.0,1.0,2.341,1.0,0.0,0.0,0.0044,0
21,21,1.0,0.1667,1.0,1.5636666666666665,1.0,0.0,0.0,0.0044,0
26,21,1.0,0.0,1.0,1.876,1.0,0.0,0.0,0.0044,0
27,21,0.3333,0.6667,0.6667,1.798,1.0,0.05863082249134949,1.0,0.0044,1
30,21,1.0,0.0,1.0,3.193,1.0,0.02143872227500001,1.0,0.0044,0
34,21,1.0,0.0,1.0,2.243,1.0,0.173466326875,1.0,0.0044,1
36,21,1.0,0.0,0.1429,1.8904615384615384,1.0,0.0,0.0,0.0044,0
38,21,1.0,0.0,1.0,2.163,1.0,0.0,0.0,0.0044,0
39,21,1.0,0.6667,1.0,1.394,1.0,0.0,0.0,0.0044,0
45,21,1.0,0.0,1.0,1.527,1.0,0.0,0.0,0.0044,0
46,21,1.0,0.3214,1.0,1.9097499999999998,1.0,0.0,0.0,0.0044,0
48,21,1.0,0.6364,1.0,2.485,1.0,0.0,0.0,0.0044,1
52,21,1.0,0.0,1.0,2.042666666666667,1.0,0.0,0.0,0.0044,0
60,21,1.0,0.0,1.0,2.625,1.0,0.0,0.0,0.0044,0
64,21,1.0,0.0,1.0,4.1125,1.0,0.0,0.0,0.0044,0
66,21,1.0,1.0,0.1364,1.823772727272727,1.0,0.0,0.0,0.0044,1
67,21,1.0,0.0,1.0,2.536,1.0,0.1388888888888889,1.0,0.0044,0
69,21,1.0,0.0,1.0,1.639,1.0,0.0,0.0,0.0044,0
76,21,1.0,0.0,1.0,2.515,1.0,0.0,0.0,0.0044,0
77,21,1.0,0.8333,0.4286,2.0052307692307694,1.0,0.0,0.0,0.0044,1
79,21,1.0,0.0,0.6154,2.4453333333333336,1.0,0.0,0.0,0.0044,0
80,21,1.0,0.0,0.6667,2.644,1.0,0.0,0.0,0.0044,0
90,21,1.0,0.0,1.0,1.812,1.0,0.0,0.0,0.0044,0
91,21,1.0,0.0,1.0,1.786,1.0,0.0,0.0,0.0044,1
92,21,1.0,0.0,1.0,2.7168,1.0,0.0,0.0,0.0044,0
108,21,0.8889,0.2323,1.0,1.6052499999999998,1.0,0.0705675652071006,1.0,0.0044,0
109,21,1.0,0.1333,1.0,1.8237999999999999,1.0,0.00390625,1.0,0.0044,0
110,21,1.0,0.0,1.0,2.457,1.0,0.0,0.0,0.0044,1
111,21,1.0,0.0,0.4444,2.0515555555555554,1.0,0.0,0.0,0.0044,0
112,21,1.0,0.0,0.9231,2.676769230769231,1.0,0.0,0.0,0.0044,0
113,21,0.04,0.96,0.12,1.632,1.0,0.0004,1.0,0.0044,1
118,21,1.0,0.0,1.0,2.475,1.0,0.0,0.0,0.0044,0
122,21,1.0,1.0,1.0,1.493,1.0,0.011875000000000004,0.5400617248673218,0.0044,1
123,21,1.0,0.0,1.0,1.8933333333333333,1.0,0.0,0.0,0.0044,0
129,21,1.0,0.0,1.0,1.65475,1.0,0.0,0.0,0.0044,1
130,21,1.0,0.6667,1.0,1.8885,1.0,0.0,0.0,0.0044,0
132,21,1.0,0.0,1.0,1.7985,1.0,0.0,0.0,0.0044,1
141,21,1.0,0.0,1.0,1.7695,1.0,0.07638888888888888,1.0,0.0044,0
143,21,1.0,0.0,1.0,1.768,1.0,0.0,0.0,0.0044,0
144,21,1.0,0.0,1.0,2.4232857142857145,1.0,0.0,0.0,0.0044,1
150,21,1.0,0.0,1.0,2.148,1.0,0.0,0.0,0.0044,0
154,21,1.0,0.0,1.0,2.573,1.0,0.0,0.0,0.0044,1
155,21,1.0,0.0,1.0,2.248,1.0,0.0,0.0,0.0044,0
156,21,1.0,0.0,1.0,1.6496666666666666,1.0,0.0,0.0,0.0044,0
160,21,1.0,0.0,1.0,1.8780000000000001,1.0,0.0,0.0,0.0044,0
163,21,1.0,0.0,1.0,2.0856666666666666,1.0,0.0,0.0,0.0044,0
164,21,1.0,0.0,1.0,1.868,1.0,0.0,0.0,0.0044,0
172,21,1.0,0.05,0.8,1.6212,1.0,0.0,0.0,0.0044,0
177,21,1.0,0.75,1.0,2.31,1.0,0.0,0.0,0.0044,0
178,21,1.0,0.0,1.0,1.904,1.0,0.0,0.0,0.0044,0
180,21,1.0,0.0,1.0,1.8780000000000001,1.0,0.0,0.0,0.0044,1
186,21,1.0,0.0,1.0,1.6535,1.0,0.0,0.0,0.0044,0
188,21,1.0,0.0,1.0,1.982,1.0,0.0,0.0,0.0044,0
190,21,1.0,0.0,1.0,1.366,1.0,0.0,0.0,0.0044,0
193,21,1.0,0.0,1.0,2.556,1.0,0.007996740468750001,1.0,0.0044,1
194,21,1.0,0.1333,1.0,2.0334999999999996,1.0,0.0,0.0,0.0044,0
195,21,1.0,1.0,1.0,1.795,1.0,0.0,0.0,0.0044,1
199,21,1.0,0.0,1.0,2.0115,1.0,0.0,0.0,0.0044,0
226,21,1.0,0.0,1.0,1.754,1.0,0.0,0.0,0.0044,1
235,21,1.0,0.0,1.0,2.554,1.0,0.0,0.0,0.0044,0
239,21,1.0,0.0,1.0,1.73,1.0,0.0,0.0,0.0044,0
240,21,1.0,0.0,1.0,1.929,1.0,0.0,0.0,0.0044,0
246,21,1.0,0.0,1.0,1.454,1.0,0.0,0.0,0.0044,0
250,21,1.0,0.0833,1.0,2.07675,1.0,0.001071441265432099,1.0,0.0044,0
251,21,1.0,0.0,1.0,1.992,1.0,0.0,0.0,0.0044,0
258,21,1.0,0.033,0.9286,2.039181818181818,1.0,0.0,0.0,0.0044,0
259,21,1.0,0.0,1.0,1.9189999999999998,1.0,0.1775147928994083,1.0,0.0044,0
261,21,1.0,0.2232,1.0,1.9009090909090909,1.0,0.0,0.0,0.0044,0
293,21,1.0,0.381,1.0,2.904285714285714,1.0,0.0,0.0,0.0044,0
295,21,1.0,0.7308,1.0,2.07425,1.0,0.0,0.0,0.0044,0
296,21,1.0,1.0,1.0,1.8373333333333333,1.0,0.0,0.0,0.0044,1
297,21,1.0,0.375,1.0,1.568,1.0,0.0,0.0,0.0044,0
307,21,1.0,0.0,1.0,1.8876666666666668,1.0,0.0,0.0,0.0044,0
308,21,1.0,0.0,1.0,1.678,1.0,0.0,0.0,0.0044,0
1,22,1.0,0.2182,0.60225,2.632,1.0,0.0,0.0,0.006,0
3,22,1.0,0.2143,1.0,1.9889999999999999,1.0,0.002098765432098764,1.0,0.006,1
6,22,1.0,0.1714,1.0,1.9068888888888889,1.0,0.0,0.0,0.006,0
8,22,1.0,0.0,1.0,2.09,1.0,0.0,0.0,0.006,0
14,22,1.0,0.1667,1.0,2.034,1.0,0.0,0.0,0.006,0
30,22,1.0,0.0,0.8409,1.6555384615384614,1.0,0.02143872227500001,1.0,0.006,0
36,22,1.0,0.0,1.0,1.7573333333333334,1.0,0.0,0.0,0.006,0
39,22,1.0,0.0556,0.8889,1.8154444444444446,1.0,0.0,0.0,0.006,0
45,22,1.0,0.0,1.0,2.0825714285714287,1.0,0.0,0.0,0.006,0
46,22,1.0,0.35,1.0,2.0302499999999997,1.0,0.0,0.0,0.006,0
49,22,1.0,0.0,1.0,1.4335,1.0,0.0,0.0,0.006,0
52,22,1.0,0.0714,1.0,2.142857142857143,1.0,0.0,0.0,0.006,0
54,22,1.0,0.0,1.0,1.774,1.0,0.0,0.0,0.006,0
62,22,1.0,0.875,1.0,2.367,1.0,0.0,0.0,0.006,0
63,22,0.2,0.8,1.0,1.516,1.0,0.09159880009999999,1.0,0.006,1
64,22,1.0,0.0,1.0,1.971,1.0,0.0,0.0,0.006,0
65,22,1.0,0.0,1.0,1.523,1.0,0.0,0.0,0.006,0
66,22,1.0,0.7,1.0,1.6724999999999999,1.0,0.0,0.0,0.006,1
75,22,1.0,0.0,1.0,1.505,1.0,0.0,0.0,0.006,0
77,22,1.0,0.8571,1.0,2.1633333333333336,1.0,0.0,0.0,0.006,1
79,22,1.0,0.0,0.7273,2.6443333333333334,1.0,0.0,0.0,0.006,0
84,22,1.0,1.0,1.0,3.4522727272727267,1.0,0.0,0.0,0.006,1
86,22,1.0,0.0,0.5,2.149,1.0,0.0,0.0,0.006,0
90,22,1.0,0.0,1.0,1.752,1.0,0.0,0.0,0.006,0
92,22,1.0,0.0,1.0,1.702,1.0,0.0,0.0,0.006,0
100,22,1.0,0.0,1.0,1.543,1.0,0.0,0.0,0.006,0
101,22,1.0,0.0,0.5,2.5319,1.0,0.0,0.0,0.006,0
103,22,1.0,0.75,1.0,2.348,1.0,0.0,0.0,0.006,0
108,22,1.0,0.3117,1.0,2.572,1.0,0.06601153943877552,1.0,0.006,0
109,22,1.0,0.1333,1.0,4.126666666666667,1.0,0.0034722222222222225,1.0,0.006,0
110,22,1.0,0.0,1.0,2.223,1.0,0.0,0.0,0.006,1
111,22,1.0,0.0,1.0,1.91,1.0,0.0,0.0,0.006,0
112,22,1.0,0.0,1.0,1.248,1.0,0.0,0.0,0.006,0
122,22,1.0,1.0,1.0,2.1845,1.0,0.011875000000000004,0.0,0.006,1
123,22,1.0,0.0,1.0,2.9335000000000004,1.0,0.0,0.0,0.006,0
129,22,1.0,0.0,1.0,1.483,1.0,0.0,0.0,0.006,1
134,22,1.0,0.0,1.0,1.862,1.0,0.0,0.0,0.006,0
141,22,1.0,0.0,1.0,1.9446666666666665,1.0,0.07638888888888888,1.0,0.006,0
143,22,1.0,0.0,1.0,2.527,1.0,0.0,0.0,0.006,0
150,22,1.0,0.0,1.0,1.435,1.0,0.0,0.0,0.006,0
160,22,1.0,0.0,1.0,1.86,1.0,0.0,0.0,0.006,0
161,22,1.0,0.0,1.0,2.402,1.0,0.0,0.0,0.006,1
168,22,1.0,0.3333,0.3,2.8418,1.0,0.0,0.0,0.006,1
171,22,1.0,0.0,0.1,2.7759,1.0,0.030612244897959186,1.0,0.006,0
180,22,1.0,0.3556,1.0,2.204,1.0,0.0,0.0,0.006,1
188,22,1.0,0.0,1.0,4.525,1.0,0.0,0.0,0.006,0
189,22,1.0,0.0,1.0,2.2835,1.0,0.22222222222222224,1.0,0.006,0
193,22,1.0,0.1667,0.6667,3.018625,1.0,0.007996740468750001,1.0,0.006,1
194,22,1.0,0.8333,1.0,2.277,1.0,0.0,0.0,0.006,0
195,22,1.0,0.0,1.0,1.943,1.0,0.0,0.0,0.006,1
198,22,1.0,0.0,1.0,3.268,1.0,0.0,0.0,0.006,0
199,22,1.0,0.0,1.0,3.574,1.0,0.0,0.0,0.006,0
239,22,1.0,0.0,1.0,2.006,1.0,0.0,0.0,0.006,0
240,22,1.0,0.0,1.0,2.451,1.0,0.0,0.0,0.006,0
246,22,1.0,0.0,1.0,1.768,1.0,0.0,0.0,0.006,0
250,22,1.0,0.875,1.0,2.35,1.0,0.001071441265432099,1.0,0.006,0
251,22,1.0,0.0,1.0,2.016,1.0,0.0,0.0,0.006,0
258,22,1.0,0.1319,1.0,1.7452,1.0,0.0,0.0,0.006,0
259,22,1.0,0.2841,1.0,1.834625,1.0,0.1683673469387756,1.0,0.006,0
260,22,1.0,0.0808,0.8182,3.9004545454545454,1.0,0.0,0.0,0.006,0
261,22,1.0,0.098,1.0,4.4270000000000005,1.0,0.0,0.0,0.006,0
262,22,1.0,0.8333,1.0,2.151857142857143,1.0,0.0,0.0,0.006,1
274,22,0.0833,0.25,1.0,1.926,1.0,0.002228326666666666,1.0,0.006,1
285,22,1.0,0.1154,1.0,1.9799,1.0,0.1875,1.0,0.006,0
286,22,1.0,0.0,1.0,1.93,1.0,0.0,0.0,0.006,0
295,22,1.0,0.0,0.5,2.569,1.0,0.0,0.0,0.006,0
296,22,1.0,1.0,1.0,1.778,1.0,0.0,0.0,0.006,1
297,22,1.0,0.0,1.0,2.073,1.0,0.0,0.0,0.006,0
298,22,1.0,0.0,1.0,1.679,1.0,0.0,0.0,0.006,0
1,23,1.0,0.0,0.3333,1.8477142857142856,1.0,0.0,0.0,0.0012,0
3,23,1.0,0.0,1.0,1.669,1.0,0.002098765432098764,1.0,0.0012,1
4,23,1.0,1.0,0.3636,2.336,1.0,0.0,0.0,0.0012,1
5,23,0.2,0.8,1.0,1.887,1.0,0.005271643801652893,1.0,0.0012,1
6,23,1.0,0.2778,0.5,1.81975,1.0,0.0,0.0,0.0012,0
9,23,1.0,0.0,1.0,2.828,1.0,0.0,0.0,0.0012,1
30,23,1.0,0.0,1.0,1.398,1.0,0.02143872227500001,1.0,0.0012,0
36,23,1.0,0.0,0.5,1.574,1.0,0.0,0.0,0.0012,0
38,23,1.0,0.0,1.0,1.854,1.0,0.0,0.0,0.0012,0
42,23,1.0,0.0,1.0,1.378,1.0,0.0,0.0,0.0012,0
46,23,1.0,0.1333,1.0,1.9989999999999999,1.0,0.0,0.0,0.0012,0
50,23,1.0,0.0,1.0,1.296,1.0,0.0,0.0,0.0012,0
51,23,1.0,0.0,1.0,2.093,1.0,0.12244897959183675,1.0,0.0012,0
52,23,1.0,0.0,1.0,1.584,1.0,0.0,0.0,0.0012,0
56,23,1.0,0.0,1.0,1.6443333333333332,1.0,0.0,0.0,0.0012,0
60,23,1.0,0.0,1.0,2.131,1.0,0.0,0.0,0.0012,0
63,23,1.0,0.0,1.0,1.7333333333333334,1.0,0.14251544545454545,1.0,0.0012,1
64,23,1.0,0.1667,1.0,2.925,1.0,0.0,0.0,0.0012,0
67,23,1.0,0.0,1.0,1.359,1.0,0.10380622837370242,1.0,0.0012,0
75,23,1.0,0.3333,1.0,1.9325,1.0,0.0,0.0,0.0012,0
77,23,1.0,1.0,1.0,1.967,1.0,0.0,0.0,0.0012,1
78,23,1.0,0.6667,1.0,2.1335,1.0,0.0,0.0,0.0012,0
79,23,1.0,0.0,0.7778,1.6118333333333332,1.0,0.0,0.0,0.0012,0
84,23,1.0,0.0,1.0,2.1506666666666665,1.0,0.0,0.0,0.0012,1
86,23,1.0,0.0,0.619,1.9603809523809523,1.0,0.0,0.0,0.0012,0
101,23,1.0,0.0,0.25,2.295,1.0,0.0,0.0,0.0012,0
106,23,1.0,1.0,1.0,2.372,1.0,0.0,0.0,0.0012,1
108,23,1.0,0.1071,1.0,5.053,1.0,0.06601153943877552,1.0,0.0012,0
109,23,1.0,0.8,1.0,1.669,1.0,0.0029296875,1.0,0.0012,0
110,23,1.0,0.0,1.0,1.952,1.0,0.0,0.0,0.0012,1
111,23,1.0,0.0,1.0,1.735,1.0,0.0,0.0,0.0012,0
112,23,1.0,0.0,1.0,1.883,1.0,0.0,0.0,0.0012,0
118,23,1.0,0.0,1.0,2.339,1.0,0.0,0.0,0.0012,0
122,23,1.0,0.0,1.0,1.715,1.0,0.0,0.0,0.0012,1
123,23,1.0,0.8,1.0,2.134,1.0,0.0,0.0,0.0012,0
125,23,1.0,0.0,1.0,1.775,1.0,0.0,0.0,0.0012,0
129,23,1.0,0.0,1.0,1.57,1.0,0.0,0.0,0.0012,1
132,23,1.0,0.0,1.0,1.549,1.0,0.0,0.0,0.0012,1
136,23,1.0,0.0,1.0,1.715,1.0,0.0,0.0,0.0012,1
141,23,1.0,0.75,1.0,3.681,1.0,0.07638888888888888,1.0,0.0012,0
142,23,1.0,0.0,1.0,1.7285,1.0,0.0,0.0,0.0012,0
147,23,1.0,0.1333,1.0,1.8026666666666669,1.0,0.0,0.0,0.0012,0
152,23,0.25,0.125,1.0,2.318,1.0,0.0282829899609375,1.0,0.0012,1
154,23,1.0,0.0,1.0,2.612,1.0,0.0,0.0,0.0012,1
155,23,1.0,0.0,1.0,1.642,1.0,0.0,0.0,0.0012,0
159,23,1.0,0.3,1.0,2.577,1.0,0.0,0.0,0.0012,0
165,23,1.0,0.4,1.0,1.918,1.0,0.0,0.0,0.0012,0
177,23,1.0,0.1667,1.0,1.780166666666667,1.0,0.0,0.0,0.0012,0
188,23,1.0,0.0,1.0,3.253,1.0,0.0,0.0,0.0012,0
189,23,1.0,0.0,1.0,1.432,1.0,0.1875,1.0,0.0012,0
190,23,1.0,0.6,1.0,1.68725,1.0,0.0,0.0,0.0012,0
194,23,1.0,0.1071,1.0,1.5405,1.0,0.0,0.0,0.0012,0
195,23,1.0,1.0,1.0,1.643,1.0,0.0,0.0,0.0012,1
227,23,1.0,0.0,1.0,1.324,1.0,0.0,0.0,0.0012,0
229,23,1.0,0.0,1.0,2.003,1.0,0.0,0.0,0.0012,0
237,23,1.0,0.0,1.0,2.144,1.0,0.0,0.0,0.0012,0
238,23,1.0,0.3214,1.0,2.1445,1.0,0.0,0.0,0.0012,0
239,23,1.0,0.0,1.0,1.83,1.0,0.0,0.0,0.0012,0
240,23,1.0,0.8,1.0,1.779,1.0,0.0,0.0,0.0012,0
250,23,1.0,0.8571,1.0,2.215,1.0,0.001071441265432099,1.0,0.0012,0
251,23,1.0,0.0,1.0,2.307,1.0,0.0,0.0,0.0012,0
258,23,1.0,0.375,1.0,1.8715,1.0,0.0,0.0,0.0012,0
259,23,1.0,0.3556,1.0,2.1353999999999997,1.0,0.16000000000000003,1.0,0.0012,0
260,23,1.0,0.0,1.0,1.6293333333333333,1.0,0.0,0.0,0.0012,0
261,23,1.0,0.0375,0.9375,2.414625,1.0,0.0,0.0,0.0012,0
262,23,1.0,0.8,1.0,1.478,1.0,0.0,0.0,0.0012,1
270,23,1.0,0.75,1.0,2.311,1.0,0.0,0.0,0.0012,0
295,23,1.0,0.0,1.0,1.7085,1.0,0.0,0.0,0.0012,0
296,23,0.9,0.1,0.5,2.0797499999999998,1.0,0.0010937499999999997,1.0,0.0012,1
306,23,1.0,0.0,1.0,1.676,1.0,0.0,0.0,0.0012,0
307,23,1.0,0.0,0.96,1.94348,1.0,0.0,0.0,0.0012,0
1,24,1.0,0.0,0.3333,1.6159999999999999,1.0,0.0,0.0,0.0056,0
2,24,1.0,0.0,1.0,1.292,1.0,0.0,0.0,0.0056,1
3,24,1.0,0.0,1.0,1.9695,1.0,0.002098765432098764,1.0,0.0056,1
6,24,1.0,0.1667,1.0,2.4140800000000002,1.0,0.0,0.0,0.0056,0
12,24,0.038450000000000005,0.3901,0.8846,2.0525,1.0,0.004865313068749999,1.0,0.0056,1
22,24,1.0,0.0,1.0,1.954,1.0,0.0,0.0,0.0056,1
23,24,1.0,0.0,1.0,1.257,1.0,0.0,0.0,0.0056,0
30,24,1.0,0.0,0.6667,2.239333333333333,1.0,0.02143872227500001,1.0,0.0056,0
31,24,1.0,1.0,1.0,1.58,1.0,0.0002478175000000009,1.0,0.0056,1
38,24,1.0,0.0,1.0,2.898,1.0,0.0,0.0,0.0056,0
42,24,1.0,0.0,1.0,2.524,1.0,0.0,0.0,0.0056,0
51,24,1.0,0.0476,0.8571,2.6456666666666666,1.0,0.109375,1.0,0.0056,0
57,24,1.0,0.1385,0.5846,1.6877777777777778,1.0,0.00015447534722222314,1.0,0.0056,0
62,24,1.0,0.0,1.0,1.613,1.0,0.0,0.0,0.0056,0
64,24,1.0,0.0833,1.0,2.0625,1.0,0.0,0.0,0.0056,0
67,24,1.0,0.0,1.0,1.725,1.0,0.10380622837370242,1.0,0.0056,0
73,24,1.0,0.0,0.8,1.9724,1.0,0.0,0.0,0.0056,0
75,24,1.0,0.3333,1.0,1.883,1.0,0.0,0.0,0.0056,0
79,24,1.0,0.0,1.0,2.361,1.0,0.0,0.0,0.0056,0
84,24,0.97725,0.6212,1.0,1.9257272727272727,1.0,5.660839843750024e-05,1.0,0.0056,1
94,24,1.0,0.0,1.0,3.891,1.0,0.0,0.0,0.0056,0
108,24,1.0,0.0,1.0,2.0328,1.0,0.06601153943877552,1.0,0.0056,0
109,24,1.0,0.1667,0.6667,1.8736000000000002,1.0,0.0024999999999999996,1.0,0.0056,0
110,24,1.0,0.0,1.0,1.829,1.0,0.0,0.0,0.0056,1
111,24,1.0,0.0,1.0,1.467,1.0,0.0,0.0,0.0056,0
112,24,1.0,0.0,1.0,1.574,1.0,0.0,0.0,0.0056,0
118,24,1.0,0.0,1.0,2.415,1.0,0.0,0.0,0.0056,0
121,24,1.0,0.0,1.0,1.9025,1.0,0.0,0.0,0.0056,0
122,24,1.0,0.0,1.0,2.576,1.0,0.0,0.0,0.0056,1
123,24,1.0,0.2667,1.0,1.9024999999999999,1.0,0.0,0.0,0.0056,0
130,24,1.0,0.5455,1.0,1.5570000000000002,1.0,0.0,0.0,0.0056,0
132,24,1.0,0.0,1.0,2.024,1.0,0.0,0.0,0.0056,1
134,24,1.0,0.0,1.0,1.7,1.0,0.0,0.0,0.0056,0
139,24,1.0,0.0,1.0,1.9891666666666665,1.0,0.0,0.0,0.0056,0
143,24,1.0,0.0,1.0,3.313,1.0,0.0,0.0,0.0056,0
155,24,1.0,0.0,1.0,3.371,1.0,0.0,0.0,0.0056,0
159,24,1.0,0.6667,1.0,1.5059999999999998,1.0,0.0,0.0,0.0056,0
165,24,1.0,0.4,1.0,1.711,1.0,0.0,0.0,0.0056,0
166,24,1.0,0.0,1.0,1.893,1.0,0.0,0.0,0.0056,1
171,24,1.0,0.0,1.0,1.756,1.0,0.030612244897959186,1.0,0.0056,0
184,24,1.0,0.1333,1.0,1.6566666666666665,1.0,0.0,0.0,0.0056,0
188,24,1.0,0.0,1.0,2.166,1.0,0.0,0.0,0.0056,0
189,24,1.0,0.0,1.0,2.056,1.0,0.16000000000000006,0.0,0.0056,0
193,24,1.0,0.3571,1.0,2.044,1.0,0.007433226213017752,1.0,0.0056,1
194,24,1.0,0.0,1.0,1.9989999999999999,1.0,0.0,0.0,0.0056,0
198,24,1.0,0.0,1.0,2.974,1.0,0.0,0.0,0.0056,0
237,24,1.0,0.0,1.0,1.999,1.0,0.0,0.0,0.0056,0
238,24,1.0,0.0,1.0,2.191,1.0,0.0,0.0,0.0056,0
239,24,1.0,0.0,1.0,2.145,1.0,0.0,0.0,0.0056,0
240,24,1.0,0.0,1.0,1.525,1.0,0.0,0.0,0.0056,0
250,24,1.0,0.1667,1.0,1.7658333333333331,1.0,0.001071441265432099,1.0,0.0056,0
251,24,1.0,0.0,1.0,1.869,1.0,0.0,0.0,0.0056,0
260,24,1.0,0.3889,1.0,1.753,1.0,0.0,0.0,0.0056,0
261,24,1.0,0.3175,1.0,1.8871818181818183,1.0,0.0,0.0,0.0056,0
262,24,1.0,0.9167,0.975,1.732952380952381,1.0,0.0,0.0,0.0056,1
263,24,1.0,0.0,1.0,1.586,1.0,0.0,0.0,0.0056,0
272,24,1.0,0.1667,1.0,1.7736666666666665,1.0,0.0,0.0,0.0056,0
273,24,1.0,0.3214,1.0,1.86125,1.0,0.0,0.0,0.0056,0
274,24,1.0,0.6667,1.0,2.381,1.0,0.165658565,1.0,0.0056,1
1,25,1.0,0.0,0.3333,2.1688571428571426,1.0,0.0,0.0,0.004,0
2,25,1.0,0.0,1.0,1.402,1.0,0.0,0.0,0.004,1
3,25,1.0,0.0,1.0,3.974,1.0,0.002098765432098764,1.0,0.004,1
6,25,1.0,0.0,1.0,1.45,1.0,0.0,0.0,0.004,0
12,25,0.1,0.8,1.0,2.074,1.0,0.0050103880687500015,1.0,0.004,1
30,25,1.0,0.0,0.2857,2.3153076923076923,1.0,0.021113222275000003,1.0,0.004,0
38,25,1.0,0.0,1.0,2.074,1.0,0.0,0.0,0.004,0
42,25,1.0,0.0,1.0,2.213,1.0,0.0,0.0,0.004,0
52,25,1.0,0.0,1.0,1.9208333333333334,1.0,0.0,0.0,0.004,0
62,25,1.0,0.0,0.5714,2.1005714285714285,1.0,0.0,0.0,0.004,0
64,25,1.0,0.25,1.0,3.0884285714285715,1.0,0.0,0.0,0.004,0
67,25,1.0,0.0,1.0,2.6055,1.0,0.10380622837370242,1.0,0.004,0
79,25,1.0,0.1667,1.0,2.536307692307692,1.0,0.0,0.0,0.004,0
84,25,1.0,0.4,1.0,2.894,1.0,5.660839843750024e-05,1.0,0.004,1
94,25,1.0,0.5385,1.0,1.8981999999999999,1.0,0.0,0.0,0.004,0
101,25,1.0,0.0,1.0,1.8455000000000001,1.0,0.0,0.0,0.004,0
109,25,1.0,0.8,1.0,8.217,1.0,0.0021701388888888894,1.0,0.004,0
110,25,1.0,0.0,1.0,3.224,1.0,0.0,0.0,0.004,1
111,25,1.0,0.0,1.0,2.023,1.0,0.0,0.0,0.004,0
112,25,1.0,0.8,1.0,1.643,1.0,0.0,0.0,0.004,0
118,25,1.0,0.0,1.0,1.615,1.0,0.0,0.0,0.004,0
122,25,1.0,1.0,1.0,1.876,1.0,0.0,0.0,0.004,1
123,25,1.0,0.0,1.0,5.723,1.0,0.0,0.0,0.004,0
132,25,1.0,0.0,1.0,1.408,1.0,0.0,0.0,0.004,1
139,25,1.0,0.1143,0.7143,1.955857142857143,1.0,0.0,0.0,0.004,0
143,25,1.0,0.0,1.0,3.165,1.0,0.0,0.0,0.004,0
150,25,1.0,0.0,1.0,1.8302,1.0,0.0,0.0,0.004,0
154,25,1.0,0.0,1.0,2.978,1.0,0.0,0.0,0.004,1
155,25,1.0,0.0,1.0,1.52,1.0,0.0,0.0,0.004,0
159,25,1.0,0.625,1.0,1.9958000000000002,1.0,0.0,0.0,0.004,0
161,25,1.0,0.0,1.0,2.0335,1.0,0.0,0.0,0.004,1
171,25,1.0,0.0,1.0,1.6955,1.0,0.02734375,1.0,0.004,0
180,25,1.0,0.0,1.0,1.899,1.0,0.0,0.0,0.004,1
188,25,1.0,0.0,1.0,1.754,1.0,0.0,0.0,0.004,0
189,25,1.0,0.75,1.0,1.607,1.0,0.0,0.0,0.004,0
193,25,1.0,0.0,1.0,1.816,1.0,0.006943366492346938,1.0,0.004,1
198,25,1.0,0.0,1.0,1.456,1.0,0.0,0.0,0.004,0
239,25,1.0,0.0,1.0,1.458,1.0,0.0,0.0,0.004,0
240,25,1.0,0.0,1.0,1.456,1.0,0.0,0.0,0.004,0
250,25,1.0,0.0237,1.0,3.516157894736842,1.0,0.001071441265432099,1.0,0.004,0
251,25,1.0,0.0,1.0,2.67,1.0,0.0,0.0,0.004,0
258,25,1.0,0.8889,1.0,1.825,1.0,0.0,0.0,0.004,0
259,25,1.0,0.6842,1.0,1.994,1.0,0.06222222222222224,0.0,0.004,0
260,25,1.0,0.4091,1.0,2.93425,1.0,0.0,0.0,0.004,0
261,25,1.0,0.2614,1.0,3.0395,1.0,0.0,0.0,0.004,0
271,25,1.0,0.0,1.0,2.8776666666666664,1.0,0.0,0.0,0.004,0
272,25,1.0,0.2882,1.0,1.8666,1.0,0.0,0.0,0.004,0
296,25,1.0,0.5417,1.0,1.9388333333333332,1.0,0.000987654320987654,1.0,0.004,1
1,26,1.0,0.0,0.3333,1.6370000000000002,1.0,0.0,0.0,0.0108,0
2,26,1.0,0.0,1.0,7.4845,1.0,0.0,0.0,0.0108,1
3,26,1.0,0.0,0.25,2.00075,1.0,0.002098765432098764,1.0,0.0108,1
4,26,1.0,0.0,0.5556,1.8567777777777776,1.0,0.0,0.0,0.0108,1
6,26,1.0,0.2273,0.5455,3.1381,1.0,0.0,0.0,0.0108,0
8,26,1.0,0.0,1.0,1.726,1.0,0.0,0.0,0.0108,0
21,26,1.0,0.0714,0.875,1.921875,1.0,0.0,0.0,0.0108,0
23,26,1.0,0.0,1.0,2.613,1.0,0.0,0.0,0.0108,0
30,26,1.0,0.0,1.0,3.553,1.0,0.021113222275000003,1.0,0.0108,0
31,26,1.0,1.0,0.8333,3.5145,1.0,0.0002478175000000009,0.0,0.0108,1
38,26,1.0,0.0,1.0,3.734,1.0,0.0,0.0,0.0108,0
42,26,1.0,0.0,1.0,1.785,1.0,0.0,0.0,0.0108,0
45,26,1.0,0.0,0.9643,2.469892857142857,1.0,0.0,0.0,0.0108,0
46,26,1.0,0.2667,1.0,1.907,1.0,0.0,0.0,0.0108,0
51,26,1.0,0.1333,0.6,2.2758,1.0,0.109375,1.0,0.0108,0
57,26,1.0,0.0,1.0,2.223,1.0,0.00013619051020408247,1.0,0.0108,0
64,26,1.0,0.1,1.0,5.316,1.0,0.0,0.0,0.0108,0
67,26,1.0,0.0,1.0,1.271,1.0,0.05536332179930797,0.0,0.0108,0
73,26,1.0,0.15,0.625,3.422,1.0,0.0,0.0,0.0108,0
75,26,1.0,0.125,1.0,2.2295000000000003,1.0,0.0,0.0,0.0108,0
79,26,1.0,0.2143,0.5,3.046583333333333,1.0,0.0,0.0,0.0108,0
90,26,1.0,0.0,1.0,1.784,1.0,0.0,0.0,0.0108,0
92,26,0.9643,0.0172,0.9643,2.205296296296296,1.0,0.00017701249999999957,1.0,0.0108,0
94,26,1.0,0.125,0.75,2.468375,1.0,0.0,0.0,0.0108,0
109,26,1.0,0.1607,0.5714,2.4998571428571426,1.0,0.0019132653061224494,1.0,0.0108,0
110,26,1.0,0.0,1.0,3.369,1.0,0.0,0.0,0.0108,1
111,26,1.0,0.0,1.0,9.914,1.0,0.0,0.0,0.0108,0
112,26,1.0,0.0,1.0,1.462,1.0,0.0,0.0,0.0108,0
118,26,1.0,0.0,1.0,1.853,1.0,0.0,0.0,0.0108,0
121,26,1.0,0.1364,0.7273,2.7242727272727274,1.0,0.0,0.0,0.0108,0
122,26,1.0,1.0,1.0,1.5085000000000002,1.0,0.0,0.0,0.0108,1
123,26,1.0,0.0,1.0,1.64,1.0,0.0,0.0,0.0108,0
129,26,1.0,0.0,1.0,2.3025,1.0,0.0,0.0,0.0108,1
132,26,1.0,0.0,1.0,2.131,1.0,0.0,0.0,0.0108,1
133,26,1.0,0.75,0.5,1.689625,1.0,0.0,0.0,0.0108,1
139,26,1.0,0.0,1.0,11.854,1.0,0.0,0.0,0.0108,0
141,26,1.0,0.0,1.0,2.2426666666666666,1.0,0.07638888888888888,1.0,0.0108,0
143,26,1.0,0.0,1.0,1.6515,1.0,0.0,0.0,0.0108,0
154,26,1.0,0.0,1.0,1.934,1.0,0.0,0.0,0.0108,1
159,26,1.0,0.0,1.0,3.41225,1.0,0.0,0.0,0.0108,0
160,26,1.0,0.1778,0.5556,1.944,1.0,0.0,0.0,0.0108,0
165,26,1.0,0.0,1.0,1.8844999999999998,1.0,0.0,0.0,0.0108,0
168,26,1.0,1.0,1.0,2.16,1.0,0.0,0.0,0.0108,1
171,26,1.0,0.1604,0.6471,2.7396000000000003,1.0,0.02469135802469136,1.0,0.0108,0
186,26,1.0,0.25,1.0,1.704,1.0,0.0,0.0,0.0108,0
188,26,1.0,0.0,1.0,7.02,1.0,0.0,0.0,0.0108,0
189,26,1.0,0.3,1.0,3.7689999999999997,1.0,0.0,0.0,0.0108,0
193,26,1.0,0.0,1.0,4.493,1.0,0.006513708599999998,1.0,0.0108,1
194,26,1.0,0.0,1.0,1.8687,1.0,0.0,0.0,0.0108,0
198,26,1.0,0.0,1.0,5.413,1.0,0.0,0.0,0.0108,0
239,26,1.0,0.0,1.0,1.453,1.0,0.0,0.0,0.0108,0
240,26,1.0,0.0,1.0,2.189,1.0,0.0,0.0,0.0108,0
250,26,1.0,0.55,1.0,1.979,1.0,0.0010181921883656514,1.0,0.0108,0
251,26,1.0,0.0,1.0,2.544,1.0,0.0,0.0,0.0108,0
258,26,1.0,0.0,1.0,2.329166666666667,1.0,0.0,0.0,0.0108,0
259,26,1.0,0.0,1.0,2.308888888888889,1.0,0.0,0.0,0.0108,0
260,26,1.0,0.2424,1.0,1.778,1.0,0.0,0.0,0.0108,0
261,26,1.0,0.2841,1.0,2.81275,1.0,0.0,0.0,0.0108,0
272,26,1.0,0.0,1.0,3.223,1.0,0.0,0.0,0.0108,0
273,26,1.0,0.0,1.0,3.355,1.0,0.0,0.0,0.0108,0
283,26,1.0,0.0,1.0,1.7425,1.0,0.0,0.0,0.0108,0
284,26,1.0,0.0,1.0,3.251,1.0,0.0,0.0,0.0108,0
286,26,1.0,0.0,1.0,3.122375,1.0,0.0,0.0,0.0108,0
1,27,1.0,0.0,0.6,2.6734999999999998,1.0,0.0,0.0,0.0048,0
6,27,1.0,0.0,1.0,2.0735,1.0,0.0,0.0,0.0048,0
12,27,0.2,0.8,0.5,1.973,1.0,0.00615053806875,1.0,0.0048,1
21,27,1.0,0.0,1.0,2.4465,1.0,0.0,0.0,0.0048,0
27,27,0.3333,0.6667,1.0,2.208,1.0,0.053978697475000004,1.0,0.0048,1
30,27,1.0,0.0,1.0,1.6985000000000001,1.0,0.021113222275000003,1.0,0.0048,0
38,27,1.0,0.0,1.0,1.619,1.0,0.0,0.0,0.0048,0
41,27,0.11109999999999999,0.3889,0.8889,1.959,1.0,0.0009282909999999998,1.0,0.0048,1
42,27,1.0,0.0,1.0,2.367,1.0,0.0,0.0,0.0048,0
46,27,1.0,0.6667,1.0,1.6015,1.0,0.0,0.0,0.0048,0
64,27,1.0,0.1333,1.0,2.007,1.0,0.0,0.0,0.0048,0
67,27,1.0,0.0,1.0,2.027,1.0,0.0,0.0,0.0048,0
75,27,1.0,0.0,1.0,1.766,1.0,0.0,0.0,0.0048,0
79,27,1.0,0.1714,1.0,1.8195,1.0,0.0,0.0,0.0048,0
84,27,1.0,0.8333,0.93045,1.9320714285714284,1.0,5.11172839506175e-05,1.0,0.0048,1
109,27,1.0,0.375,1.0,2.112,1.0,0.001708984375,1.0,0.0048,0
110,27,1.0,0.0,1.0,1.526,1.0,0.0,0.0,0.0048,1
111,27,1.0,0.0,1.0,1.513,1.0,0.0,0.0,0.0048,0
112,27,1.0,0.8,1.0,1.9129583333333333,1.0,0.0,0.0,0.0048,0
118,27,1.0,0.0,1.0,2.235,1.0,0.0,0.0,0.0048,0
122,27,1.0,1.0,1.0,2.263,1.0,0.0,0.0,0.0048,1
123,27,1.0,0.0,1.0,5.993,1.0,0.0,0.0,0.0048,0
125,27,1.0,0.0,1.0,1.398,1.0,0.0,0.0,0.0048,0
130,27,1.0,0.3571,1.0,1.4365,1.0,0.0,0.0,0.0048,0
132,27,1.0,0.0,1.0,1.981,1.0,0.0,0.0,0.0048,1
141,27,1.0,0.0,1.0,1.6993333333333334,1.0,0.07100591715976333,1.0,0.0048,0
143,27,1.0,0.0,1.0,2.275,1.0,0.0,0.0,0.0048,0
154,27,1.0,0.0,1.0,1.567,1.0,0.0,0.0,0.0048,1
155,27,1.0,0.0,1.0,1.462,1.0,0.0,0.0,0.0048,0
159,27,1.0,0.0,1.0,2.5198,1.0,0.0,0.0,0.0048,0
188,27,1.0,0.0,1.0,1.464,1.0,0.0,0.0,0.0048,0
189,27,1.0,0.3333,1.0,3.6975,1.0,0.0,0.0,0.0048,0
193,27,1.0,0.0,1.0,2.001,1.0,0.006513708599999998,1.0,0.0048,1
194,27,1.0,0.0,1.0,1.8395,1.0,0.0,0.0,0.0048,0
198,27,1.0,0.0,1.0,2.45,1.0,0.0,0.0,0.0048,0
239,27,1.0,0.0,1.0,1.665,1.0,0.0,0.0,0.0048,0
240,27,1.0,0.0,1.0,2.408,1.0,0.0,0.0,0.0048,0
247,27,1.0,0.3214,1.0,2.526,1.0,0.0,0.0,0.0048,0
250,27,1.0,0.5217,1.0,1.8954285714285712,1.0,0.0010181921883656514,1.0,0.0048,0
251,27,1.0,0.8,1.0,2.0380000000000003,1.0,0.0,0.0,0.0048,0
252,27,1.0,0.0,1.0,1.875,1.0,0.0,0.0,0.0048,0
258,27,1.0,0.2182,1.0,2.32,1.0,0.0,0.0,0.0048,0
259,27,1.0,0.2895,1.0,3.488,1.0,0.0,0.0,0.0048,0
260,27,1.0,0.4091,1.0,1.8635,1.0,0.0,0.0,0.0048,0
261,27,1.0,0.2431,1.0,1.8431666666666666,1.0,0.0,0.0,0.0048,0
262,27,1.0,0.625,0.625,1.8269130434782608,1.0,0.0,0.0,0.0048,1
263,27,0.96,0.04,0.44,1.9003333333333332,1.0,0.0002560000000000005,1.0,0.0048,0
274,27,0.12,0.88,0.52,1.9809999999999999,1.0,0.12429014555555558,1.0,0.0048,1
285,27,1.0,0.0,1.0,2.093,1.0,0.0,0.0,0.0048,0
296,27,1.0,0.0,1.0,1.8869999999999998,1.0,0.0008999999999999994,1.0,0.0048,1
