node_id,cycle_id,FFc,dFF,rho_recv,tau,lambda_t_norm,is_attacker
1,1,1.0,0.0,0.2857,1.0,0.8528,0
5,1,0.0,1.0,1.0,1.0,0.8528,1
12,1,0.0,1.0,1.0,1.0,0.8528,1
16,1,1.0,0.0,1.0,1.0,0.8528,0
23,1,1.0,0.0,0.6667,1.0,0.8528,0
24,1,1.0,0.0,1.0,1.0,0.8528,1
29,1,1.0,0.0,0.5,1.0,0.8528,0
30,1,1.0,0.0,1.0,1.0,0.8528,0
33,1,1.0,0.0,0.125,1.0,0.8528,1
35,1,1.0,0.0,0.125,1.0,0.8528,0
38,1,0.0,1.0,1.0,1.0,0.8528,1
41,1,0.0,1.0,1.0,1.0,0.8528,1
42,1,1.0,0.0,1.0,1.0,0.8528,0
44,1,1.0,0.0,1.0,1.0,0.8528,0
51,1,1.0,0.0,1.0,1.0,0.8528,0
67,1,1.0,0.0,1.0,1.0,0.8528,0
75,1,0.0,1.0,1.0,1.0,0.8528,1
77,1,1.0,0.0,1.0,1.0,0.8528,1
78,1,1.0,0.0,1.0,1.0,0.8528,0
93,1,1.0,0.0,1.0,1.0,0.8528,0
97,1,1.0,0.0,1.0,1.0,0.8528,0
108,1,1.0,0.0,0.8,1.0,0.8528,0
109,1,1.0,0.0,0.4,1.0,0.8528,0
110,1,1.0,0.0,1.0,1.0,0.8528,1
111,1,1.0,0.0,1.0,1.0,0.8528,0
112,1,1.0,0.0,1.0,1.0,0.8528,0
118,1,0.0,1.0,1.0,1.0,0.8528,1
121,1,1.0,0.0,1.0,1.0,0.8528,0
122,1,1.0,1.0,1.0,1.0,0.8528,1
123,1,0.0,1.0,0.6667,1.0,0.8528,1
124,1,1.0,0.0,1.0,1.0,0.8528,0
128,1,1.0,0.0,0.4,1.0,0.8528,0
130,1,0.0,1.0,1.0,1.0,0.8528,1
132,1,1.0,0.0,1.0,1.0,0.8528,1
134,1,1.0,0.0,1.0,1.0,0.8528,0
140,1,1.0,0.0,1.0,1.0,0.8528,0
141,1,0.0667,0.2667,0.8,1.0,0.8528,1
143,1,0.0,1.0,1.0,1.0,0.8528,1
154,1,1.0,0.0,1.0,1.0,0.8528,1
155,1,1.0,0.8333,1.0,1.0,0.8528,0
159,1,1.0,0.0,0.375,1.0,0.8528,0
169,1,0.0,1.0,1.0,1.0,0.8528,1
180,1,1.0,0.8333,1.0,1.0,0.8528,1
182,1,1.0,1.0,1.0,1.0,0.8528,1
188,1,1.0,0.0,1.0,1.0,0.8528,0
191,1,1.0,0.0,1.0,1.0,0.8528,0
194,1,1.0,0.8333,1.0,1.0,0.8528,0
195,1,1.0,1.0,1.0,1.0,0.8528,1
196,1,1.0,0.0,1.0,1.0,0.8528,0
197,1,0.0,1.0,1.0,1.0,0.8528,1
198,1,1.0,0.3333,1.0,1.0,0.8528,0
229,1,1.0,0.0,1.0,1.0,0.8528,0
236,1,0.0,1.0,1.0,1.0,0.8528,1
240,1,0.0,1.0,0.8,1.0,0.8528,1
241,1,1.0,0.0,1.0,1.0,0.8528,0
248,1,1.0,0.6667,1.0,1.0,0.8528,1
249,1,0.0,1.0,1.0,1.0,0.8528,1
251,1,1.0,0.5333,1.0,1.0,0.8528,0
252,1,1.0,0.5714,1.0,1.0,0.8528,0
258,1,0.0,1.0,1.0,1.0,0.8528,1
259,1,1.0,0.25,1.0,1.0,0.8528,0
260,1,1.0,0.0,1.0,1.0,0.8528,0
262,1,1.0,0.6667,1.0,1.0,0.8528,1
263,1,1.0,0.1667,1.0,1.0,0.8528,0
268,1,0.0,1.0,1.0,1.0,0.8528,1
269,1,1.0,0.526,1.0,1.0,0.8528,0
270,1,1.0,0.1111,1.0,1.0,0.8528,0
271,1,1.0,0.0,1.0,1.0,0.8528,0
272,1,1.0,0.0,1.0,1.0,0.8528,0
273,1,1.0,0.0,1.0,1.0,0.8528,0
279,1,1.0,0.4737,1.0,1.0,0.8528,1
281,1,1.0,0.8,1.0,1.0,0.8528,0
289,1,0.1429,0.3571,0.2857,1.0,0.8528,1
290,1,1.0,0.0,1.0,1.0,0.8528,0
291,1,1.0,0.8,1.0,1.0,0.8528,0
292,1,1.0,0.6667,1.0,1.0,0.8528,0
1,2,1.0,0.08125,0.72915,1.0,0.0004,0
12,2,0.0,1.0,1.0,1.0,0.0004,1
30,2,0.0,1.0,1.0,1.0,0.0004,1
38,2,0.0,1.0,1.0,1.0,0.0004,1
41,2,0.0,1.0,1.0,1.0,0.0004,1
42,2,1.0,0.0,1.0,1.0,0.0004,0
44,2,1.0,0.0,1.0,1.0,0.0004,0
57,2,1.0,0.0,1.0,1.0,0.0004,0
62,2,1.0,0.3077,1.0,1.0,0.0004,0
67,2,1.0,0.0,1.0,1.0,0.0004,0
70,2,1.0,0.0,1.0,1.0,0.0004,0
75,2,0.0,1.0,1.0,1.0,0.0004,1
110,2,1.0,0.0,1.0,1.0,0.0004,1
111,2,0.0,1.0,1.0,1.0,0.0004,1
118,2,0.0,1.0,1.0,1.0,0.0004,1
122,2,1.0,0.8571500000000001,1.0,1.0,0.0004,1
123,2,1.0,0.0,1.0,1.0,0.0004,0
130,2,0.0,1.0,1.0,1.0,0.0004,1
132,2,1.0,0.16665,1.0,1.0,0.0004,1
140,2,1.0,0.0,1.0,1.0,0.0004,0
143,2,0.0,1.0,1.0,1.0,0.0004,1
152,2,0.0,1.0,1.0,1.0,0.0004,1
154,2,1.0,0.125,1.0,1.0,0.0004,1
155,2,0.0,1.0,1.0,1.0,0.0004,1
168,2,1.0,0.8333,1.0,1.0,0.0004,1
188,2,1.0,0.0,1.0,1.0,0.0004,0
193,2,1.0,0.0286,1.0,1.0,0.0004,1
195,2,1.0,1.0,1.0,1.0,0.0004,1
198,2,1.0,0.03125,1.0,1.0,0.0004,0
240,2,0.0,1.0,1.0,1.0,0.0004,1
241,2,1.0,0.0,1.0,1.0,0.0004,0
251,2,0.0,1.0,1.0,1.0,0.0004,1
252,2,1.0,0.75,1.0,1.0,0.0004,0
261,2,1.0,0.8571,1.0,1.0,0.0004,0
262,2,1.0,0.6061,1.0,1.0,0.0004,1
263,2,1.0,0.0,1.0,1.0,0.0004,0
268,2,0.0,1.0,1.0,1.0,0.0004,1
269,2,1.0,0.6667,1.0,1.0,0.0004,0
270,2,1.0,0.0,1.0,1.0,0.0004,0
271,2,1.0,0.0,1.0,1.0,0.0004,0
272,2,1.0,0.33335,1.0,1.0,0.0004,0
273,2,1.0,0.2778,1.0,1.0,0.0004,0
283,2,1.0,0.0,1.0,1.0,0.0004,0
1,3,1.0,0.0,1.0,1.0,0.0004,0
2,3,1.0,0.0,1.0,1.0,0.0004,1
3,3,1.0,0.0,1.0,1.0,0.0004,1
5,3,0.0,1.0,1.0,1.0,0.0004,1
6,3,1.0,0.0,1.0,1.0,0.0004,0
12,3,0.2,0.8,1.0,1.0,0.0004,1
22,3,1.0,0.4,1.0,1.0,0.0004,1
30,3,0.0,1.0,1.0,1.0,0.0004,1
31,3,1.0,1.0,1.0,1.0,0.0004,1
38,3,0.0,1.0,1.0,1.0,0.0004,1
41,3,0.0,1.0,1.0,1.0,0.0004,1
42,3,0.0,1.0,1.0,1.0,0.0004,1
44,3,1.0,0.0,1.0,1.0,0.0004,0
57,3,1.0,0.0,1.0,1.0,0.0004,0
62,3,1.0,0.0,1.0,1.0,0.0004,0
64,3,1.0,0.0,0.8571,1.0,0.0004,0
67,3,0.0,1.0,1.0,1.0,0.0004,1
73,3,1.0,0.0667,0.8333,1.0,0.0004,0
75,3,1.0,0.1111,1.0,1.0,0.0004,0
110,3,1.0,0.0,1.0,1.0,0.0004,1
111,3,1.0,0.25,1.0,1.0,0.0004,0
112,3,1.0,0.0778,1.0,1.0,0.0004,0
118,3,1.0,0.0,1.0,1.0,0.0004,0
121,3,1.0,0.0,1.0,1.0,0.0004,0
122,3,1.0,1.0,1.0,1.0,0.0004,1
126,3,1.0,0.0,1.0,1.0,0.0004,0
130,3,0.0,1.0,1.0,1.0,0.0004,1
132,3,1.0,0.0,1.0,1.0,0.0004,1
140,3,1.0,0.0,1.0,1.0,0.0004,0
143,3,0.0,1.0,1.0,1.0,0.0004,1
152,3,0.16670000000000001,0.1389,0.75,1.0,0.0004,1
154,3,1.0,0.0,1.0,1.0,0.0004,1
155,3,1.0,0.0,1.0,1.0,0.0004,0
168,3,1.0,0.9091,1.0,1.0,0.0004,1
188,3,1.0,0.0,1.0,1.0,0.0004,0
193,3,1.0,0.0571,1.0,1.0,0.0004,1
195,3,1.0,1.0,1.0,1.0,0.0004,1
198,3,0.0,1.0,1.0,1.0,0.0004,1
239,3,1.0,0.0,1.0,1.0,0.0004,0
240,3,1.0,0.0,1.0,1.0,0.0004,0
241,3,1.0,0.0,1.0,1.0,0.0004,0
250,3,0.0,1.0,1.0,1.0,0.0004,1
251,3,0.0,1.0,1.0,1.0,0.0004,1
252,3,1.0,0.0,1.0,1.0,0.0004,0
261,3,0.0,1.0,0.8,1.0,0.0004,1
262,3,1.0,0.8,1.0,1.0,0.0004,1
272,3,1.0,0.0,1.0,1.0,0.0004,0
273,3,1.0,0.0205,1.0,1.0,0.0004,0
284,3,1.0,0.1111,1.0,1.0,0.0004,0
1,4,1.0,0.0,1.0,1.0,0.0,0
3,4,1.0,0.0,1.0,1.0,0.0,1
6,4,0.0,1.0,1.0,1.0,0.0,1
7,4,1.0,0.0,1.0,1.0,0.0,0
12,4,0.0,1.0,0.8,1.0,0.0,1
15,4,1.0,0.0,1.0,1.0,0.0,1
17,4,1.0,0.0,1.0,1.0,0.0,0
20,4,1.0,0.0,1.0,1.0,0.0,0
23,4,1.0,0.0,1.0,1.0,0.0,0
24,4,1.0,0.0,1.0,1.0,0.0,1
27,4,0.0,1.0,1.0,1.0,0.0,1
29,4,1.0,0.0,0.25,1.0,0.0,0
30,4,0.5,0.5,1.0,1.0,0.0,1
33,4,1.0,0.0,0.3077,1.0,0.0,1
34,4,0.0,1.0,1.0,1.0,0.0,1
35,4,1.0,0.0,0.6,1.0,0.0,0
37,4,1.0,0.5455,1.0,1.0,0.0,1
38,4,1.0,0.0,1.0,1.0,0.0,0
41,4,0.25,0.0833,1.0,1.0,0.0,1
42,4,1.0,0.0,1.0,1.0,0.0,0
44,4,1.0,0.0,1.0,1.0,0.0,0
48,4,1.0,0.0,0.1818,1.0,0.0,1
55,4,1.0,0.0,1.0,1.0,0.0,1
57,4,1.0,0.1722,1.0,1.0,0.0,0
59,4,1.0,0.0,1.0,1.0,0.0,1
64,4,1.0,0.75,1.0,1.0,0.0,0
67,4,1.0,0.0,1.0,1.0,0.0,0
72,4,0.0,1.0,1.0,1.0,0.0,1
73,4,1.0,0.0,1.0,1.0,0.0,0
74,4,1.0,0.0,1.0,1.0,0.0,1
75,4,1.0,0.0444,0.8333,1.0,0.0,0
78,4,1.0,0.0,0.75,1.0,0.0,0
80,4,1.0,0.0,1.0,1.0,0.0,0
81,4,1.0,0.0,1.0,1.0,0.0,0
82,4,1.0,0.1522,0.6957,1.0,0.0,0
85,4,1.0,0.0,1.0,1.0,0.0,0
88,4,1.0,0.0758,1.0,1.0,0.0,1
89,4,0.0,1.0,1.0,1.0,0.0,1
93,4,1.0,0.0,1.0,1.0,0.0,0
94,4,1.0,0.0,1.0,1.0,0.0,0
95,4,1.0,1.0,1.0,1.0,0.0,1
97,4,1.0,0.25,1.0,1.0,0.0,0
98,4,0.6923,0.3077,0.1538,1.0,0.0,0
99,4,1.0,0.0,1.0,1.0,0.0,0
102,4,1.0,0.75,1.0,1.0,0.0,1
110,4,1.0,0.0,1.0,1.0,0.0,1
111,4,1.0,0.25,1.0,1.0,0.0,0
115,4,1.0,0.0,1.0,1.0,0.0,1
118,4,1.0,0.0,1.0,1.0,0.0,0
121,4,1.0,0.0,1.0,1.0,0.0,0
122,4,1.0,1.0,1.0,1.0,0.0,1
123,4,0.0,1.0,1.0,1.0,0.0,1
124,4,0.5,0.5,1.0,1.0,0.0,0
127,4,0.0,1.0,0.8333,1.0,0.0,1
128,4,1.0,0.0,1.0,1.0,0.0,0
130,4,0.0,1.0,1.0,1.0,0.0,1
132,4,1.0,0.0,1.0,1.0,0.0,1
134,4,1.0,0.0,1.0,1.0,0.0,0
138,4,0.0,1.0,1.0,1.0,0.0,1
140,4,1.0,0.0,1.0,1.0,0.0,0
143,4,1.0,0.0,1.0,1.0,0.0,0
152,4,0.0,1.0,1.0,1.0,0.0,1
153,4,1.0,0.8333,1.0,1.0,0.0,0
154,4,1.0,0.0,1.0,1.0,0.0,1
155,4,1.0,0.0,1.0,1.0,0.0,0
163,4,1.0,0.0,1.0,1.0,0.0,0
168,4,1.0,0.8333,1.0,1.0,0.0,1
169,4,0.0,1.0,1.0,1.0,0.0,1
184,4,1.0,0.17855,1.0,1.0,0.0,0
187,4,1.0,0.3571,1.0,1.0,0.0,1
188,4,0.0,1.0,1.0,1.0,0.0,1
191,4,1.0,0.0,1.0,1.0,0.0,0
192,4,1.0,0.5455,1.0,1.0,0.0,0
193,4,1.0,0.1111,1.0,1.0,0.0,1
195,4,1.0,0.5,1.0,1.0,0.0,1
198,4,0.75,0.35,1.0,1.0,0.0,0
228,4,0.0,1.0,1.0,1.0,0.0,1
238,4,1.0,0.0,1.0,1.0,0.0,0
239,4,1.0,0.8,1.0,1.0,0.0,0
240,4,1.0,0.0,1.0,1.0,0.0,0
241,4,1.0,0.0,1.0,1.0,0.0,0
250,4,1.0,0.2273,1.0,1.0,0.0,0
251,4,1.0,0.0615,1.0,1.0,0.0,0
252,4,1.0,0.0,1.0,1.0,0.0,0
260,4,0.0,1.0,1.0,1.0,0.0,1
261,4,0.0,1.0,1.0,1.0,0.0,1
262,4,1.0,0.6667,1.0,1.0,0.0,1
269,4,1.0,0.0,1.0,1.0,0.0,0
270,4,1.0,0.2222,1.0,1.0,0.0,0
271,4,1.0,0.05355,1.0,1.0,0.0,0
272,4,1.0,0.8571,1.0,1.0,0.0,0
279,4,1.0,0.0,1.0,1.0,0.0,1
280,4,1.0,0.057,0.6923,1.0,0.0,0
281,4,1.0,0.0,1.0,1.0,0.0,0
282,4,1.0,0.0,1.0,1.0,0.0,0
290,4,1.0,0.0,1.0,1.0,0.0,0
291,4,1.0,0.0,1.0,1.0,0.0,0
1,5,0.0,1.0,1.0,1.0,0.004,1
3,5,1.0,0.0,1.0,1.0,0.004,1
6,5,1.0,0.0,1.0,1.0,0.004,0
7,5,1.0,0.0,1.0,1.0,0.004,0
10,5,1.0,0.0298,1.0,1.0,0.004,0
12,5,0.0,1.0,0.6667,1.0,0.004,1
29,5,1.0,0.0,0.8571,1.0,0.004,0
30,5,1.0,0.0,1.0,1.0,0.004,0
32,5,1.0,0.0,1.0,1.0,0.004,0
33,5,1.0,0.0,1.0,1.0,0.004,1
37,5,1.0,0.0,1.0,1.0,0.004,1
41,5,0.0,1.0,1.0,1.0,0.004,1
42,5,1.0,0.0,1.0,1.0,0.004,0
47,5,1.0,0.0,1.0,1.0,0.004,0
48,5,1.0,1.0,1.0,1.0,0.004,1
57,5,1.0,0.0952,1.0,1.0,0.004,0
62,5,1.0,0.0,1.0,1.0,0.004,0
64,5,1.0,0.0,1.0,1.0,0.004,0
67,5,0.0,1.0,1.0,1.0,0.004,1
73,5,1.0,0.1905,1.0,1.0,0.004,0
80,5,1.0,0.0556,1.0,1.0,0.004,0
81,5,1.0,0.2222,1.0,1.0,0.004,0
85,5,1.0,0.0,1.0,1.0,0.004,0
89,5,0.0,1.0,1.0,1.0,0.004,1
94,5,1.0,0.1286,0.7,1.0,0.004,0
98,5,1.0,0.0,1.0,1.0,0.004,0
99,5,1.0,0.0,1.0,1.0,0.004,0
110,5,1.0,0.0,1.0,1.0,0.004,1
111,5,1.0,0.3297,1.0,1.0,0.004,0
112,5,1.0,0.15,1.0,1.0,0.004,0
118,5,1.0,0.0,1.0,1.0,0.004,0
119,5,1.0,0.2083,1.0,1.0,0.004,0
121,5,1.0,0.7143,1.0,1.0,0.004,0
122,5,1.0,1.0,1.0,1.0,0.004,1
123,5,0.0,1.0,1.0,1.0,0.004,1
126,5,1.0,0.6667,1.0,1.0,0.004,0
127,5,0.0,1.0,1.0,1.0,0.004,1
130,5,1.0,0.0,1.0,1.0,0.004,0
132,5,1.0,0.25,1.0,1.0,0.004,1
138,5,0.0,1.0,1.0,1.0,0.004,1
140,5,1.0,0.0,1.0,1.0,0.004,0
143,5,1.0,0.0,1.0,1.0,0.004,0
145,5,0.0,1.0,0.75,1.0,0.004,1
149,5,1.0,0.0,1.0,1.0,0.004,0
152,5,0.0,1.0,1.0,1.0,0.004,1
154,5,1.0,0.0,1.0,1.0,0.004,1
155,5,1.0,0.0,1.0,1.0,0.004,0
159,5,1.0,0.25,1.0,1.0,0.004,0
163,5,1.0,0.0,1.0,1.0,0.004,0
168,5,1.0,0.5769,1.0,1.0,0.004,1
181,5,1.0,0.1852,1.0,1.0,0.004,0
184,5,1.0,0.1429,0.5714,1.0,0.004,0
185,5,1.0,0.0,1.0,1.0,0.004,0
188,5,1.0,0.0,1.0,1.0,0.004,0
195,5,1.0,0.6667,1.0,1.0,0.004,1
198,5,0.0,1.0,1.0,1.0,0.004,1
240,5,1.0,0.0,1.0,1.0,0.004,0
241,5,1.0,0.0,1.0,1.0,0.004,0
251,5,0.07145,0.92855,0.9642999999999999,1.0,0.004,1
252,5,1.0,0.0,1.0,1.0,0.004,0
261,5,0.0,1.0,1.0,1.0,0.004,1
262,5,1.0,0.0,1.0,1.0,0.004,1
271,5,1.0,0.8333,1.0,1.0,0.004,0
272,5,1.0,0.12,1.0,1.0,0.004,0
280,5,1.0,0.0,1.0,1.0,0.004,0
281,5,1.0,0.2333,1.0,1.0,0.004,0
282,5,1.0,0.0308,0.8667,1.0,0.004,0
283,5,1.0,0.0,1.0,1.0,0.004,0
291,5,1.0,0.25,1.0,1.0,0.004,0
292,5,1.0,0.0,1.0,1.0,0.004,0
293,5,1.0,0.0,1.0,1.0,0.004,0
1,6,1.0,0.0,1.0,1.0,0.008,0
12,6,0.0,1.0,0.91665,1.0,0.008,1
25,6,1.0,0.0,1.0,1.0,0.008,0
27,6,0.0,1.0,1.0,1.0,0.008,1
30,6,1.0,0.0,1.0,1.0,0.008,0
38,6,1.0,0.0,1.0,1.0,0.008,0
41,6,0.07145,0.67855,0.67855,1.0,0.008,1
42,6,1.0,0.0,1.0,1.0,0.008,0
44,6,1.0,0.0,1.0,1.0,0.008,0
62,6,1.0,0.0,1.0,1.0,0.008,0
67,6,1.0,0.0,1.0,1.0,0.008,0
75,6,0.0,1.0,1.0,1.0,0.008,1
87,6,1.0,0.0,1.0,1.0,0.008,0
110,6,1.0,0.0,1.0,1.0,0.008,1
111,6,0.038450000000000005,0.6923,1.0,1.0,0.008,1
118,6,1.0,0.0,1.0,1.0,0.008,0
122,6,1.0,1.0,1.0,1.0,0.008,1
123,6,0.0,1.0,1.0,1.0,0.008,1
125,6,1.0,0.0833,0.6667,1.0,0.008,0
130,6,1.0,0.0,1.0,1.0,0.008,0
132,6,1.0,0.0,1.0,1.0,0.008,1
140,6,1.0,0.0,1.0,1.0,0.008,0
143,6,1.0,0.0,1.0,1.0,0.008,0
154,6,1.0,0.0,1.0,1.0,0.008,1
155,6,1.0,0.05555,1.0,1.0,0.008,0
168,6,1.0,0.7333,1.0,1.0,0.008,1
188,6,1.0,0.8,1.0,1.0,0.008,0
195,6,1.0,0.83335,1.0,1.0,0.008,1
198,6,1.0,0.0,1.0,1.0,0.008,0
206,6,1.0,0.0,1.0,1.0,0.008,0
207,6,1.0,0.0714,1.0,1.0,0.008,0
208,6,1.0,0.0,1.0,1.0,0.008,1
217,6,1.0,0.0,1.0,1.0,0.008,0
218,6,1.0,0.0746,1.0,1.0,0.008,0
220,6,1.0,0.0,1.0,1.0,0.008,0
228,6,0.0,1.0,1.0,1.0,0.008,1
229,6,1.0,0.0,1.0,1.0,0.008,0
230,6,1.0,0.0,1.0,1.0,0.008,0
231,6,1.0,0.0714,1.0,1.0,0.008,0
240,6,0.0,1.0,1.0,1.0,0.008,1
241,6,1.0,0.0,1.0,1.0,0.008,0
242,6,1.0,0.0,1.0,1.0,0.008,0
251,6,0.0,1.0,1.0,1.0,0.008,1
252,6,1.0,0.0,1.0,1.0,0.008,0
1,7,0.0,1.0,1.0,1.0,0.002,1
2,7,1.0,0.0,1.0,1.0,0.002,1
6,7,1.0,0.0,1.0,1.0,0.002,0
12,7,0.0,1.0,1.0,1.0,0.002,1
13,7,1.0,0.0,1.0,1.0,0.002,0
23,7,1.0,0.0,1.0,1.0,0.002,0
30,7,0.0,1.0,0.575,1.0,0.002,1
31,7,1.0,0.8182,0.5789,1.0,0.002,1
37,7,1.0,0.0,1.0,1.0,0.002,1
38,7,1.0,0.0,1.0,1.0,0.002,0
41,7,0.0,1.0,1.0,1.0,0.002,1
42,7,1.0,0.0,1.0,1.0,0.002,0
44,7,1.0,0.0,1.0,1.0,0.002,0
57,7,1.0,0.17855,1.0,1.0,0.002,0
62,7,1.0,0.2143,1.0,1.0,0.002,0
64,7,1.0,0.0,1.0,1.0,0.002,0
67,7,1.0,0.0,1.0,1.0,0.002,0
70,7,1.0,0.0,1.0,1.0,0.002,0
73,7,1.0,0.15,1.0,1.0,0.002,0
75,7,0.0,1.0,1.0,1.0,0.002,1
78,7,1.0,0.0,1.0,1.0,0.002,0
84,7,1.0,1.0,1.0,1.0,0.002,1
108,7,1.0,0.0,1.0,1.0,0.002,0
110,7,1.0,0.0,0.6667,1.0,0.002,1
111,7,0.0,1.0,1.0,1.0,0.002,1
112,7,1.0,0.3,1.0,1.0,0.002,0
118,7,1.0,0.0,1.0,1.0,0.002,0
121,7,1.0,0.25,1.0,1.0,0.002,0
122,7,1.0,1.0,1.0,1.0,0.002,1
123,7,1.0,0.0,1.0,1.0,0.002,0
126,7,1.0,0.0,1.0,1.0,0.002,0
127,7,0.0,1.0,1.0,1.0,0.002,1
130,7,0.0,1.0,1.0,1.0,0.002,1
132,7,1.0,0.2857,1.0,1.0,0.002,1
137,7,1.0,0.0,1.0,1.0,0.002,0
140,7,1.0,0.375,1.0,1.0,0.002,0
143,7,1.0,0.17855,1.0,1.0,0.002,0
152,7,0.0,1.0,1.0,1.0,0.002,1
154,7,1.0,0.8571,1.0,1.0,0.002,1
155,7,1.0,0.0,1.0,1.0,0.002,0
156,7,1.0,0.25,1.0,1.0,0.002,0
158,7,1.0,0.0,1.0,1.0,0.002,0
161,7,1.0,0.0,1.0,1.0,0.002,1
166,7,1.0,0.0,1.0,1.0,0.002,1
168,7,1.0,0.6364,1.0,1.0,0.002,1
171,7,1.0,0.1111,1.0,1.0,0.002,0
183,7,0.0,1.0,1.0,1.0,0.002,1
184,7,1.0,0.0,1.0,1.0,0.002,0
188,7,0.0,1.0,1.0,1.0,0.002,1
193,7,1.0,0.2476,0.35,1.0,0.002,1
194,7,1.0,0.8,1.0,1.0,0.002,0
195,7,1.0,0.5,1.0,1.0,0.002,1
198,7,0.0,1.0,1.0,1.0,0.002,1
229,7,1.0,0.0,1.0,1.0,0.002,0
230,7,1.0,0.0,1.0,1.0,0.002,0
240,7,0.0,1.0,1.0,1.0,0.002,1
241,7,1.0,0.0,1.0,1.0,0.002,0
251,7,1.0,0.0171,1.0,1.0,0.002,0
252,7,1.0,0.0,1.0,1.0,0.002,0
258,7,0.0,1.0,1.0,1.0,0.002,1
261,7,1.0,0.875,1.0,1.0,0.002,0
262,7,1.0,0.8,1.0,1.0,0.002,1
263,7,1.0,0.0,1.0,1.0,0.002,0
271,7,1.0,0.0,1.0,1.0,0.002,0
272,7,1.0,0.0,1.0,1.0,0.002,0
273,7,1.0,0.0,1.0,1.0,0.002,0
274,7,0.0,1.0,1.0,1.0,0.002,1
282,7,1.0,0.0,1.0,1.0,0.002,0
283,7,1.0,0.25,1.0,1.0,0.002,0
284,7,1.0,0.1667,1.0,1.0,0.002,0
285,7,1.0,0.0,1.0,1.0,0.002,0
1,8,0.0,1.0,0.58335,1.0,0.0052,1
12,8,0.25,0.75,1.0,1.0,0.0052,1
26,8,1.0,0.6667,1.0,1.0,0.0052,0
27,8,0.0,1.0,1.0,1.0,0.0052,1
30,8,0.33335000000000004,0.66665,0.83335,1.0,0.0052,1
38,8,0.0,1.0,1.0,1.0,0.0052,1
41,8,0.0,1.0,1.0,1.0,0.0052,1
42,8,1.0,0.45835,1.0,1.0,0.0052,0
56,8,1.0,0.6667,1.0,1.0,0.0052,0
67,8,1.0,0.0,1.0,1.0,0.0052,0
70,8,1.0,0.0,1.0,1.0,0.0052,0
75,8,0.0,1.0,1.0,1.0,0.0052,1
76,8,1.0,0.0,1.0,1.0,0.0052,0
110,8,1.0,0.0,1.0,1.0,0.0052,1
111,8,1.0,0.0,1.0,1.0,0.0052,0
122,8,1.0,0.5,1.0,1.0,0.0052,1
123,8,0.0,1.0,0.6,1.0,0.0052,1
130,8,1.0,0.0,1.0,1.0,0.0052,0
132,8,1.0,0.0,1.0,1.0,0.0052,1
136,8,1.0,0.0,1.0,1.0,0.0052,1
140,8,1.0,0.0889,1.0,1.0,0.0052,0
143,8,0.0,1.0,1.0,1.0,0.0052,1
154,8,1.0,0.2857,1.0,1.0,0.0052,1
155,8,0.0,1.0,1.0,1.0,0.0052,1
182,8,1.0,0.8571,1.0,1.0,0.0052,1
188,8,0.0,1.0,1.0,1.0,0.0052,1
195,8,1.0,0.0,1.0,1.0,0.0052,1
198,8,0.0,1.0,1.0,1.0,0.0052,1
226,8,1.0,0.9167,1.0,1.0,0.0052,1
227,8,1.0,0.8333,1.0,1.0,0.0052,0
228,8,0.1,0.3615,1.0,1.0,0.0052,1
229,8,1.0,0.0,1.0,1.0,0.0052,0
230,8,1.0,0.0,1.0,1.0,0.0052,0
237,8,1.0,0.9,1.0,1.0,0.0052,0
239,8,1.0,0.5217,1.0,1.0,0.0052,0
240,8,1.0,0.0505,1.0,1.0,0.0052,0
241,8,1.0,0.0,1.0,1.0,0.0052,0
242,8,1.0,0.0,1.0,1.0,0.0052,0
251,8,0.0,1.0,1.0,1.0,0.0052,1
252,8,1.0,0.0,1.0,1.0,0.0052,0
1,9,1.0,0.0,1.0,1.0,0.002,0
3,9,1.0,0.04445,1.0,1.0,0.002,1
6,9,1.0,0.0,1.0,1.0,0.002,0
12,9,0.0,1.0,1.0,1.0,0.002,1
23,9,1.0,0.0,0.5,1.0,0.002,0
27,9,0.0,1.0,1.0,1.0,0.002,1
30,9,1.0,0.0,1.0,1.0,0.002,0
31,9,1.0,1.0,0.8,1.0,0.002,1
38,9,1.0,0.0,1.0,1.0,0.002,0
41,9,0.0,1.0,1.0,1.0,0.002,1
42,9,1.0,0.0,1.0,1.0,0.002,0
44,9,0.0,1.0,0.6667,1.0,0.002,1
57,9,1.0,0.0,1.0,1.0,0.002,0
62,9,1.0,0.0513,0.8667,1.0,0.002,0
63,9,0.0,1.0,1.0,1.0,0.002,1
64,9,1.0,0.1,1.0,1.0,0.002,0
67,9,1.0,0.0,1.0,1.0,0.002,0
73,9,1.0,0.0,1.0,1.0,0.002,0
75,9,1.0,0.1042,0.6667,1.0,0.002,0
77,9,1.0,0.8333,1.0,1.0,0.002,1
78,9,1.0,0.0,1.0,1.0,0.002,0
79,9,0.0,1.0,1.0,1.0,0.002,1
108,9,1.0,0.0,1.0,1.0,0.002,0
110,9,1.0,0.0,0.6667,1.0,0.002,1
111,9,1.0,0.0,1.0,1.0,0.002,0
112,9,1.0,0.0,1.0,1.0,0.002,0
118,9,1.0,0.0,1.0,1.0,0.002,0
121,9,1.0,0.0,1.0,1.0,0.002,0
122,9,1.0,1.0,1.0,1.0,0.002,1
123,9,1.0,0.0,1.0,1.0,0.002,0
124,9,1.0,0.1667,1.0,1.0,0.002,0
130,9,1.0,0.0,1.0,1.0,0.002,0
132,9,1.0,0.0,1.0,1.0,0.002,1
134,9,1.0,0.0,1.0,1.0,0.002,0
140,9,1.0,0.0,1.0,1.0,0.002,0
141,9,1.0,0.875,1.0,1.0,0.002,0
143,9,1.0,0.2222,1.0,1.0,0.002,0
152,9,0.0,1.0,1.0,1.0,0.002,1
154,9,1.0,0.0,1.0,1.0,0.002,1
155,9,1.0,0.0,1.0,1.0,0.002,0
161,9,1.0,0.0,1.0,1.0,0.002,1
166,9,1.0,0.0,1.0,1.0,0.002,1
168,9,1.0,0.8333,1.0,1.0,0.002,1
184,9,1.0,0.0,1.0,1.0,0.002,0
188,9,0.0,1.0,1.0,1.0,0.002,1
194,9,1.0,0.8571,1.0,1.0,0.002,0
195,9,1.0,1.0,1.0,1.0,0.002,1
196,9,1.0,0.0,1.0,1.0,0.002,0
198,9,0.3333,0.6667,1.0,1.0,0.002,1
239,9,1.0,0.7778,1.0,1.0,0.002,0
240,9,0.0,1.0,1.0,1.0,0.002,1
241,9,1.0,0.0,1.0,1.0,0.002,0
249,9,0.0,1.0,1.0,1.0,0.002,1
250,9,0.16665,0.5303,1.0,1.0,0.002,1
251,9,0.0,1.0,1.0,1.0,0.002,1
259,9,0.0,1.0,1.0,1.0,0.002,1
261,9,1.0,0.24075000000000002,1.0,1.0,0.002,0
262,9,1.0,0.3,1.0,1.0,0.002,1
271,9,1.0,0.8,1.0,1.0,0.002,0
272,9,1.0,0.0,1.0,1.0,0.002,0
1,10,0.0,1.0,1.0,1.0,0.0052,1
3,10,1.0,0.8571,1.0,1.0,0.0052,1
5,10,0.0,1.0,1.0,1.0,0.0052,1
6,10,1.0,0.0,1.0,1.0,0.0052,0
12,10,0.0,1.0,0.75,1.0,0.0052,1
27,10,0.0,1.0,1.0,1.0,0.0052,1
30,10,1.0,0.0444,1.0,1.0,0.0052,0
31,10,1.0,1.0,1.0,1.0,0.0052,1
37,10,1.0,0.0,1.0,1.0,0.0052,1
38,10,1.0,0.0,1.0,1.0,0.0052,0
41,10,0.025,0.975,1.0,1.0,0.0052,1
42,10,0.0,1.0,1.0,1.0,0.0052,1
44,10,0.0,1.0,1.0,1.0,0.0052,1
57,10,1.0,0.0,1.0,1.0,0.0052,0
64,10,1.0,0.0,1.0,1.0,0.0052,0
67,10,1.0,0.0,1.0,1.0,0.0052,0
73,10,1.0,0.0,0.8,1.0,0.0052,0
75,10,0.16670000000000001,0.0833,1.0,1.0,0.0052,1
84,10,1.0,1.0,0.6667,1.0,0.0052,1
94,10,1.0,0.0,1.0,1.0,0.0052,0
110,10,1.0,0.0,0.6667,1.0,0.0052,1
111,10,1.0,0.0,1.0,1.0,0.0052,0
118,10,1.0,0.0,1.0,1.0,0.0052,0
121,10,1.0,0.0,0.75,1.0,0.0052,0
122,10,1.0,1.0,1.0,1.0,0.0052,1
123,10,0.0,1.0,1.0,1.0,0.0052,1
127,10,0.0,1.0,1.0,1.0,0.0052,1
130,10,0.0,1.0,1.0,1.0,0.0052,1
132,10,1.0,0.0,1.0,1.0,0.0052,1
139,10,1.0,0.0,1.0,1.0,0.0052,0
140,10,1.0,0.0,1.0,1.0,0.0052,0
143,10,1.0,0.8571,1.0,1.0,0.0052,0
152,10,0.0,1.0,1.0,1.0,0.0052,1
154,10,1.0,0.0,1.0,1.0,0.0052,1
155,10,0.0,1.0,1.0,1.0,0.0052,1
161,10,1.0,0.0,1.0,1.0,0.0052,1
168,10,1.0,0.5556,0.45,1.0,0.0052,1
184,10,1.0,0.0,1.0,1.0,0.0052,0
188,10,1.0,0.0,1.0,1.0,0.0052,0
195,10,1.0,1.0,1.0,1.0,0.0052,1
197,10,0.0,1.0,0.5,1.0,0.0052,1
198,10,0.0,1.0,1.0,1.0,0.0052,1
239,10,0.0,1.0,1.0,1.0,0.0052,1
240,10,1.0,0.7778,1.0,1.0,0.0052,0
241,10,1.0,0.0,1.0,1.0,0.0052,0
250,10,0.0,1.0,1.0,1.0,0.0052,1
251,10,1.0,0.7692,1.0,1.0,0.0052,0
252,10,1.0,0.0,1.0,1.0,0.0052,0
261,10,1.0,0.0,0.4167,1.0,0.0052,0
262,10,1.0,1.0,1.0,1.0,0.0052,1
271,10,1.0,0.0,1.0,1.0,0.0052,0
273,10,1.0,0.0,1.0,1.0,0.0052,0
283,10,1.0,0.0,1.0,1.0,0.0052,0
1,11,1.0,0.0,1.0,1.0,0.0044,0
12,11,0.0,1.0,1.0,1.0,0.0044,1
27,11,0.0,1.0,1.0,1.0,0.0044,1
30,11,1.0,0.06665,1.0,1.0,0.0044,0
38,11,0.0,1.0,1.0,1.0,0.0044,1
41,11,0.25,0.75,1.0,1.0,0.0044,1
42,11,0.0,1.0,1.0,1.0,0.0044,1
44,11,1.0,0.0,1.0,1.0,0.0044,0
70,11,1.0,0.0,1.0,1.0,0.0044,0
75,11,1.0,0.2778,1.0,1.0,0.0044,0
110,11,1.0,0.8,1.0,1.0,0.0044,1
111,11,1.0,0.0,1.0,1.0,0.0044,0
118,11,0.0,1.0,1.0,1.0,0.0044,1
122,11,1.0,1.0,1.0,1.0,0.0044,1
123,11,1.0,0.0,1.0,1.0,0.0044,0
130,11,1.0,0.0,1.0,1.0,0.0044,0
132,11,1.0,0.0,1.0,1.0,0.0044,1
140,11,1.0,0.0,1.0,1.0,0.0044,0
143,11,0.0,1.0,1.0,1.0,0.0044,1
152,11,0.0,1.0,1.0,1.0,0.0044,1
154,11,1.0,0.03335,1.0,1.0,0.0044,1
155,11,0.0,1.0,1.0,1.0,0.0044,1
188,11,1.0,0.0,1.0,1.0,0.0044,0
195,11,1.0,1.0,1.0,1.0,0.0044,1
198,11,1.0,0.0,1.0,1.0,0.0044,0
230,11,1.0,0.0,1.0,1.0,0.0044,0
239,11,0.0,1.0,1.0,1.0,0.0044,1
240,11,0.0,1.0,1.0,1.0,0.0044,1
241,11,1.0,0.0,1.0,1.0,0.0044,0
251,11,0.0,1.0,1.0,1.0,0.0044,1
252,11,1.0,0.0,1.0,1.0,0.0044,0
1,12,0.0,1.0,0.5,1.0,0.0004,1
12,12,0.0,1.0,1.0,1.0,0.0004,1
25,12,1.0,0.0,0.6667,1.0,0.0004,0
26,12,1.0,0.0,0.3333,1.0,0.0004,0
27,12,0.0,1.0,1.0,1.0,0.0004,1
28,12,1.0,0.1231,1.0,1.0,0.0004,0
30,12,1.0,0.1228,1.0,1.0,0.0004,0
38,12,0.0,1.0,1.0,1.0,0.0004,1
41,12,0.0,1.0,1.0,1.0,0.0004,1
42,12,1.0,0.0,1.0,1.0,0.0004,0
44,12,1.0,0.0536,0.875,1.0,0.0004,0
56,12,1.0,0.0,0.2857,1.0,0.0004,0
60,12,1.0,0.1667,1.0,1.0,0.0004,0
67,12,1.0,0.0,1.0,1.0,0.0004,0
75,12,0.1,0.4556,0.9,1.0,0.0004,1
76,12,1.0,0.0222,0.8889,1.0,0.0004,0
105,12,1.0,0.1667,1.0,1.0,0.0004,0
110,12,1.0,0.25,1.0,1.0,0.0004,1
111,12,1.0,0.0,1.0,1.0,0.0004,0
114,12,1.0,0.0,1.0,1.0,0.0004,0
118,12,0.0,1.0,1.0,1.0,0.0004,1
122,12,1.0,1.0,1.0,1.0,0.0004,1
123,12,1.0,0.0,1.0,1.0,0.0004,0
124,12,1.0,0.0,1.0,1.0,0.0004,0
130,12,1.0,0.0,1.0,1.0,0.0004,0
132,12,1.0,0.0,1.0,1.0,0.0004,1
134,12,1.0,0.8571,1.0,1.0,0.0004,0
139,12,1.0,0.875,1.0,1.0,0.0004,0
143,12,0.0,1.0,1.0,1.0,0.0004,1
148,12,1.0,0.1333,1.0,1.0,0.0004,1
154,12,1.0,0.0,1.0,1.0,0.0004,1
155,12,0.0,1.0,1.0,1.0,0.0004,1
164,12,1.0,0.0,1.0,1.0,0.0004,0
188,12,0.0,1.0,1.0,1.0,0.0004,1
195,12,1.0,0.25,1.0,1.0,0.0004,1
196,12,1.0,0.0,1.0,1.0,0.0004,0
198,12,1.0,0.0,1.0,1.0,0.0004,0
215,12,1.0,0.0833,1.0,1.0,0.0004,0
216,12,1.0,0.0,1.0,1.0,0.0004,0
226,12,1.0,1.0,0.8571,1.0,0.0004,1
227,12,1.0,0.0,1.0,1.0,0.0004,0
228,12,0.11109999999999999,0.1966,1.0,1.0,0.0004,1
238,12,1.0,0.1623,0.6522,1.0,0.0004,0
239,12,0.0,1.0,1.0,1.0,0.0004,1
240,12,1.0,0.0,1.0,1.0,0.0004,0
241,12,1.0,0.0,1.0,1.0,0.0004,0
249,12,0.07145,0.51585,1.0,1.0,0.0004,1
250,12,1.0,0.0,1.0,1.0,0.0004,0
251,12,0.0,1.0,1.0,1.0,0.0004,1
260,12,1.0,0.8,1.0,1.0,0.0004,0
271,12,1.0,0.75,1.0,1.0,0.0004,0
1,13,0.0,1.0,1.0,1.0,0.0072,1
2,13,1.0,0.1905,1.0,1.0,0.0072,1
4,13,1.0,0.0,1.0,1.0,0.0072,1
5,13,0.0,1.0,1.0,1.0,0.0072,1
8,13,1.0,0.0,0.1667,1.0,0.0072,0
12,13,0.0,1.0,1.0,1.0,0.0072,1
19,13,1.0,0.0,1.0,1.0,0.0072,1
23,13,1.0,0.0,1.0,1.0,0.0072,0
27,13,0.0,1.0,1.0,1.0,0.0072,1
30,13,0.0,1.0,1.0,1.0,0.0072,1
31,13,1.0,1.0,1.0,1.0,0.0072,1
36,13,1.0,0.0,1.0,1.0,0.0072,0
38,13,0.0,1.0,1.0,1.0,0.0072,1
39,13,1.0,0.5556,1.0,1.0,0.0072,0
41,13,0.0,1.0,1.0,1.0,0.0072,1
44,13,1.0,0.0,1.0,1.0,0.0072,0
52,13,1.0,0.0,1.0,1.0,0.0072,0
57,13,1.0,0.0,1.0,1.0,0.0072,0
67,13,0.0,1.0,1.0,1.0,0.0072,1
69,13,1.0,0.0,1.0,1.0,0.0072,0
73,13,1.0,0.0,1.0,1.0,0.0072,0
75,13,1.0,0.8333,1.0,1.0,0.0072,0
84,13,1.0,1.0,1.0,1.0,0.0072,1
90,13,1.0,0.1071,0.5,1.0,0.0072,0
92,13,1.0,0.5625,1.0,1.0,0.0072,0
94,13,1.0,0.0,1.0,1.0,0.0072,0
107,13,1.0,0.0,1.0,1.0,0.0072,0
108,13,0.0,1.0,1.0,1.0,0.0072,1
110,13,1.0,0.0,1.0,1.0,0.0072,1
111,13,0.0,1.0,1.0,1.0,0.0072,1
113,13,0.0,1.0,0.4074,1.0,0.0072,1
118,13,1.0,0.0,1.0,1.0,0.0072,0
121,13,1.0,0.0,1.0,1.0,0.0072,0
122,13,1.0,1.0,1.0,1.0,0.0072,1
123,13,0.5,0.5,1.0,1.0,0.0072,1
124,13,1.0,0.0,1.0,1.0,0.0072,0
130,13,1.0,0.0,1.0,1.0,0.0072,0
132,13,1.0,0.0,1.0,1.0,0.0072,1
133,13,1.0,0.8571,0.7778,1.0,0.0072,1
143,13,1.0,0.0,1.0,1.0,0.0072,0
147,13,1.0,0.0,1.0,1.0,0.0072,0
150,13,1.0,0.0,0.4,1.0,0.0072,0
152,13,0.0,1.0,1.0,1.0,0.0072,1
154,13,1.0,0.0,1.0,1.0,0.0072,1
155,13,0.0,1.0,1.0,1.0,0.0072,1
160,13,1.0,0.0,0.6364,1.0,0.0072,0
161,13,1.0,0.0,1.0,1.0,0.0072,1
166,13,1.0,0.0,1.0,1.0,0.0072,1
186,13,1.0,0.0,1.0,1.0,0.0072,0
188,13,0.0,1.0,1.0,1.0,0.0072,1
195,13,1.0,0.6,1.0,1.0,0.0072,1
198,13,0.0,1.0,1.0,1.0,0.0072,1
238,13,1.0,0.0,1.0,1.0,0.0072,0
239,13,1.0,0.25,1.0,1.0,0.0072,0
240,13,0.0,1.0,0.8571,1.0,0.0072,1
249,13,0.0,1.0,1.0,1.0,0.0072,1
250,13,1.0,0.7143,1.0,1.0,0.0072,0
251,13,1.0,0.8,1.0,1.0,0.0072,0
260,13,1.0,0.0,1.0,1.0,0.0072,0
261,13,1.0,0.15,1.0,1.0,0.0072,0
262,13,1.0,0.8,1.0,1.0,0.0072,1
284,13,1.0,0.75,1.0,1.0,0.0072,0
285,13,1.0,0.7,1.0,1.0,0.0072,0
297,13,1.0,0.0,1.0,1.0,0.0072,0
307,13,1.0,0.0,1.0,1.0,0.0072,0
308,13,1.0,0.0,1.0,1.0,0.0072,0
309,13,1.0,0.0,0.625,1.0,0.0072,0
318,13,1.0,0.0,1.0,1.0,0.0072,0
319,13,1.0,0.075,1.0,1.0,0.0072,0
320,13,1.0,0.0833,1.0,1.0,0.0072,0
1,14,0.5,0.5,1.0,1.0,0.004,1
6,14,0.0,1.0,1.0,1.0,0.004,1
12,14,0.0,1.0,1.0,1.0,0.004,1
24,14,1.0,0.0,1.0,1.0,0.004,1
27,14,0.0625,0.67435,1.0,1.0,0.004,1
28,14,1.0,0.0,1.0,1.0,0.004,0
30,14,0.8,0.11665,1.0,1.0,0.004,0
34,14,0.0,1.0,1.0,1.0,0.004,1
36,14,0.0,1.0,1.0,1.0,0.004,1
38,14,1.0,0.0,1.0,1.0,0.004,0
41,14,0.0,1.0,1.0,1.0,0.004,1
42,14,0.0,1.0,1.0,1.0,0.004,1
44,14,0.0,1.0,1.0,1.0,0.004,1
51,14,1.0,0.0,1.0,1.0,0.004,0
56,14,1.0,0.0,1.0,1.0,0.004,0
67,14,1.0,0.15,1.0,1.0,0.004,0
70,14,1.0,0.0,1.0,1.0,0.004,0
75,14,1.0,0.0,1.0,1.0,0.004,0
87,14,1.0,0.875,1.0,1.0,0.004,0
105,14,1.0,0.5714,1.0,1.0,0.004,0
110,14,1.0,0.16665,1.0,1.0,0.004,1
111,14,1.0,0.1111,1.0,1.0,0.004,0
118,14,1.0,0.0,1.0,1.0,0.004,0
122,14,1.0,0.91665,1.0,1.0,0.004,1
123,14,1.0,0.45,1.0,1.0,0.004,0
125,14,1.0,0.8125,1.0,1.0,0.004,0
132,14,1.0,0.0,1.0,1.0,0.004,1
134,14,1.0,0.2917,1.0,1.0,0.004,0
140,14,1.0,0.0,1.0,1.0,0.004,0
143,14,0.0,1.0,1.0,1.0,0.004,1
154,14,1.0,0.0,1.0,1.0,0.004,1
155,14,0.0,1.0,1.0,1.0,0.004,1
188,14,0.0,1.0,1.0,1.0,0.004,1
193,14,1.0,0.0,1.0,1.0,0.004,1
195,14,1.0,0.35,1.0,1.0,0.004,1
197,14,0.0,1.0,1.0,1.0,0.004,1
198,14,1.0,0.0182,1.0,1.0,0.004,0
228,14,0.0,1.0,1.0,1.0,0.004,1
230,14,1.0,0.0,1.0,1.0,0.004,0
238,14,1.0,0.0,1.0,1.0,0.004,0
239,14,1.0,0.125,1.0,1.0,0.004,0
240,14,1.0,0.0,1.0,1.0,0.004,0
241,14,1.0,0.0,1.0,1.0,0.004,0
249,14,0.0,1.0,1.0,1.0,0.004,1
250,14,1.0,0.3,1.0,1.0,0.004,0
251,14,0.0,1.0,1.0,1.0,0.004,1
252,14,1.0,0.6667,1.0,1.0,0.004,0
1,15,1.0,0.0,1.0,1.0,0.0,0
2,15,1.0,0.125,1.0,1.0,0.0,1
5,15,0.0,1.0,1.0,1.0,0.0,1
6,15,0.0,1.0,1.0,1.0,0.0,1
12,15,0.0,1.0,1.0,1.0,0.0,1
17,15,1.0,0.0,1.0,1.0,0.0,0
18,15,1.0,0.0,1.0,1.0,0.0,0
19,15,1.0,0.0,1.0,1.0,0.0,1
20,15,1.0,0.0,1.0,1.0,0.0,0
21,15,1.0,0.0,1.0,1.0,0.0,0
22,15,1.0,0.0,1.0,1.0,0.0,1
23,15,1.0,0.0,0.3333,1.0,0.0,0
24,15,1.0,0.8462,1.0,1.0,0.0,1
26,15,1.0,0.0,1.0,1.0,0.0,0
27,15,1.0,0.0,1.0,1.0,0.0,1
28,15,1.0,0.0,0.66665,1.0,0.0,0
30,15,1.0,0.0,1.0,1.0,0.0,0
34,15,0.0,1.0,1.0,1.0,0.0,1
36,15,1.0,0.0149,1.0,1.0,0.0,0
38,15,1.0,0.0,1.0,1.0,0.0,0
39,15,1.0,0.0,1.0,1.0,0.0,0
41,15,0.0,1.0,1.0,1.0,0.0,1
44,15,0.0,1.0,1.0,1.0,0.0,1
45,15,1.0,0.05,1.0,1.0,0.0,0
46,15,1.0,0.1583,1.0,1.0,0.0,0
50,15,1.0,0.0,1.0,1.0,0.0,0
51,15,1.0,0.0,1.0,1.0,0.0,0
52,15,1.0,0.0,0.3333,1.0,0.0,0
55,15,0.0,1.0,1.0,1.0,0.0,1
59,15,1.0,1.0,1.0,1.0,0.0,1
60,15,1.0,0.0,1.0,1.0,0.0,0
63,15,0.0,1.0,1.0,1.0,0.0,1
64,15,1.0,0.0,1.0,1.0,0.0,0
65,15,1.0,0.0,1.0,1.0,0.0,0
66,15,1.0,1.0,1.0,1.0,0.0,1
67,15,1.0,0.0,1.0,1.0,0.0,0
69,15,1.0,0.0,1.0,1.0,0.0,0
71,15,1.0,0.2083,1.0,1.0,0.0,0
72,15,0.5,0.5,0.5,1.0,0.0,1
73,15,1.0,0.0,1.0,1.0,0.0,0
75,15,1.0,0.0,1.0,1.0,0.0,0
77,15,1.0,0.8182,1.0,1.0,0.0,1
80,15,1.0,0.6667,1.0,1.0,0.0,0
81,15,1.0,0.0,1.0,1.0,0.0,0
93,15,1.0,0.0,1.0,1.0,0.0,0
101,15,1.0,0.0,1.0,1.0,0.0,0
104,15,0.0,1.0,0.5,1.0,0.0,1
105,15,1.0,0.0,0.3333,1.0,0.0,0
110,15,1.0,0.0,1.0,1.0,0.0,1
111,15,0.0,1.0,1.0,1.0,0.0,1
113,15,0.0,1.0,1.0,1.0,0.0,1
116,15,1.0,0.0,1.0,1.0,0.0,0
118,15,1.0,0.0,1.0,1.0,0.0,0
121,15,1.0,0.1944,1.0,1.0,0.0,0
122,15,1.0,0.0,1.0,1.0,0.0,1
123,15,1.0,0.0,1.0,1.0,0.0,0
124,15,1.0,0.3556,1.0,1.0,0.0,0
125,15,1.0,0.0,1.0,1.0,0.0,0
127,15,0.0,1.0,1.0,1.0,0.0,1
129,15,1.0,0.8571,1.0,1.0,0.0,1
130,15,1.0,0.0,1.0,1.0,0.0,0
132,15,1.0,0.0,1.0,1.0,0.0,1
133,15,1.0,0.0,1.0,1.0,0.0,1
134,15,1.0,0.39285,1.0,1.0,0.0,0
135,15,1.0,0.0,1.0,1.0,0.0,0
136,15,1.0,0.1111,1.0,1.0,0.0,1
139,15,1.0,0.0156,1.0,1.0,0.0,0
140,15,1.0,0.0,1.0,1.0,0.0,0
141,15,1.0,0.25,1.0,1.0,0.0,0
143,15,1.0,0.0,1.0,1.0,0.0,0
147,15,1.0,0.0,1.0,1.0,0.0,0
150,15,1.0,0.0,1.0,1.0,0.0,0
154,15,1.0,0.0,1.0,1.0,0.0,1
155,15,1.0,0.0,1.0,1.0,0.0,0
160,15,1.0,0.0,1.0,1.0,0.0,0
161,15,1.0,0.0808,1.0,1.0,0.0,1
162,15,1.0,0.0,1.0,1.0,0.0,0
165,15,1.0,0.0,1.0,1.0,0.0,0
166,15,1.0,0.0,1.0,1.0,0.0,1
167,15,1.0,0.0,1.0,1.0,0.0,0
171,15,1.0,0.0444,0.9,1.0,0.0,0
172,15,1.0,0.1333,1.0,1.0,0.0,0
178,15,1.0,0.0,1.0,1.0,0.0,0
179,15,1.0,0.0923,0.7692,1.0,0.0,0
180,15,1.0,0.5385,1.0,1.0,0.0,1
182,15,1.0,0.0,1.0,1.0,0.0,1
184,15,1.0,0.0545,0.7273,1.0,0.0,0
186,15,1.0,0.0,1.0,1.0,0.0,0
188,15,1.0,0.0,1.0,1.0,0.0,0
193,15,1.0,0.0,1.0,1.0,0.0,1
194,15,1.0,0.3125,1.0,1.0,0.0,0
195,15,1.0,0.5,1.0,1.0,0.0,1
198,15,1.0,0.1714,1.0,1.0,0.0,0
199,15,1.0,0.0,1.0,1.0,0.0,0
215,15,1.0,0.0,0.3333,1.0,0.0,0
225,15,1.0,0.0,1.0,1.0,0.0,0
226,15,1.0,1.0,0.66665,1.0,0.0,1
235,15,1.0,0.0,1.0,1.0,0.0,0
236,15,0.0,1.0,1.0,1.0,0.0,1
239,15,0.0,1.0,0.56665,1.0,0.0,1
240,15,1.0,0.0,1.0,1.0,0.0,0
247,15,1.0,0.04445,1.0,1.0,0.0,0
248,15,1.0,1.0,1.0,1.0,0.0,1
251,15,1.0,0.8,1.0,1.0,0.0,0
258,15,1.0,0.2182,0.4545,1.0,0.0,0
259,15,1.0,0.1136,0.5455,1.0,0.0,0
260,15,1.0,0.2059,1.0,1.0,0.0,0
261,15,1.0,0.0341,1.0,1.0,0.0,0
269,15,1.0,0.0,1.0,1.0,0.0,0
270,15,1.0,0.0,1.0,1.0,0.0,0
271,15,1.0,0.7778,1.0,1.0,0.0,0
272,15,1.0,0.0,1.0,1.0,0.0,0
273,15,1.0,0.125,1.0,1.0,0.0,0
274,15,0.0,1.0,1.0,1.0,0.0,1
275,15,1.0,0.0,1.0,1.0,0.0,0
283,15,1.0,0.0,1.0,1.0,0.0,0
284,15,1.0,0.0,1.0,1.0,0.0,0
296,15,1.0,1.0,1.0,1.0,0.0,1
297,15,1.0,0.0,1.0,1.0,0.0,0
308,15,1.0,0.0,0.8,1.0,0.0,0
309,15,1.0,0.0,1.0,1.0,0.0,0
319,15,1.0,0.1667,1.0,1.0,0.0,0
320,15,1.0,0.0,1.0,1.0,0.0,0
1,16,1.0,0.0,1.0,1.0,0.0076,0
3,16,1.0,0.0,1.0,1.0,0.0076,1
4,16,1.0,1.0,1.0,1.0,0.0076,1
6,16,0.0,1.0,1.0,1.0,0.0076,1
7,16,1.0,0.0,1.0,1.0,0.0076,0
8,16,1.0,0.0,0.25,1.0,0.0076,0
9,16,1.0,0.0,1.0,1.0,0.0076,1
12,16,0.0,1.0,1.0,1.0,0.0076,1
13,16,1.0,0.1422,0.6,1.0,0.0076,0
14,16,1.0,0.8333,1.0,1.0,0.0076,0
16,16,1.0,0.0,1.0,1.0,0.0076,0
19,16,1.0,0.0,1.0,1.0,0.0076,1
21,16,1.0,0.0,1.0,1.0,0.0076,0
27,16,0.0,1.0,1.0,1.0,0.0076,1
30,16,1.0,0.0,1.0,1.0,0.0076,0
33,16,1.0,0.0,1.0,1.0,0.0076,1
35,16,1.0,0.0,1.0,1.0,0.0076,0
36,16,1.0,0.0,1.0,1.0,0.0076,0
37,16,1.0,0.0,1.0,1.0,0.0076,1
38,16,0.0,1.0,1.0,1.0,0.0076,1
41,16,0.4,0.6,1.0,1.0,0.0076,1
42,16,1.0,0.0,1.0,1.0,0.0076,0
44,16,1.0,0.0,1.0,1.0,0.0076,0
45,16,1.0,0.0,0.25,1.0,0.0076,0
46,16,1.0,0.0,1.0,1.0,0.0076,0
47,16,1.0,0.0,1.0,1.0,0.0076,0
52,16,1.0,0.0,0.5,1.0,0.0076,0
54,16,1.0,0.0,0.5,1.0,0.0076,0
58,16,0.5,0.5,1.0,1.0,0.0076,1
69,16,1.0,0.0,0.7143,1.0,0.0076,0
74,16,1.0,0.0,0.5,1.0,0.0076,1
75,16,0.0,1.0,1.0,1.0,0.0076,1
81,16,1.0,0.0,1.0,1.0,0.0076,0
82,16,1.0,0.0,1.0,1.0,0.0076,0
90,16,1.0,0.0,1.0,1.0,0.0076,0
93,16,1.0,0.0545,0.7273,1.0,0.0076,0
95,16,1.0,0.0,1.0,1.0,0.0076,1
99,16,1.0,0.0,1.0,1.0,0.0076,0
102,16,1.0,0.0,0.5,1.0,0.0076,1
106,16,1.0,1.0,1.0,1.0,0.0076,1
107,16,1.0,0.0,1.0,1.0,0.0076,0
108,16,1.0,0.8235,1.0,1.0,0.0076,0
110,16,1.0,0.0,1.0,1.0,0.0076,1
111,16,0.0,1.0,1.0,1.0,0.0076,1
115,16,1.0,0.0,1.0,1.0,0.0076,1
119,16,1.0,0.0,1.0,1.0,0.0076,0
122,16,1.0,1.0,1.0,1.0,0.0076,1
123,16,1.0,0.0,1.0,1.0,0.0076,0
126,16,1.0,0.0267,1.0,1.0,0.0076,0
128,16,1.0,0.0,1.0,1.0,0.0076,0
130,16,0.0,1.0,1.0,1.0,0.0076,1
132,16,1.0,0.0,1.0,1.0,0.0076,1
133,16,1.0,0.0,1.0,1.0,0.0076,1
134,16,0.0,1.0,1.0,1.0,0.0076,1
137,16,1.0,0.0,1.0,1.0,0.0076,0
142,16,1.0,0.1905,0.4286,1.0,0.0076,0
143,16,1.0,0.0,1.0,1.0,0.0076,0
144,16,1.0,0.8333,1.0,1.0,0.0076,1
146,16,1.0,0.0,0.1538,1.0,0.0076,0
147,16,1.0,0.0,1.0,1.0,0.0076,0
150,16,1.0,0.0286,0.875,1.0,0.0076,0
152,16,0.0,1.0,1.0,1.0,0.0076,1
153,16,1.0,0.0,0.3333,1.0,0.0076,0
154,16,1.0,0.0,1.0,1.0,0.0076,1
155,16,0.0,1.0,1.0,1.0,0.0076,1
156,16,1.0,0.0,1.0,1.0,0.0076,0
161,16,1.0,0.8333,1.0,1.0,0.0076,1
162,16,1.0,0.2619,0.2143,1.0,0.0076,0
163,16,1.0,0.0,0.5294,1.0,0.0076,0
171,16,1.0,0.0,0.75,1.0,0.0076,0
172,16,1.0,0.0,0.5714,1.0,0.0076,0
176,16,0.2,0.8,0.6,1.0,0.0076,1
177,16,1.0,0.0,1.0,1.0,0.0076,0
186,16,1.0,0.0,1.0,1.0,0.0076,0
188,16,1.0,0.0,1.0,1.0,0.0076,0
190,16,1.0,0.1111,0.6667,1.0,0.0076,0
194,16,1.0,0.7692,1.0,1.0,0.0076,0
195,16,1.0,0.75,1.0,1.0,0.0076,1
196,16,1.0,0.6667,1.0,1.0,0.0076,0
198,16,1.0,0.2222,1.0,1.0,0.0076,0
199,16,1.0,0.0,1.0,1.0,0.0076,0
237,16,1.0,0.0,1.0,1.0,0.0076,0
238,16,1.0,0.0,1.0,1.0,0.0076,0
239,16,1.0,0.1333,0.5,1.0,0.0076,0
240,16,1.0,0.0,1.0,1.0,0.0076,0
248,16,1.0,0.5455,1.0,1.0,0.0076,1
250,16,1.0,0.5556,1.0,1.0,0.0076,0
251,16,1.0,0.7273,1.0,1.0,0.0076,0
258,16,1.0,0.0,1.0,1.0,0.0076,0
282,16,1.0,0.0,1.0,1.0,0.0076,0
283,16,1.0,0.8333,1.0,1.0,0.0076,0
284,16,0.75,0.25,0.75,1.0,0.0076,0
285,16,1.0,0.0667,0.8333,1.0,0.0076,0
286,16,1.0,0.1,1.0,1.0,0.0076,0
291,16,1.0,0.0972,0.5333,1.0,0.0076,0
292,16,1.0,0.2045,0.55,1.0,0.0076,0
293,16,1.0,0.1037,0.72,1.0,0.0076,0
294,16,1.0,0.5625,1.0,1.0,0.0076,0
295,16,1.0,0.1169,1.0,1.0,0.0076,0
296,16,1.0,0.0,1.0,1.0,0.0076,1
297,16,1.0,0.0,1.0,1.0,0.0076,0
298,16,1.0,0.25,1.0,1.0,0.0076,0
307,16,1.0,0.0,1.0,1.0,0.0076,0
308,16,1.0,0.3333,1.0,1.0,0.0076,0
309,16,1.0,0.0,1.0,1.0,0.0076,0
1,17,1.0,0.0,0.6667,1.0,0.004,0
6,17,0.0,1.0,1.0,1.0,0.004,1
12,17,0.125,0.875,1.0,1.0,0.004,1
27,17,0.0,1.0,1.0,1.0,0.004,1
30,17,0.0,1.0,1.0,1.0,0.004,1
38,17,0.0,1.0,1.0,1.0,0.004,1
41,17,0.0,1.0,1.0,1.0,0.004,1
67,17,0.0,1.0,1.0,1.0,0.004,1
75,17,0.0,1.0,1.0,1.0,0.004,1
110,17,1.0,0.0,1.0,1.0,0.004,1
111,17,0.0,1.0,1.0,1.0,0.004,1
122,17,1.0,0.0,1.0,1.0,0.004,1
123,17,1.0,0.0,0.3333,1.0,0.004,0
130,17,1.0,0.0,1.0,1.0,0.004,0
132,17,1.0,0.0,1.0,1.0,0.004,1
134,17,0.0,1.0,1.0,1.0,0.004,1
143,17,0.0,1.0,1.0,1.0,0.004,1
152,17,0.0,1.0,1.0,1.0,0.004,1
154,17,1.0,0.0,1.0,1.0,0.004,1
155,17,1.0,0.0,1.0,1.0,0.004,0
188,17,0.0,1.0,1.0,1.0,0.004,1
193,17,1.0,0.0,1.0,1.0,0.004,1
195,17,1.0,1.0,1.0,1.0,0.004,1
198,17,0.0,1.0,1.0,1.0,0.004,1
239,17,0.0,1.0,1.0,1.0,0.004,1
240,17,1.0,0.0,1.0,1.0,0.004,0
250,17,1.0,0.1905,1.0,1.0,0.004,0
251,17,1.0,0.0857,0.7143,1.0,0.004,0
3,18,1.0,0.2,1.0,1.0,0.0016,1
5,18,0.0,1.0,1.0,1.0,0.0016,1
6,18,0.9,0.02,1.0,1.0,0.0016,0
12,18,0.0,1.0,1.0,1.0,0.0016,1
14,18,1.0,0.0808,0.8182,1.0,0.0016,0
20,18,1.0,0.0,1.0,1.0,0.0016,0
21,18,1.0,0.125,1.0,1.0,0.0016,0
26,18,1.0,0.1524,1.0,1.0,0.0016,0
27,18,0.0,1.0,1.0,1.0,0.0016,1
30,18,1.0,0.0,1.0,1.0,0.0016,0
31,18,1.0,1.0,1.0,1.0,0.0016,1
34,18,0.0,1.0,1.0,1.0,0.0016,1
36,18,1.0,0.0,1.0,1.0,0.0016,0
38,18,1.0,0.0,1.0,1.0,0.0016,0
41,18,0.0,1.0,1.0,1.0,0.0016,1
59,18,1.0,0.8182,1.0,1.0,0.0016,1
61,18,1.0,0.0,1.0,1.0,0.0016,1
63,18,0.0,1.0,1.0,1.0,0.0016,1
64,18,1.0,0.0,1.0,1.0,0.0016,0
67,18,0.0,1.0,1.0,1.0,0.0016,1
68,18,1.0,0.0,1.0,1.0,0.0016,1
75,18,1.0,0.1607,1.0,1.0,0.0016,0
79,18,1.0,0.6,1.0,1.0,0.0016,0
84,18,1.0,0.7143,1.0,1.0,0.0016,1
108,18,1.0,0.3571,1.0,1.0,0.0016,0
109,18,1.0,0.0,1.0,1.0,0.0016,0
110,18,1.0,0.0,1.0,1.0,0.0016,1
111,18,1.0,0.0,1.0,1.0,0.0016,0
112,18,1.0,0.2083,1.0,1.0,0.0016,0
116,18,1.0,0.0,0.6,1.0,0.0016,0
118,18,1.0,0.0,1.0,1.0,0.0016,0
121,18,1.0,0.0833,0.75,1.0,0.0016,0
122,18,1.0,1.0,1.0,1.0,0.0016,1
123,18,0.0,1.0,1.0,1.0,0.0016,1
129,18,1.0,0.1071,1.0,1.0,0.0016,1
130,18,0.0,1.0,1.0,1.0,0.0016,1
132,18,1.0,0.0,1.0,1.0,0.0016,1
134,18,0.0,1.0,1.0,1.0,0.0016,1
135,18,1.0,0.625,1.0,1.0,0.0016,0
136,18,1.0,0.0,1.0,1.0,0.0016,1
139,18,1.0,0.1667,1.0,1.0,0.0016,0
141,18,1.0,0.47915,1.0,1.0,0.0016,0
143,18,1.0,0.0,1.0,1.0,0.0016,0
154,18,1.0,0.0,1.0,1.0,0.0016,1
155,18,1.0,0.0,1.0,1.0,0.0016,0
161,18,1.0,0.0,1.0,1.0,0.0016,1
162,18,1.0,0.0,1.0,1.0,0.0016,0
165,18,1.0,0.1458,1.0,1.0,0.0016,0
166,18,1.0,0.0,1.0,1.0,0.0016,1
188,18,0.0,1.0,1.0,1.0,0.0016,1
193,18,1.0,0.3,1.0,1.0,0.0016,1
194,18,1.0,0.6667,1.0,1.0,0.0016,0
195,18,1.0,1.0,1.0,1.0,0.0016,1
198,18,1.0,0.12,1.0,1.0,0.0016,0
239,18,0.0,1.0,1.0,1.0,0.0016,1
240,18,0.0,1.0,1.0,1.0,0.0016,1
245,18,1.0,0.0,1.0,1.0,0.0016,0
246,18,1.0,0.0,1.0,1.0,0.0016,0
247,18,1.0,0.25,1.0,1.0,0.0016,0
249,18,0.0,1.0,1.0,1.0,0.0016,1
250,18,0.0,1.0,1.0,1.0,0.0016,1
251,18,1.0,0.0,1.0,1.0,0.0016,0
256,18,1.0,0.1111,1.0,1.0,0.0016,0
257,18,0.0,1.0,1.0,1.0,0.0016,1
258,18,1.0,0.4,1.0,1.0,0.0016,0
259,18,1.0,0.8125,1.0,1.0,0.0016,0
261,18,0.0,1.0,1.0,1.0,0.0016,1
262,18,1.0,1.0,1.0,1.0,0.0016,1
267,18,1.0,0.1667,1.0,1.0,0.0016,0
268,18,0.3333,0.1667,1.0,1.0,0.0016,1
1,19,1.0,0.0,1.0,1.0,0.0076,0
4,19,1.0,0.4286,1.0,1.0,0.0076,1
5,19,0.11109999999999999,0.0278,1.0,1.0,0.0076,1
6,19,0.0,1.0,1.0,1.0,0.0076,1
8,19,1.0,0.0,1.0,1.0,0.0076,0
12,19,0.0,1.0,1.0,1.0,0.0076,1
19,19,1.0,0.75,1.0,1.0,0.0076,1
21,19,1.0,0.0,1.0,1.0,0.0076,0
22,19,1.0,0.5714,1.0,1.0,0.0076,1
25,19,1.0,0.0,1.0,1.0,0.0076,0
27,19,0.0,1.0,1.0,1.0,0.0076,1
30,19,1.0,0.0,1.0,1.0,0.0076,0
31,19,1.0,0.0,0.6667,1.0,0.0076,1
38,19,0.0,1.0,1.0,1.0,0.0076,1
41,19,0.0,1.0,1.0,1.0,0.0076,1
42,19,1.0,0.0,1.0,1.0,0.0076,0
44,19,0.0,1.0,1.0,1.0,0.0076,1
51,19,1.0,0.0,1.0,1.0,0.0076,0
56,19,1.0,0.0,1.0,1.0,0.0076,0
63,19,0.0,1.0,1.0,1.0,0.0076,1
64,19,1.0,0.0,1.0,1.0,0.0076,0
67,19,0.0,1.0,1.0,1.0,0.0076,1
70,19,1.0,0.0,1.0,1.0,0.0076,0
73,19,1.0,0.0667,0.8333,1.0,0.0076,0
75,19,1.0,0.8,1.0,1.0,0.0076,0
84,19,1.0,0.0,1.0,1.0,0.0076,1
103,19,1.0,0.0185,1.0,1.0,0.0076,0
107,19,1.0,0.1667,1.0,1.0,0.0076,0
110,19,1.0,0.0,1.0,1.0,0.0076,1
111,19,0.0,1.0,1.0,1.0,0.0076,1
112,19,1.0,0.2078,1.0,1.0,0.0076,0
113,19,0.0,1.0,1.0,1.0,0.0076,1
114,19,1.0,0.0,1.0,1.0,0.0076,0
118,19,1.0,0.0,1.0,1.0,0.0076,0
121,19,1.0,0.0536,0.875,1.0,0.0076,0
122,19,1.0,1.0,1.0,1.0,0.0076,1
123,19,1.0,0.0,1.0,1.0,0.0076,0
125,19,1.0,0.0,1.0,1.0,0.0076,0
130,19,1.0,0.42735,1.0,1.0,0.0076,0
132,19,1.0,0.0,1.0,1.0,0.0076,1
134,19,0.0,1.0,1.0,1.0,0.0076,1
139,19,1.0,0.1389,1.0,1.0,0.0076,0
140,19,1.0,0.0,1.0,1.0,0.0076,0
141,19,1.0,0.8182,1.0,1.0,0.0076,0
143,19,0.0,1.0,1.0,1.0,0.0076,1
150,19,1.0,0.2667,1.0,1.0,0.0076,0
152,19,0.0,1.0,1.0,1.0,0.0076,1
154,19,1.0,0.0,1.0,1.0,0.0076,1
155,19,0.0,1.0,1.0,1.0,0.0076,1
166,19,1.0,0.0,1.0,1.0,0.0076,1
168,19,1.0,0.875,1.0,1.0,0.0076,1
176,19,0.0,1.0,1.0,1.0,0.0076,1
183,19,0.0,1.0,1.0,1.0,0.0076,1
188,19,1.0,0.0,1.0,1.0,0.0076,0
193,19,1.0,0.0,1.0,1.0,0.0076,1
195,19,1.0,1.0,1.0,1.0,0.0076,1
198,19,1.0,0.04165,1.0,1.0,0.0076,0
199,19,1.0,0.0,1.0,1.0,0.0076,0
225,19,1.0,0.0,1.0,1.0,0.0076,0
226,19,1.0,1.0,1.0,1.0,0.0076,1
227,19,1.0,0.0,1.0,1.0,0.0076,0
230,19,1.0,0.0,1.0,1.0,0.0076,0
231,19,1.0,0.0,1.0,1.0,0.0076,0
236,19,0.0,1.0,1.0,1.0,0.0076,1
238,19,1.0,0.0,1.0,1.0,0.0076,0
239,19,1.0,0.0,1.0,1.0,0.0076,0
240,19,0.0,1.0,1.0,1.0,0.0076,1
241,19,1.0,0.3,1.0,1.0,0.0076,0
242,19,1.0,0.0,1.0,1.0,0.0076,0
250,19,1.0,0.0,1.0,1.0,0.0076,0
251,19,0.0,1.0,1.0,1.0,0.0076,1
252,19,1.0,0.0,1.0,1.0,0.0076,0
253,19,1.0,0.0,1.0,1.0,0.0076,0
261,19,0.0,1.0,1.0,1.0,0.0076,1
262,19,1.0,0.75,1.0,1.0,0.0076,1
263,19,1.0,0.10295,1.0,1.0,0.0076,0
264,19,1.0,0.0,1.0,1.0,0.0076,0
274,19,0.2,0.1,1.0,1.0,0.0076,1
275,19,1.0,0.2763,1.0,1.0,0.0076,0
285,19,1.0,0.0,1.0,1.0,0.0076,0
286,19,1.0,0.1154,1.0,1.0,0.0076,0
297,19,1.0,0.1667,1.0,1.0,0.0076,0
308,19,1.0,0.0,1.0,1.0,0.0076,0
1,20,0.0,1.0,1.0,1.0,0.0024,1
2,20,1.0,0.0,0.3846,1.0,0.0024,1
3,20,0.2,0.0571,1.0,1.0,0.0024,1
6,20,0.0,1.0,1.0,1.0,0.0024,1
12,20,0.0,1.0,1.0,1.0,0.0024,1
13,20,1.0,0.8571,1.0,1.0,0.0024,0
27,20,0.0,1.0,1.0,1.0,0.0024,1
30,20,0.0,1.0,1.0,1.0,0.0024,1
31,20,1.0,1.0,1.0,1.0,0.0024,1
38,20,1.0,0.0,1.0,1.0,0.0024,0
41,20,0.0,1.0,1.0,1.0,0.0024,1
44,20,1.0,0.0,1.0,1.0,0.0024,0
45,20,1.0,0.0,1.0,1.0,0.0024,0
52,20,1.0,0.0,0.4286,1.0,0.0024,0
58,20,0.0,1.0,1.0,1.0,0.0024,1
64,20,1.0,0.0,1.0,1.0,0.0024,0
67,20,1.0,0.0,1.0,1.0,0.0024,0
69,20,1.0,0.0,1.0,1.0,0.0024,0
73,20,1.0,0.0,1.0,1.0,0.0024,0
75,20,1.0,0.5833,1.0,1.0,0.0024,0
86,20,1.0,0.0,0.25,1.0,0.0024,0
90,20,1.0,0.0,0.3333,1.0,0.0024,0
91,20,1.0,0.1531,0.5789,1.0,0.0024,1
92,20,1.0,0.175,0.4167,1.0,0.0024,0
94,20,1.0,0.3333,1.0,1.0,0.0024,0
101,20,1.0,0.0,1.0,1.0,0.0024,0
106,20,1.0,1.0,1.0,1.0,0.0024,1
109,20,1.0,0.0,1.0,1.0,0.0024,0
110,20,1.0,0.0,1.0,1.0,0.0024,1
111,20,1.0,0.0,1.0,1.0,0.0024,0
112,20,1.0,0.75,1.0,1.0,0.0024,0
118,20,0.0,1.0,1.0,1.0,0.0024,1
121,20,1.0,0.0,1.0,1.0,0.0024,0
122,20,1.0,1.0,1.0,1.0,0.0024,1
123,20,0.0,1.0,1.0,1.0,0.0024,1
127,20,0.0,1.0,1.0,1.0,0.0024,1
130,20,0.0,1.0,1.0,1.0,0.0024,1
132,20,1.0,0.0,1.0,1.0,0.0024,1
133,20,1.0,1.0,0.6667,1.0,0.0024,1
139,20,1.0,0.1026,0.6923,1.0,0.0024,0
142,20,1.0,0.0286,0.875,1.0,0.0024,0
143,20,1.0,0.0,1.0,1.0,0.0024,0
152,20,0.0,1.0,1.0,1.0,0.0024,1
154,20,1.0,0.0,1.0,1.0,0.0024,1
155,20,0.0,1.0,1.0,1.0,0.0024,1
168,20,1.0,1.0,1.0,1.0,0.0024,1
171,20,0.5,0.1742,1.0,1.0,0.0024,0
172,20,1.0,0.0,0.4,1.0,0.0024,0
177,20,1.0,0.0,1.0,1.0,0.0024,0
184,20,1.0,0.0938,0.625,1.0,0.0024,0
190,20,1.0,0.3,1.0,1.0,0.0024,0
193,20,1.0,0.0,1.0,1.0,0.0024,1
195,20,1.0,1.0,1.0,1.0,0.0024,1
198,20,1.0,0.0,1.0,1.0,0.0024,0
239,20,0.0,1.0,1.0,1.0,0.0024,1
240,20,0.0,1.0,1.0,1.0,0.0024,1
241,20,1.0,0.0,1.0,1.0,0.0024,0
249,20,0.0,1.0,1.0,1.0,0.0024,1
250,20,1.0,0.0,1.0,1.0,0.0024,0
251,20,0.0,1.0,1.0,1.0,0.0024,1
260,20,0.0,1.0,1.0,1.0,0.0024,1
261,20,0.0833,0.0167,0.8333,1.0,0.0024,1
262,20,1.0,0.5,1.0,1.0,0.0024,1
271,20,1.0,0.0,1.0,1.0,0.0024,0
272,20,1.0,0.1667,1.0,1.0,0.0024,0
273,20,1.0,0.0,1.0,1.0,0.0024,0
283,20,1.0,0.0,1.0,1.0,0.0024,0
284,20,1.0,0.0417,1.0,1.0,0.0024,0
285,20,1.0,0.0,1.0,1.0,0.0024,0
295,20,1.0,0.1875,1.0,1.0,0.0024,0
296,20,1.0,1.0,1.0,1.0,0.0024,1
306,20,1.0,0.0,1.0,1.0,0.0024,0
307,20,1.0,0.0437,1.0,1.0,0.0024,0
308,20,1.0,0.0,1.0,1.0,0.0024,0
317,20,1.0,0.0444,0.9,1.0,0.0024,0
319,20,1.0,0.0417,1.0,1.0,0.0024,0
1,21,0.0,1.0,1.0,1.0,0.0044,1
5,21,0.0,1.0,1.0,1.0,0.0044,1
6,21,1.0,0.8571,1.0,1.0,0.0044,0
12,21,0.2,0.8,0.6,1.0,0.0044,1
13,21,1.0,0.0,0.7,1.0,0.0044,0
14,21,1.0,0.6,1.0,1.0,0.0044,0
21,21,1.0,0.0,0.6667,1.0,0.0044,0
27,21,0.0,1.0,1.0,1.0,0.0044,1
30,21,0.0,1.0,1.0,1.0,0.0044,1
38,21,1.0,0.0,1.0,1.0,0.0044,0
39,21,1.0,0.0,1.0,1.0,0.0044,0
41,21,0.0,1.0,1.0,1.0,0.0044,1
45,21,1.0,0.0,1.0,1.0,0.0044,0
46,21,1.0,0.0,1.0,1.0,0.0044,0
52,21,1.0,0.004,0.9545,1.0,0.0044,0
57,21,1.0,0.0,1.0,1.0,0.0044,0
64,21,1.0,0.0,1.0,1.0,0.0044,0
66,21,1.0,0.0,1.0,1.0,0.0044,1
67,21,1.0,0.0,1.0,1.0,0.0044,0
75,21,0.0,1.0,1.0,1.0,0.0044,1
84,21,1.0,0.0,1.0,1.0,0.0044,1
90,21,1.0,0.0,1.0,1.0,0.0044,0
92,21,1.0,0.1333,1.0,1.0,0.0044,0
101,21,1.0,0.7143,1.0,1.0,0.0044,0
107,21,1.0,0.0,1.0,1.0,0.0044,0
108,21,0.0,1.0,1.0,1.0,0.0044,1
109,21,1.0,0.1667,1.0,1.0,0.0044,0
111,21,0.0,1.0,1.0,1.0,0.0044,1
112,21,1.0,0.5833,1.0,1.0,0.0044,0
113,21,0.0,1.0,1.0,1.0,0.0044,1
118,21,1.0,0.0,1.0,1.0,0.0044,0
122,21,1.0,1.0,1.0,1.0,0.0044,1
123,21,1.0,0.0,1.0,1.0,0.0044,0
129,21,1.0,0.8,1.0,1.0,0.0044,1
130,21,1.0,0.6,1.0,1.0,0.0044,0
132,21,1.0,0.0,1.0,1.0,0.0044,1
134,21,0.0,1.0,1.0,1.0,0.0044,1
141,21,1.0,0.6667,1.0,1.0,0.0044,0
143,21,0.0,1.0,1.0,1.0,0.0044,1
144,21,0.7273000000000001,0.6162,0.8182,1.0,0.0044,1
150,21,1.0,0.0,1.0,1.0,0.0044,0
152,21,0.0,1.0,1.0,1.0,0.0044,1
154,21,1.0,0.0,1.0,1.0,0.0044,1
155,21,1.0,0.0,1.0,1.0,0.0044,0
171,21,1.0,0.0,1.0,1.0,0.0044,0
172,21,1.0,0.0,1.0,1.0,0.0044,0
176,21,0.0,1.0,0.875,1.0,0.0044,1
177,21,1.0,0.2222,0.3333,1.0,0.0044,0
179,21,1.0,0.0,1.0,1.0,0.0044,0
186,21,1.0,0.0462,1.0,1.0,0.0044,0
188,21,0.0,1.0,1.0,1.0,0.0044,1
189,21,1.0,0.0643,0.7,1.0,0.0044,0
190,21,1.0,0.0,1.0,1.0,0.0044,0
193,21,1.0,0.7333,1.0,1.0,0.0044,1
194,21,1.0,0.05,0.8,1.0,0.0044,0
195,21,1.0,0.0,1.0,1.0,0.0044,1
197,21,0.0,1.0,1.0,1.0,0.0044,1
198,21,0.0,1.0,1.0,1.0,0.0044,1
199,21,1.0,0.0,1.0,1.0,0.0044,0
239,21,0.0,1.0,1.0,1.0,0.0044,1
240,21,1.0,0.0,1.0,1.0,0.0044,0
250,21,0.0,1.0,1.0,1.0,0.0044,1
251,21,0.0,1.0,1.0,1.0,0.0044,1
257,21,0.25,0.75,1.0,1.0,0.0044,1
258,21,0.0,1.0,1.0,1.0,0.0044,1
270,21,1.0,0.0,1.0,1.0,0.0044,0
271,21,1.0,0.0278,1.0,1.0,0.0044,0
272,21,1.0,0.0,1.0,1.0,0.0044,0
285,21,1.0,0.0,1.0,1.0,0.0044,0
295,21,1.0,0.8571,1.0,1.0,0.0044,0
296,21,1.0,0.9048,1.0,1.0,0.0044,1
297,21,1.0,0.1607,1.0,1.0,0.0044,0
305,21,1.0,0.0,0.0909,1.0,0.0044,0
306,21,1.0,0.0,0.1818,1.0,0.0044,0
1,22,1.0,0.41665,1.0,1.0,0.006,0
2,22,1.0,0.0417,1.0,1.0,0.006,1
3,22,1.0,0.8889,1.0,1.0,0.006,1
4,22,1.0,0.0,0.5,1.0,0.006,1
5,22,0.0,1.0,1.0,1.0,0.006,1
6,22,1.0,0.1389,1.0,1.0,0.006,0
8,22,1.0,0.0,0.4,1.0,0.006,0
12,22,0.0,1.0,1.0,1.0,0.006,1
19,22,1.0,0.0,1.0,1.0,0.006,1
22,22,1.0,0.0,1.0,1.0,0.006,1
23,22,1.0,0.0,1.0,1.0,0.006,0
27,22,0.0,1.0,1.0,1.0,0.006,1
30,22,1.0,0.0,1.0,1.0,0.006,0
39,22,1.0,0.0556,1.0,1.0,0.006,0
41,22,0.0,1.0,1.0,1.0,0.006,1
45,22,1.0,0.127,1.0,1.0,0.006,0
49,22,1.0,0.0,1.0,1.0,0.006,0
52,22,1.0,0.0,1.0,1.0,0.006,0
54,22,1.0,0.25,1.0,1.0,0.006,0
57,22,1.0,0.075,1.0,1.0,0.006,0
64,22,1.0,0.0,1.0,1.0,0.006,0
65,22,1.0,0.3333,1.0,1.0,0.006,0
66,22,1.0,1.0,1.0,1.0,0.006,1
75,22,1.0,0.0,1.0,1.0,0.006,0
77,22,1.0,1.0,1.0,1.0,0.006,1
84,22,1.0,0.6528,1.0,1.0,0.006,1
90,22,1.0,0.0,1.0,1.0,0.006,0
92,22,1.0,0.0,1.0,1.0,0.006,0
94,22,1.0,0.0,1.0,1.0,0.006,0
100,22,1.0,0.0,1.0,1.0,0.006,0
101,22,1.0,0.0,1.0,1.0,0.006,0
103,22,1.0,0.0,1.0,1.0,0.006,0
108,22,0.0,1.0,1.0,1.0,0.006,1
111,22,1.0,0.0,1.0,1.0,0.006,0
112,22,1.0,0.0,1.0,1.0,0.006,0
113,22,0.0,1.0,1.0,1.0,0.006,1
130,22,1.0,0.375,1.0,1.0,0.006,0
139,22,1.0,0.0,1.0,1.0,0.006,0
143,22,1.0,0.0,1.0,1.0,0.006,0
150,22,1.0,0.0,1.0,1.0,0.006,0
152,22,0.0,1.0,1.0,1.0,0.006,1
160,22,1.0,0.0,1.0,1.0,0.006,0
161,22,1.0,0.0,1.0,1.0,0.006,1
168,22,1.0,0.3333,0.8571,1.0,0.006,1
171,22,1.0,0.0,1.0,1.0,0.006,0
176,22,0.1429,0.8571,0.4286,1.0,0.006,1
186,22,1.0,0.0,1.0,1.0,0.006,0
193,22,1.0,0.3571,1.0,1.0,0.006,1
198,22,1.0,0.41665,1.0,1.0,0.006,0
199,22,1.0,0.0667,1.0,1.0,0.006,0
239,22,0.0,1.0,1.0,1.0,0.006,1
249,22,0.0,1.0,1.0,1.0,0.006,1
250,22,0.0526,0.4474,0.6316,1.0,0.006,1
251,22,1.0,0.8571,1.0,1.0,0.006,0
261,22,0.0,1.0,1.0,1.0,0.006,1
262,22,1.0,1.0,1.0,1.0,0.006,1
263,22,1.0,0.5556,1.0,1.0,0.006,0
272,22,1.0,0.0,1.0,1.0,0.006,0
273,22,1.0,0.25,1.0,1.0,0.006,0
274,22,0.25,0.1618,1.0,1.0,0.006,1
275,22,1.0,0.0,1.0,1.0,0.006,0
285,22,1.0,0.5385,1.0,1.0,0.006,0
286,22,1.0,0.0,1.0,1.0,0.006,0
296,22,1.0,1.0,1.0,1.0,0.006,1
297,22,1.0,0.0,1.0,1.0,0.006,0
298,22,1.0,0.0,1.0,1.0,0.006,0
1,23,0.0,1.0,1.0,1.0,0.0012,1
3,23,1.0,0.0,1.0,1.0,0.0012,1
4,23,1.0,1.0,0.4444,1.0,0.0012,1
5,23,0.0,1.0,1.0,1.0,0.0012,1
6,23,1.0,0.0,1.0,1.0,0.0012,0
9,23,1.0,0.0,1.0,1.0,0.0012,1
12,23,0.0,1.0,1.0,1.0,0.0012,1
14,23,1.0,0.0,1.0,1.0,0.0012,0
23,23,1.0,0.0,1.0,1.0,0.0012,0
27,23,0.0,1.0,1.0,1.0,0.0012,1
30,23,0.3333,0.6667,1.0,1.0,0.0012,1
34,23,0.0,1.0,1.0,1.0,0.0012,1
38,23,0.0,1.0,1.0,1.0,0.0012,1
41,23,0.0,1.0,1.0,1.0,0.0012,1
42,23,0.0,1.0,1.0,1.0,0.0012,1
45,23,1.0,0.0,0.2,1.0,0.0012,0
52,23,1.0,0.0,1.0,1.0,0.0012,0
56,23,1.0,0.1905,1.0,1.0,0.0012,0
57,23,1.0,0.0,1.0,1.0,0.0012,0
64,23,1.0,0.0,1.0,1.0,0.0012,0
67,23,0.0,1.0,1.0,1.0,0.0012,1
71,23,1.0,0.0,1.0,1.0,0.0012,0
75,23,0.0,1.0,1.0,1.0,0.0012,1
77,23,1.0,1.0,1.0,1.0,0.0012,1
78,23,1.0,0.3333,1.0,1.0,0.0012,0
79,23,1.0,0.0,1.0,1.0,0.0012,0
84,23,1.0,0.6667,1.0,1.0,0.0012,1
86,23,1.0,0.0,0.7647,1.0,0.0012,0
101,23,1.0,0.0,0.2,1.0,0.0012,0
106,23,1.0,0.0,1.0,1.0,0.0012,1
108,23,0.0,1.0,1.0,1.0,0.0012,1
110,23,1.0,0.0,1.0,1.0,0.0012,1
111,23,0.0,1.0,1.0,1.0,0.0012,1
112,23,1.0,0.0,1.0,1.0,0.0012,0
118,23,0.0,1.0,1.0,1.0,0.0012,1
122,23,1.0,0.3333,1.0,1.0,0.0012,1
123,23,1.0,0.6,1.0,1.0,0.0012,0
132,23,1.0,0.0,1.0,1.0,0.0012,1
134,23,0.0,1.0,1.0,1.0,0.0012,1
141,23,1.0,0.6667,1.0,1.0,0.0012,0
142,23,1.0,0.0,1.0,1.0,0.0012,0
143,23,1.0,0.0,1.0,1.0,0.0012,0
147,23,0.875,0.0813,0.625,1.0,0.0012,0
152,23,0.0,1.0,1.0,1.0,0.0012,1
154,23,1.0,0.0,1.0,1.0,0.0012,1
155,23,1.0,0.0,1.0,1.0,0.0012,0
161,23,1.0,0.0,1.0,1.0,0.0012,1
177,23,1.0,0.0667,0.8,1.0,0.0012,0
180,23,1.0,0.0,1.0,1.0,0.0012,1
188,23,0.0,1.0,1.0,1.0,0.0012,1
190,23,1.0,0.1,1.0,1.0,0.0012,0
193,23,1.0,0.0,1.0,1.0,0.0012,1
194,23,1.0,0.875,1.0,1.0,0.0012,0
197,23,0.0,1.0,1.0,1.0,0.0012,1
236,23,0.5,0.5,1.0,1.0,0.0012,1
237,23,1.0,0.8889,1.0,1.0,0.0012,0
238,23,1.0,0.5333,1.0,1.0,0.0012,0
239,23,1.0,0.0,1.0,1.0,0.0012,0
240,23,1.0,0.0,1.0,1.0,0.0012,0
250,23,0.5,0.3333,1.0,1.0,0.0012,1
251,23,1.0,0.0,1.0,1.0,0.0012,0
258,23,1.0,0.0,1.0,1.0,0.0012,0
260,23,0.0,1.0,1.0,1.0,0.0012,1
261,23,1.0,0.125,1.0,1.0,0.0012,0
262,23,1.0,1.0,1.0,1.0,0.0012,1
295,23,1.0,0.0,0.6,1.0,0.0012,0
296,23,1.0,0.0,0.5714,1.0,0.0012,1
306,23,1.0,0.0,1.0,1.0,0.0012,0
307,23,1.0,0.0,0.96,1.0,0.0012,0
1,24,0.0,1.0,0.6,1.0,0.0056,1
2,24,1.0,0.0,1.0,1.0,0.0056,1
3,24,1.0,0.25,1.0,1.0,0.0056,1
5,24,0.0,1.0,1.0,1.0,0.0056,1
6,24,1.0,0.34615,1.0,1.0,0.0056,0
12,24,0.0,1.0,0.67645,1.0,0.0056,1
23,24,1.0,0.875,1.0,1.0,0.0056,0
27,24,0.0,1.0,1.0,1.0,0.0056,1
30,24,0.0,1.0,1.0,1.0,0.0056,1
31,24,1.0,1.0,1.0,1.0,0.0056,1
38,24,1.0,0.0,1.0,1.0,0.0056,0
41,24,0.0,1.0,1.0,1.0,0.0056,1
42,24,0.0,1.0,1.0,1.0,0.0056,1
51,24,1.0,0.7143,1.0,1.0,0.0056,0
57,24,1.0,0.0769,0.8125,1.0,0.0056,0
62,24,1.0,0.1778,1.0,1.0,0.0056,0
64,24,1.0,0.0,1.0,1.0,0.0056,0
73,24,1.0,0.0,1.0,1.0,0.0056,0
75,24,1.0,0.0,1.0,1.0,0.0056,0
79,24,1.0,0.0,1.0,1.0,0.0056,0
84,24,1.0,0.5556,0.5294,1.0,0.0056,1
94,24,1.0,0.0,1.0,1.0,0.0056,0
108,24,0.0,1.0,1.0,1.0,0.0056,0
110,24,1.0,0.0,1.0,1.0,0.0056,1
111,24,0.0,1.0,1.0,1.0,0.0056,1
112,24,1.0,0.0,1.0,1.0,0.0056,0
118,24,0.0,1.0,1.0,1.0,0.0056,1
121,24,1.0,0.0,1.0,1.0,0.0056,0
122,24,1.0,1.0,1.0,1.0,0.0056,1
123,24,1.0,0.75,1.0,1.0,0.0056,0
132,24,1.0,0.0,1.0,1.0,0.0056,1
134,24,1.0,0.0,1.0,1.0,0.0056,0
139,24,1.0,0.1111,0.75,1.0,0.0056,0
143,24,0.0,1.0,1.0,1.0,0.0056,1
152,24,0.0,1.0,1.0,1.0,0.0056,1
154,24,1.0,0.0,1.0,1.0,0.0056,1
171,24,1.0,0.0,1.0,1.0,0.0056,0
180,24,1.0,0.0,1.0,1.0,0.0056,1
184,24,1.0,0.3,1.0,1.0,0.0056,0
188,24,0.0,1.0,1.0,1.0,0.0056,1
193,24,1.0,0.2667,1.0,1.0,0.0056,1
196,24,1.0,0.8333,1.0,1.0,0.0056,0
198,24,1.0,0.0,1.0,1.0,0.0056,0
236,24,0.0,1.0,1.0,1.0,0.0056,1
237,24,1.0,0.0,1.0,1.0,0.0056,0
238,24,1.0,0.0,1.0,1.0,0.0056,0
239,24,1.0,0.0,1.0,1.0,0.0056,0
240,24,1.0,0.0,1.0,1.0,0.0056,0
250,24,1.0,0.0,1.0,1.0,0.0056,0
251,24,0.0,1.0,1.0,1.0,0.0056,1
261,24,0.0,1.0,1.0,1.0,0.0056,1
262,24,1.0,0.9091,0.9167,1.0,0.0056,1
272,24,1.0,0.1667,1.0,1.0,0.0056,0
273,24,1.0,0.1071,1.0,1.0,0.0056,0
274,24,0.0,1.0,1.0,1.0,0.0056,1
1,25,0.0,1.0,1.0,1.0,0.004,1
2,25,1.0,0.0,1.0,1.0,0.004,1
3,25,1.0,0.0,1.0,1.0,0.004,1
5,25,0.0,1.0,1.0,1.0,0.004,1
6,25,0.0,1.0,1.0,1.0,0.004,1
12,25,0.0,1.0,1.0,1.0,0.004,1
27,25,0.5,0.5,1.0,1.0,0.004,1
30,25,0.0,1.0,0.75,1.0,0.004,1
38,25,1.0,0.0,1.0,1.0,0.004,0
41,25,0.0,1.0,1.0,1.0,0.004,1
42,25,0.0,1.0,1.0,1.0,0.004,1
45,25,1.0,0.15,1.0,1.0,0.004,0
52,25,1.0,0.101,1.0,1.0,0.004,0
57,25,1.0,0.0926,1.0,1.0,0.004,0
62,25,1.0,0.0,1.0,1.0,0.004,0
64,25,0.8889,0.1368,1.0,1.0,0.004,0
66,25,1.0,1.0,1.0,1.0,0.004,1
67,25,1.0,0.0,1.0,1.0,0.004,0
75,25,0.0,1.0,1.0,1.0,0.004,1
79,25,1.0,0.08035,1.0,1.0,0.004,0
84,25,1.0,0.4,1.0,1.0,0.004,1
91,25,1.0,0.0,1.0,1.0,0.004,1
92,25,1.0,0.2917,1.0,1.0,0.004,0
94,25,1.0,0.5455,1.0,1.0,0.004,0
101,25,1.0,0.4183,1.0,1.0,0.004,0
110,25,1.0,0.0,1.0,1.0,0.004,1
111,25,1.0,0.0667,1.0,1.0,0.004,0
112,25,1.0,0.3333,1.0,1.0,0.004,0
113,25,0.0,1.0,1.0,1.0,0.004,1
118,25,0.0,1.0,1.0,1.0,0.004,1
122,25,1.0,1.0,1.0,1.0,0.004,1
123,25,0.0,1.0,1.0,1.0,0.004,1
132,25,1.0,0.0,1.0,1.0,0.004,1
139,25,1.0,0.0667,1.0,1.0,0.004,0
143,25,1.0,0.0,1.0,1.0,0.004,1
150,25,1.0,0.0,1.0,1.0,0.004,0
152,25,0.0,1.0,1.0,1.0,0.004,1
154,25,1.0,0.0,1.0,1.0,0.004,1
155,25,1.0,0.0,1.0,1.0,0.004,0
159,25,1.0,0.0,1.0,1.0,0.004,0
161,25,1.0,0.0,1.0,1.0,0.004,1
168,25,1.0,1.0,1.0,1.0,0.004,1
171,25,1.0,0.1961,1.0,1.0,0.004,0
176,25,0.0,1.0,1.0,1.0,0.004,1
180,25,1.0,0.3,1.0,1.0,0.004,1
188,25,1.0,0.0,1.0,1.0,0.004,0
193,25,1.0,0.0,1.0,1.0,0.004,1
197,25,0.0,1.0,1.0,1.0,0.004,1
198,25,1.0,0.6,1.0,1.0,0.004,0
239,25,0.0,1.0,1.0,1.0,0.004,1
240,25,0.0,1.0,1.0,1.0,0.004,1
249,25,0.0,1.0,1.0,1.0,0.004,1
250,25,0.0,1.0,1.0,1.0,0.004,1
251,25,1.0,0.0,1.0,1.0,0.004,0
260,25,1.0,0.3333,1.0,1.0,0.004,0
261,25,1.0,0.0889,1.0,1.0,0.004,0
271,25,1.0,0.6667,1.0,1.0,0.004,0
272,25,1.0,0.4286,1.0,1.0,0.004,0
274,25,0.0,1.0,1.0,1.0,0.004,1
296,25,1.0,0.5333,1.0,1.0,0.004,1
1,26,1.0,0.0,0.75,1.0,0.0108,0
2,26,1.0,0.0,1.0,1.0,0.0108,1
4,26,1.0,0.0,0.75,1.0,0.0108,1
6,26,0.0,1.0,0.9167,1.0,0.0108,1
8,26,1.0,0.0463,0.75,1.0,0.0108,0
12,26,0.0,1.0,1.0,1.0,0.0108,1
27,26,0.0,1.0,1.0,1.0,0.0108,1
30,26,1.0,0.3571,1.0,1.0,0.0108,0
31,26,1.0,1.0,1.0,1.0,0.0108,1
38,26,1.0,0.0,1.0,1.0,0.0108,0
39,26,1.0,0.0,1.0,1.0,0.0108,0
41,26,0.0,1.0,1.0,1.0,0.0108,1
42,26,1.0,0.0,1.0,1.0,0.0108,0
45,26,1.0,0.1237,0.6522,1.0,0.0108,0
57,26,1.0,0.0,1.0,1.0,0.0108,0
66,26,1.0,1.0,1.0,1.0,0.0108,1
67,26,0.0,1.0,1.0,1.0,0.0108,1
73,26,1.0,0.0,1.0,1.0,0.0108,0
75,26,0.0,1.0,1.0,1.0,0.0108,1
90,26,1.0,0.0,1.0,1.0,0.0108,0
91,26,1.0,0.0,1.0,1.0,0.0108,1
92,26,1.0,0.0646,0.7333,1.0,0.0108,0
94,26,1.0,0.0,1.0,1.0,0.0108,0
101,26,1.0,0.3,1.0,1.0,0.0108,0
110,26,1.0,0.0,1.0,1.0,0.0108,1
111,26,0.0,1.0,1.0,1.0,0.0108,1
112,26,1.0,0.0,1.0,1.0,0.0108,0
118,26,1.0,0.0,1.0,1.0,0.0108,0
121,26,1.0,0.3333,1.0,1.0,0.0108,0
122,26,1.0,1.0,1.0,1.0,0.0108,1
123,26,1.0,0.0,0.8,1.0,0.0108,0
127,26,0.0,1.0,1.0,1.0,0.0108,1
132,26,1.0,0.0,1.0,1.0,0.0108,1
133,26,1.0,0.6,0.7143,1.0,0.0108,1
139,26,1.0,0.0,1.0,1.0,0.0108,0
143,26,0.0,1.0,1.0,1.0,0.0108,1
152,26,0.0,1.0,1.0,1.0,0.0108,1
154,26,1.0,0.0,1.0,1.0,0.0108,1
158,26,1.0,0.0,1.0,1.0,0.0108,0
160,26,1.0,0.15,0.625,1.0,0.0108,0
168,26,1.0,1.0,1.0,1.0,0.0108,1
171,26,1.0,0.0397,1.0,1.0,0.0108,0
176,26,0.0,1.0,0.7692,1.0,0.0108,1
179,26,1.0,0.0,1.0,1.0,0.0108,0
186,26,1.0,0.75,1.0,1.0,0.0108,0
188,26,1.0,0.0,1.0,1.0,0.0108,0
193,26,1.0,0.375,1.0,1.0,0.0108,1
198,26,0.0,1.0,1.0,1.0,0.0108,1
239,26,1.0,0.0,1.0,1.0,0.0108,0
240,26,0.0,1.0,1.0,1.0,0.0108,1
250,26,0.0,1.0,1.0,1.0,0.0108,1
251,26,1.0,0.0,1.0,1.0,0.0108,0
261,26,0.0,1.0,1.0,1.0,0.0108,1
272,26,1.0,0.0,1.0,1.0,0.0108,0
273,26,1.0,0.625,1.0,1.0,0.0108,0
283,26,1.0,0.0,1.0,1.0,0.0108,0
284,26,1.0,0.102,1.0,1.0,0.0108,0
285,26,1.0,0.0,1.0,1.0,0.0108,0
286,26,1.0,0.0,1.0,1.0,0.0108,0
295,26,1.0,0.0,1.0,1.0,0.0108,0
1,27,1.0,0.0,1.0,1.0,0.0048,0
3,27,1.0,0.0833,1.0,1.0,0.0048,1
6,27,1.0,0.0,1.0,1.0,0.0048,0
9,27,1.0,0.0,0.4444,1.0,0.0048,1
12,27,0.0,1.0,1.0,1.0,0.0048,1
13,27,1.0,0.0,0.3333,1.0,0.0048,0
27,27,0.0,1.0,0.75,1.0,0.0048,1
30,27,1.0,0.125,1.0,1.0,0.0048,0
38,27,1.0,0.0,1.0,1.0,0.0048,0
39,27,1.0,0.0,1.0,1.0,0.0048,0
41,27,0.0,1.0,1.0,1.0,0.0048,1
42,27,1.0,0.0,1.0,1.0,0.0048,0
45,27,1.0,0.0,1.0,1.0,0.0048,0
51,27,1.0,0.7143,1.0,1.0,0.0048,0
63,27,0.0,1.0,1.0,1.0,0.0048,1
66,27,1.0,0.0,1.0,1.0,0.0048,1
67,27,1.0,0.0,1.0,1.0,0.0048,0
75,27,1.0,0.0,1.0,1.0,0.0048,0
84,27,1.0,1.0,0.2,1.0,0.0048,1
94,27,1.0,0.0,1.0,1.0,0.0048,0
101,27,1.0,0.0,1.0,1.0,0.0048,0
106,27,1.0,0.0,1.0,1.0,0.0048,1
108,27,1.0,0.3,1.0,1.0,0.0048,0
110,27,1.0,0.0,1.0,1.0,0.0048,1
111,27,1.0,0.0,1.0,1.0,0.0048,0
112,27,1.0,0.375,1.0,1.0,0.0048,0
118,27,1.0,0.0,1.0,1.0,0.0048,0
122,27,1.0,1.0,1.0,1.0,0.0048,1
123,27,1.0,0.3,1.0,1.0,0.0048,0
130,27,1.0,0.13335,1.0,1.0,0.0048,0
132,27,1.0,0.0,1.0,1.0,0.0048,1
134,27,1.0,0.4,1.0,1.0,0.0048,0
143,27,1.0,0.0,1.0,1.0,0.0048,0
144,27,1.0,0.6667,0.375,1.0,0.0048,1
147,27,1.0,0.0,0.2857,1.0,0.0048,0
152,27,0.0,1.0,1.0,1.0,0.0048,1
155,27,1.0,0.0,1.0,1.0,0.0048,0
159,27,1.0,0.25,1.0,1.0,0.0048,0
161,27,1.0,0.0,1.0,1.0,0.0048,1
171,27,1.0,0.0556,0.75,1.0,0.0048,0
176,27,0.0,1.0,0.3333,1.0,0.0048,1
180,27,1.0,0.2222,1.0,1.0,0.0048,1
188,27,1.0,0.0,1.0,1.0,0.0048,0
193,27,1.0,0.72115,1.0,1.0,0.0048,1
194,27,1.0,0.0,1.0,1.0,0.0048,0
196,27,1.0,0.25,1.0,1.0,0.0048,0
197,27,0.0,1.0,1.0,1.0,0.0048,1
198,27,1.0,0.41665,1.0,1.0,0.0048,0
239,27,1.0,0.0,1.0,1.0,0.0048,0
240,27,1.0,0.0,1.0,1.0,0.0048,0
249,27,0.0,1.0,1.0,1.0,0.0048,1
250,27,1.0,0.3421,1.0,1.0,0.0048,0
251,27,1.0,0.3889,1.0,1.0,0.0048,0
259,27,1.0,0.6,1.0,1.0,0.0048,0
260,27,1.0,0.1071,1.0,1.0,0.0048,0
261,27,1.0,0.0694,1.0,1.0,0.0048,0
262,27,1.0,0.0,0.9524,1.0,0.0048,1
263,27,1.0,0.6667,1.0,1.0,0.0048,0
273,27,1.0,0.0133,0.9524,1.0,0.0048,0
274,27,0.0,1.0,1.0,1.0,0.0048,1
284,27,1.0,0.0,1.0,1.0,0.0048,0
295,27,1.0,0.1,0.6,1.0,0.0048,0
296,27,1.0,0.0,1.0,1.0,0.0048,1
307,27,1.0,0.0,0.1429,1.0,0.0048,0
1,28,1.0,0.0,1.0,1.0,0.0032,0
2,28,1.0,0.0,1.0,1.0,0.0032,1
3,28,1.0,0.0889,1.0,1.0,0.0032,1
5,28,0.1429,0.3571,0.5714,1.0,0.0032,1
6,28,1.0,0.0,1.0,1.0,0.0032,0
9,28,1.0,0.0,1.0,1.0,0.0032,1
11,28,1.0,1.0,1.0,1.0,0.0032,1
12,28,0.0,1.0,0.6667,1.0,0.0032,1
13,28,1.0,0.0,1.0,1.0,0.0032,0
27,28,0.0,1.0,0.6,1.0,0.0032,1
29,28,1.0,0.75,1.0,1.0,0.0032,0
30,28,1.0,0.5385,1.0,1.0,0.0032,0
31,28,1.0,0.0,1.0,1.0,0.0032,1
38,28,1.0,0.0,1.0,1.0,0.0032,0
41,28,0.0,1.0,1.0,1.0,0.0032,1
42,28,1.0,0.0,1.0,1.0,0.0032,0
45,28,1.0,0.3571,1.0,1.0,0.0032,0
46,28,1.0,0.0,1.0,1.0,0.0032,0
57,28,1.0,0.1261,0.4118,1.0,0.0032,0
62,28,1.0,0.0,1.0,1.0,0.0032,0
64,28,1.0,0.0,1.0,1.0,0.0032,0
66,28,1.0,1.0,1.0,1.0,0.0032,1
67,28,1.0,0.0,1.0,1.0,0.0032,0
73,28,1.0,0.0,1.0,1.0,0.0032,0
75,28,1.0,0.0,1.0,1.0,0.0032,0
79,28,1.0,0.0,1.0,1.0,0.0032,0
83,28,1.0,0.0,1.0,1.0,0.0032,1
86,28,1.0,0.0,1.0,1.0,0.0032,0
91,28,1.0,0.1667,1.0,1.0,0.0032,1
94,28,1.0,0.0,1.0,1.0,0.0032,0
98,28,1.0,0.0,1.0,1.0,0.0032,0
101,28,1.0,0.0,1.0,1.0,0.0032,0
106,28,1.0,1.0,1.0,1.0,0.0032,1
110,28,1.0,0.0,1.0,1.0,0.0032,1
111,28,1.0,0.0,1.0,1.0,0.0032,0
112,28,1.0,0.0,1.0,1.0,0.0032,0
118,28,1.0,0.0,1.0,1.0,0.0032,0
122,28,1.0,1.0,1.0,1.0,0.0032,1
123,28,1.0,0.3,1.0,1.0,0.0032,0
126,28,1.0,0.0667,0.8333,1.0,0.0032,0
127,28,0.0,1.0,1.0,1.0,0.0032,1
130,28,1.0,0.0,0.3333,1.0,0.0032,0
132,28,1.0,0.0,1.0,1.0,0.0032,1
134,28,1.0,0.9,1.0,1.0,0.0032,0
139,28,1.0,0.0,1.0,1.0,0.0032,0
140,28,1.0,0.0,1.0,1.0,0.0032,0
143,28,1.0,0.0,1.0,1.0,0.0032,0
144,28,1.0,1.0,1.0,1.0,0.0032,1
152,28,0.0,1.0,0.6364,1.0,0.0032,1
154,28,1.0,0.0,1.0,1.0,0.0032,1
155,28,1.0,0.0,1.0,1.0,0.0032,0
158,28,1.0,0.0,1.0,1.0,0.0032,0
161,28,1.0,0.0,1.0,1.0,0.0032,1
166,28,1.0,0.0,1.0,1.0,0.0032,1
171,28,1.0,0.0889,0.6,1.0,0.0032,0
179,28,1.0,0.0,1.0,1.0,0.0032,0
180,28,1.0,0.0,1.0,1.0,0.0032,1
184,28,1.0,0.0,1.0,1.0,0.0032,0
188,28,1.0,0.0,1.0,1.0,0.0032,0
193,28,1.0,0.8333,1.0,1.0,0.0032,1
194,28,1.0,0.8889,1.0,1.0,0.0032,0
196,28,1.0,0.0,1.0,1.0,0.0032,0
197,28,0.0,1.0,1.0,1.0,0.0032,1
198,28,1.0,0.75,1.0,1.0,0.0032,0
239,28,1.0,0.0,1.0,1.0,0.0032,0
240,28,1.0,0.0,1.0,1.0,0.0032,0
250,28,1.0,0.7083,1.0,1.0,0.0032,0
251,28,1.0,0.5833,1.0,1.0,0.0032,0
260,28,1.0,0.0,1.0,1.0,0.0032,0
261,28,1.0,0.0667,1.0,1.0,0.0032,0
272,28,1.0,0.0,0.6667,1.0,0.0032,0
273,28,1.0,0.1895,0.5263,1.0,0.0032,0
283,28,1.0,0.0,1.0,1.0,0.0032,0
284,28,1.0,0.0,1.0,1.0,0.0032,0
293,28,1.0,0.0,1.0,1.0,0.0032,0
294,28,1.0,0.0,1.0,1.0,0.0032,0
295,28,1.0,0.0,1.0,1.0,0.0032,0
